[{"id":69644,"url":"https:\/\/transcribe.newberry.org\/api\/files\/69644","file_urls":{"original":"https:\/\/transcribe.newberry.org\/files\/original\/d9bbd5bf723000d88fb4708d7989eb98.jpg","fullsize":"https:\/\/transcribe.newberry.org\/files\/fullsize\/d9bbd5bf723000d88fb4708d7989eb98.jpg","thumbnail":"https:\/\/transcribe.newberry.org\/files\/thumbnails\/d9bbd5bf723000d88fb4708d7989eb98.jpg","square_thumbnail":"https:\/\/transcribe.newberry.org\/files\/square_thumbnails\/d9bbd5bf723000d88fb4708d7989eb98.jpg"},"added":"2018-03-29T17:45:35+00:00","modified":"2020-01-29T22:09:18+00:00","filename":"d9bbd5bf723000d88fb4708d7989eb98.jpg","authentication":"e06cc946586f0ac195061de02fe559f7","has_derivative_image":true,"mime_type":"image\/jpeg","order":null,"original_filename":"Ayer_MS_3067_00001_o2.jpg","size":1376774,"stored":true,"type_os":"JPEG image data, JFIF standard 1.01","metadata":{"mime_type":"image\/jpeg","video":{"dataformat":"jpg","lossless":false,"bits_per_sample":24,"pixel_aspect_ratio":1,"resolution_x":2874,"resolution_y":3600,"compression_ratio":0.044355975669476001288504818376168259419500827789306640625},"comments":{"IPTCEnvelope":{"CodedCharacterSet":["\u001b%G"]},"IPTCApplication":{"ApplicationRecordVersion":["\u0004"],"DateCreated":["20120517"],"TimeCreated":["122751+0000"],"DigitalCreationDate":["20120517"],"By-line":["Luna Imaging"]}},"comments_html":{"IPTCEnvelope":{"CodedCharacterSet":["\u001b%G"]},"IPTCApplication":{"ApplicationRecordVersion":["\u0004"],"DateCreated":["20120517"],"TimeCreated":["122751+0000"],"DigitalCreationDate":["20120517"],"By-line":["Luna Imaging"]}},"iptc":{"comments":{"IPTCEnvelope":{"CodedCharacterSet":["\u001b%G"]},"IPTCApplication":{"ApplicationRecordVersion":["\u0000\u0004"],"DateCreated":["20120517"],"TimeCreated":["122751+0000"],"DigitalCreationDate":["20120517"],"By-line":["Luna Imaging"]}},"encoding":"ISO-8859-1"},"jpg":{"exif":{"FILE":{"FileName":"d9bbd5bf723000d88fb4708d7989eb98.jpg","FileDateTime":1522345535,"FileSize":1376774,"FileType":2,"MimeType":"image\/jpeg","SectionsFound":"ANY_TAG, IFD0, EXIF"},"COMPUTED":{"html":"width=\"2874\" height=\"3600\"","Height":3600,"Width":2874,"IsColor":1,"ByteOrderMotorola":0,"CCDWidth":"15mm","ApertureFNumber":"f\/7.1"},"IFD0":{"Make":"Canon","Model":"Canon EOS-1Ds Mark III","Software":"Adobe Photoshop CS5 Macintosh","DateTime":"2012:05:29 09:33:28","Artist":"Luna Imaging","Exif_IFD_Pointer":180},"EXIF":{"ExposureTime":0.0166666666666669995022775907500545145012438297271728515625,"FNumber":7.0999999999999996447286321199499070644378662109375,"ExposureProgram":1,"ISOSpeedRatings":200,"ExifVersion":230,"DateTimeOriginal":"2012:05:17 12:27:51","DateTimeDigitized":"2012:05:17 12:27:51","ShutterSpeedValue":5.9068909999999998916564436512999236583709716796875,"ApertureValue":5.655637999999999721012500231154263019561767578125,"ExposureBiasValue":0,"MaxApertureValue":2.625,"MeteringMode":5,"Flash":0,"FocalLength":50,"SubSecTimeOriginal":0,"SubSecTimeDigitized":0,"ColorSpace":65535,"ExifImageWidth":2409,"ExifImageLength":3017,"FocalPlaneXResolution":3957.71670190270015154965221881866455078125,"FocalPlaneYResolution":3961.90476190480012519401498138904571533203125,"FocalPlaneResolutionUnit":2,"CustomRendered":0,"ExposureMode":1,"WhiteBalance":1,"SceneCaptureType":0,"UndefinedTag:0xA430":"Luna Imaging","UndefinedTag:0xA431":620549,"UndefinedTag:0xA432":["50\/1","50\/1","0\/0","0\/0"],"UndefinedTag:0xA434":"EF50mm f\/2.5 Compact Macro"}}}},"item":{"id":1045,"url":"https:\/\/transcribe.newberry.org\/api\/items\/1045","resource":"items"},"element_texts":[{"html":false,"text":"Completed","element_set":{"id":4,"url":"https:\/\/transcribe.newberry.org\/api\/element_sets\/4","name":"Scripto","resource":"element_sets"},"element":{"id":53,"url":"https:\/\/transcribe.newberry.org\/api\/elements\/53","name":"Status","resource":"elements"}},{"html":false,"text":"[along right side of page] Colonel Ewings C. L. suggest 16 Mar 1846 (A)     \nConfidential suggestions as to how the Treaty with the Pottawotamies may be made viz:              March 1846\nSent Maj'r. Andrews & one or two other persons with him as Commissioners or send him alone if you think best.  Sent him because he knows exactly what was agreed on here last fall, & because [underline] the Indians asked him to go & to take with him that paper (meaning the written proposal)\n\n    Send up when you please, say in June, July or August.  The best time would be when the payment was ready to be made, that would be the proper time, & would salve expenses to the U. S.  Let Maj'r. Andrews take up with him some troops from Fort Leavenworth, say 20 to 30 mounted men, to keep order, Keep whiskey dealers, mischief makers & loafers out of the Indian Country.   The U. S. Flag should be exhibited & Maj'r. Andrews should appear among them in his uniform, so as to  command respect and make the proper impression.  I have seen much of these Indian negotiations, & this would be my plan\n    Let your Instructions be as broad & liberal as you can so as to cover entirely the proposition.\n    Leave the Nation fully at liberty to set apart and provide money out of their $850, 000, to pay their debts.  Let them have upon the ratification of the Treaty, say 80 to $100.000 - for this object. It might be put in the Treaty \"payable to the principal chiefs, or to some person as Trustee, for the purpose of enabling the nation to settle their affairs \"and with this the nation can pay their debts.-\n    Let the Treaty provide for perfecting their Titles to those former\n                     \n                                                                             [in pencil]  *box Ayer MS 3067","element_set":{"id":4,"url":"https:\/\/transcribe.newberry.org\/api\/element_sets\/4","name":"Scripto","resource":"element_sets"},"element":{"id":52,"url":"https:\/\/transcribe.newberry.org\/api\/elements\/52","name":"Transcription","resource":"elements"}}],"extended_resources":[]},{"id":69645,"url":"https:\/\/transcribe.newberry.org\/api\/files\/69645","file_urls":{"original":"https:\/\/transcribe.newberry.org\/files\/original\/24cbc4c8521858e7374c016f9c4224b9.jpg","fullsize":"https:\/\/transcribe.newberry.org\/files\/fullsize\/24cbc4c8521858e7374c016f9c4224b9.jpg","thumbnail":"https:\/\/transcribe.newberry.org\/files\/thumbnails\/24cbc4c8521858e7374c016f9c4224b9.jpg","square_thumbnail":"https:\/\/transcribe.newberry.org\/files\/square_thumbnails\/24cbc4c8521858e7374c016f9c4224b9.jpg"},"added":"2018-03-29T17:45:36+00:00","modified":"2020-01-29T22:09:18+00:00","filename":"24cbc4c8521858e7374c016f9c4224b9.jpg","authentication":"a959614cf868235b41dc42b12e26e2bd","has_derivative_image":true,"mime_type":"image\/jpeg","order":null,"original_filename":"Ayer_MS_3067_00002_o2.jpg","size":1365782,"stored":true,"type_os":"JPEG image data, JFIF standard 1.01","metadata":{"mime_type":"image\/jpeg","video":{"dataformat":"jpg","lossless":false,"bits_per_sample":24,"pixel_aspect_ratio":1,"resolution_x":2856,"resolution_y":3600,"compression_ratio":0.044279165369851998523831326792787876911461353302001953125},"comments":{"IPTCEnvelope":{"CodedCharacterSet":["\u001b%G"]},"IPTCApplication":{"ApplicationRecordVersion":["\u0004"],"DateCreated":["20120517"],"TimeCreated":["122809+0000"],"DigitalCreationDate":["20120517"],"By-line":["Luna Imaging"]}},"comments_html":{"IPTCEnvelope":{"CodedCharacterSet":["\u001b%G"]},"IPTCApplication":{"ApplicationRecordVersion":["\u0004"],"DateCreated":["20120517"],"TimeCreated":["122809+0000"],"DigitalCreationDate":["20120517"],"By-line":["Luna Imaging"]}},"iptc":{"comments":{"IPTCEnvelope":{"CodedCharacterSet":["\u001b%G"]},"IPTCApplication":{"ApplicationRecordVersion":["\u0000\u0004"],"DateCreated":["20120517"],"TimeCreated":["122809+0000"],"DigitalCreationDate":["20120517"],"By-line":["Luna Imaging"]}},"encoding":"ISO-8859-1"},"jpg":{"exif":{"FILE":{"FileName":"24cbc4c8521858e7374c016f9c4224b9.jpg","FileDateTime":1522345535,"FileSize":1365782,"FileType":2,"MimeType":"image\/jpeg","SectionsFound":"ANY_TAG, IFD0, EXIF"},"COMPUTED":{"html":"width=\"2856\" height=\"3600\"","Height":3600,"Width":2856,"IsColor":1,"ByteOrderMotorola":0,"CCDWidth":"15mm","ApertureFNumber":"f\/7.1"},"IFD0":{"Make":"Canon","Model":"Canon EOS-1Ds Mark III","Software":"Adobe Photoshop CS5 Macintosh","DateTime":"2012:05:29 09:33:28","Artist":"Luna Imaging","Exif_IFD_Pointer":180},"EXIF":{"ExposureTime":0.0166666666666669995022775907500545145012438297271728515625,"FNumber":7.0999999999999996447286321199499070644378662109375,"ExposureProgram":1,"ISOSpeedRatings":200,"ExifVersion":230,"DateTimeOriginal":"2012:05:17 12:28:09","DateTimeDigitized":"2012:05:17 12:28:09","ShutterSpeedValue":5.9068909999999998916564436512999236583709716796875,"ApertureValue":5.655637999999999721012500231154263019561767578125,"ExposureBiasValue":0,"MaxApertureValue":2.625,"MeteringMode":5,"Flash":0,"FocalLength":50,"SubSecTimeOriginal":70,"SubSecTimeDigitized":70,"ColorSpace":65535,"ExifImageWidth":2394,"ExifImageLength":3017,"FocalPlaneXResolution":3957.71670190270015154965221881866455078125,"FocalPlaneYResolution":3961.90476190480012519401498138904571533203125,"FocalPlaneResolutionUnit":2,"CustomRendered":0,"ExposureMode":1,"WhiteBalance":1,"SceneCaptureType":0,"UndefinedTag:0xA430":"Luna Imaging","UndefinedTag:0xA431":620549,"UndefinedTag:0xA432":["50\/1","50\/1","0\/0","0\/0"],"UndefinedTag:0xA434":"EF50mm f\/2.5 Compact Macro"}}}},"item":{"id":1045,"url":"https:\/\/transcribe.newberry.org\/api\/items\/1045","resource":"items"},"element_texts":[{"html":false,"text":"Completed","element_set":{"id":4,"url":"https:\/\/transcribe.newberry.org\/api\/element_sets\/4","name":"Scripto","resource":"element_sets"},"element":{"id":53,"url":"https:\/\/transcribe.newberry.org\/api\/elements\/53","name":"Status","resource":"elements"}},{"html":false,"text":"reserves as prayed for by the Indians and as recommended by major Harvey\n\n      To this & to their paying their own debts out of their own money I find every Senator with whom I have spoken are favorably disposed and this they will consent to, if  they even do not modify the resolution.\n       With these latitudes, & by obviating these restrictions I think the Treaty can be made, but not without [underline] them, in my humble opinion, I do not think I am mistaken in this.  Send along Maps shewing the Kanzas lands you have bot, and that they can have their 585, 000 acres (more or less) as they may wish, on both sides of the Kanzas river, West of & adjoining the Shawnees & Delawares.  State what it will cost them, the amt. to be deducted from their $850, 000, and all other things as\n\nset forth in the proposition.\nThe Comrs. should repair first to Council Bluff Councill and Treat with those upper Bands first.  Then come down to the lower Band, and they will concur.  Do not go to the lower Indians first, nor do not assemble the upper & lower Indians together. If you do it will create difficulty and perhaps defeat the treaty.\n\n  Let the Comrs. give the appointment of Secry to the Treaty to Majr. Richd. L. Elliott.  This will bring him in aid of the negociation.  He can, and will be very useful, those Indians & especially so the upper Bands have implicit confidence in him.  Thus organized we can consummate that matter to your liking, I will go & render every assistance in my power - $500 or $1000 - worth of provisions will be required above, and about the same amt. below to be issued whilst","element_set":{"id":4,"url":"https:\/\/transcribe.newberry.org\/api\/element_sets\/4","name":"Scripto","resource":"element_sets"},"element":{"id":52,"url":"https:\/\/transcribe.newberry.org\/api\/elements\/52","name":"Transcription","resource":"elements"}}],"extended_resources":[]},{"id":69646,"url":"https:\/\/transcribe.newberry.org\/api\/files\/69646","file_urls":{"original":"https:\/\/transcribe.newberry.org\/files\/original\/dfd0c11aaea6265b83379d7dc32638d6.jpg","fullsize":"https:\/\/transcribe.newberry.org\/files\/fullsize\/dfd0c11aaea6265b83379d7dc32638d6.jpg","thumbnail":"https:\/\/transcribe.newberry.org\/files\/thumbnails\/dfd0c11aaea6265b83379d7dc32638d6.jpg","square_thumbnail":"https:\/\/transcribe.newberry.org\/files\/square_thumbnails\/dfd0c11aaea6265b83379d7dc32638d6.jpg"},"added":"2018-03-29T17:45:38+00:00","modified":"2020-01-29T22:09:18+00:00","filename":"dfd0c11aaea6265b83379d7dc32638d6.jpg","authentication":"36d354e0b2c1d47190698d7d97dbd0ad","has_derivative_image":true,"mime_type":"image\/jpeg","order":null,"original_filename":"Ayer_MS_3067_00003_o2.jpg","size":1335514,"stored":true,"type_os":"JPEG image data, JFIF standard 1.01","metadata":{"mime_type":"image\/jpeg","video":{"dataformat":"jpg","lossless":false,"bits_per_sample":24,"pixel_aspect_ratio":1,"resolution_x":2838,"resolution_y":3600,"compression_ratio":0.0435724819251950001852691229942138306796550750732421875},"comments":{"IPTCEnvelope":{"CodedCharacterSet":["\u001b%G"]},"IPTCApplication":{"ApplicationRecordVersion":["\u0004"],"DateCreated":["20120517"],"TimeCreated":["122820+0000"],"DigitalCreationDate":["20120517"],"By-line":["Luna Imaging"]}},"comments_html":{"IPTCEnvelope":{"CodedCharacterSet":["\u001b%G"]},"IPTCApplication":{"ApplicationRecordVersion":["\u0004"],"DateCreated":["20120517"],"TimeCreated":["122820+0000"],"DigitalCreationDate":["20120517"],"By-line":["Luna Imaging"]}},"iptc":{"comments":{"IPTCEnvelope":{"CodedCharacterSet":["\u001b%G"]},"IPTCApplication":{"ApplicationRecordVersion":["\u0000\u0004"],"DateCreated":["20120517"],"TimeCreated":["122820+0000"],"DigitalCreationDate":["20120517"],"By-line":["Luna Imaging"]}},"encoding":"ISO-8859-1"},"jpg":{"exif":{"FILE":{"FileName":"dfd0c11aaea6265b83379d7dc32638d6.jpg","FileDateTime":1522345535,"FileSize":1335514,"FileType":2,"MimeType":"image\/jpeg","SectionsFound":"ANY_TAG, IFD0, EXIF"},"COMPUTED":{"html":"width=\"2838\" height=\"3600\"","Height":3600,"Width":2838,"IsColor":1,"ByteOrderMotorola":0,"CCDWidth":"15mm","ApertureFNumber":"f\/7.1"},"IFD0":{"Make":"Canon","Model":"Canon EOS-1Ds Mark III","Software":"Adobe Photoshop CS5 Macintosh","DateTime":"2012:05:29 09:33:29","Artist":"Luna Imaging","Exif_IFD_Pointer":180},"EXIF":{"ExposureTime":0.0166666666666669995022775907500545145012438297271728515625,"FNumber":7.0999999999999996447286321199499070644378662109375,"ExposureProgram":1,"ISOSpeedRatings":200,"ExifVersion":230,"DateTimeOriginal":"2012:05:17 12:28:20","DateTimeDigitized":"2012:05:17 12:28:20","ShutterSpeedValue":5.9068909999999998916564436512999236583709716796875,"ApertureValue":5.655637999999999721012500231154263019561767578125,"ExposureBiasValue":0,"MaxApertureValue":2.625,"MeteringMode":5,"Flash":0,"FocalLength":50,"SubSecTimeOriginal":8,"SubSecTimeDigitized":8,"ColorSpace":65535,"ExifImageWidth":2383,"ExifImageLength":3022,"FocalPlaneXResolution":3957.71670190270015154965221881866455078125,"FocalPlaneYResolution":3961.90476190480012519401498138904571533203125,"FocalPlaneResolutionUnit":2,"CustomRendered":0,"ExposureMode":1,"WhiteBalance":1,"SceneCaptureType":0,"UndefinedTag:0xA430":"Luna Imaging","UndefinedTag:0xA431":620549,"UndefinedTag:0xA432":["50\/1","50\/1","0\/0","0\/0"],"UndefinedTag:0xA434":"EF50mm f\/2.5 Compact Macro"}}}},"item":{"id":1045,"url":"https:\/\/transcribe.newberry.org\/api\/items\/1045","resource":"items"},"element_texts":[{"html":false,"text":"Completed","element_set":{"id":4,"url":"https:\/\/transcribe.newberry.org\/api\/element_sets\/4","name":"Scripto","resource":"element_sets"},"element":{"id":53,"url":"https:\/\/transcribe.newberry.org\/api\/elements\/53","name":"Status","resource":"elements"}},{"html":false,"text":"the Indians are counselling.  It will occupy ten to 15 days above & a week at the Osage river Agency.  If the Hon. Comrs. Indn. Affairs will excuse me for this presuming to make these suggestions I will be gratified.  He know the position & relation we occupy & will I trust appreciate my motives.  Allow me to say again, this plan, if adopted & wisely executed will succeed.  It shall at any rate have my hearty, though humble support, and I will co-operate with your Comrs. if desired so to do.\n\n    I will be in the City of St. Louis on or before the 1st of June with my family, and if you will honor me with your confidence, and drop me a line or tell Major Andrews to do so when you get ready to move in this matter I will hold myself in readiness to go up & co-operate with your Comrs. refer to Maj'r. Harveys report of 12 July last, you will there see what he says of me.  Your local Agent at the Bluff could be told to inform those upper Bands a month before hand so they could be got together.  They scatter off at great distances.  The lower Bands are always close at hand, easy to assemble.\n    In view of this treaty being closed up this year, I would not advise any changes or new division in the payment of their present years annuities.  It would create hard feelings and perhaps make trouble with the Upper Bands.\n    The lower Bands will be very well satisfied to have it all thrown into a common annuity after this year under the new Treaty, so to insure harmony I would recommend that no changes be made as to their annuities this year.\n\n                                                                              2\n\n                                                                                                                                                      [in pencil]  * box Ayer MS 3067","element_set":{"id":4,"url":"https:\/\/transcribe.newberry.org\/api\/element_sets\/4","name":"Scripto","resource":"element_sets"},"element":{"id":52,"url":"https:\/\/transcribe.newberry.org\/api\/elements\/52","name":"Transcription","resource":"elements"}}],"extended_resources":[]},{"id":69647,"url":"https:\/\/transcribe.newberry.org\/api\/files\/69647","file_urls":{"original":"https:\/\/transcribe.newberry.org\/files\/original\/44e389a8dbde27bf33d409d5e4ba27f5.jpg","fullsize":"https:\/\/transcribe.newberry.org\/files\/fullsize\/44e389a8dbde27bf33d409d5e4ba27f5.jpg","thumbnail":"https:\/\/transcribe.newberry.org\/files\/thumbnails\/44e389a8dbde27bf33d409d5e4ba27f5.jpg","square_thumbnail":"https:\/\/transcribe.newberry.org\/files\/square_thumbnails\/44e389a8dbde27bf33d409d5e4ba27f5.jpg"},"added":"2018-03-29T17:45:39+00:00","modified":"2020-01-29T22:09:18+00:00","filename":"44e389a8dbde27bf33d409d5e4ba27f5.jpg","authentication":"57671c3f08aa32ebac9d5b0d81d67ad8","has_derivative_image":true,"mime_type":"image\/jpeg","order":null,"original_filename":"Ayer_MS_3067_00004_o2.jpg","size":1161965,"stored":true,"type_os":"JPEG image data, JFIF standard 1.01","metadata":{"mime_type":"image\/jpeg","video":{"dataformat":"jpg","lossless":false,"bits_per_sample":24,"pixel_aspect_ratio":1,"resolution_x":2838,"resolution_y":3600,"compression_ratio":0.037910271970348997927491296877633430995047092437744140625},"comments":{"IPTCEnvelope":{"CodedCharacterSet":["\u001b%G"]},"IPTCApplication":{"ApplicationRecordVersion":["\u0004"],"DateCreated":["20120517"],"TimeCreated":["122831+0000"],"DigitalCreationDate":["20120517"],"By-line":["Luna Imaging"]}},"comments_html":{"IPTCEnvelope":{"CodedCharacterSet":["\u001b%G"]},"IPTCApplication":{"ApplicationRecordVersion":["\u0004"],"DateCreated":["20120517"],"TimeCreated":["122831+0000"],"DigitalCreationDate":["20120517"],"By-line":["Luna Imaging"]}},"iptc":{"comments":{"IPTCEnvelope":{"CodedCharacterSet":["\u001b%G"]},"IPTCApplication":{"ApplicationRecordVersion":["\u0000\u0004"],"DateCreated":["20120517"],"TimeCreated":["122831+0000"],"DigitalCreationDate":["20120517"],"By-line":["Luna Imaging"]}},"encoding":"ISO-8859-1"},"jpg":{"exif":{"FILE":{"FileName":"44e389a8dbde27bf33d409d5e4ba27f5.jpg","FileDateTime":1522345535,"FileSize":1161965,"FileType":2,"MimeType":"image\/jpeg","SectionsFound":"ANY_TAG, IFD0, EXIF"},"COMPUTED":{"html":"width=\"2838\" height=\"3600\"","Height":3600,"Width":2838,"IsColor":1,"ByteOrderMotorola":0,"CCDWidth":"15mm","ApertureFNumber":"f\/7.1"},"IFD0":{"Make":"Canon","Model":"Canon EOS-1Ds Mark III","Software":"Adobe Photoshop CS5 Macintosh","DateTime":"2012:05:29 09:33:29","Artist":"Luna Imaging","Exif_IFD_Pointer":180},"EXIF":{"ExposureTime":0.0166666666666669995022775907500545145012438297271728515625,"FNumber":7.0999999999999996447286321199499070644378662109375,"ExposureProgram":1,"ISOSpeedRatings":200,"ExifVersion":230,"DateTimeOriginal":"2012:05:17 12:28:31","DateTimeDigitized":"2012:05:17 12:28:31","ShutterSpeedValue":5.9068909999999998916564436512999236583709716796875,"ApertureValue":5.655637999999999721012500231154263019561767578125,"ExposureBiasValue":0,"MaxApertureValue":2.625,"MeteringMode":5,"Flash":0,"FocalLength":50,"SubSecTimeOriginal":95,"SubSecTimeDigitized":95,"ColorSpace":65535,"ExifImageWidth":2383,"ExifImageLength":3022,"FocalPlaneXResolution":3957.71670190270015154965221881866455078125,"FocalPlaneYResolution":3961.90476190480012519401498138904571533203125,"FocalPlaneResolutionUnit":2,"CustomRendered":0,"ExposureMode":1,"WhiteBalance":1,"SceneCaptureType":0,"UndefinedTag:0xA430":"Luna Imaging","UndefinedTag:0xA431":620549,"UndefinedTag:0xA432":["50\/1","50\/1","0\/0","0\/0"],"UndefinedTag:0xA434":"EF50mm f\/2.5 Compact Macro"}}}},"item":{"id":1045,"url":"https:\/\/transcribe.newberry.org\/api\/items\/1045","resource":"items"},"element_texts":[{"html":false,"text":"Completed","element_set":{"id":4,"url":"https:\/\/transcribe.newberry.org\/api\/element_sets\/4","name":"Scripto","resource":"element_sets"},"element":{"id":53,"url":"https:\/\/transcribe.newberry.org\/api\/elements\/53","name":"Status","resource":"elements"}},{"html":false,"text":"It has been the practice to pay all these Indians more or less, 5 Frank silver pieces, large amounts of these French dollars have been sent to Indian payments.  This is wrong & I think the Superintendant at St. Louis should be instructed to see that no Agent ever takes a 5 Frank dollar the Missouri Bank.  It works great injustice to those in the trade, and the Supert. should stop it.  They should have Dollars, Eagle, half dollars, and American quarters.  But no 5 Frank, no Dutch Thales, nor no ten cent pieces.  I hope you will not forget to make such an order, without saying that it was spoken of by me.\n    These views are confidential.  They are based upon my long & intimate acquaintance with, and knowledge of these Indians and experience will shew that I am not mistaken in them.\n    I pray you will not think me obtrusive, my only object is to see the matter consummated and our rights provided for\n                                With great respect\n                                    Yr. Mo. Obt. Servt\n                        (signed) Geo. W. Ewing\n\nHon W. L. Marcy\nSecy of War\nHon. Wm. Mcdill\nComr. Ind. Affairs\n\n16 March 1846\n\n16668","element_set":{"id":4,"url":"https:\/\/transcribe.newberry.org\/api\/element_sets\/4","name":"Scripto","resource":"element_sets"},"element":{"id":52,"url":"https:\/\/transcribe.newberry.org\/api\/elements\/52","name":"Transcription","resource":"elements"}}],"extended_resources":[]}]