[{"id":68610,"url":"https:\/\/transcribe.newberry.org\/api\/files\/68610","file_urls":{"original":"https:\/\/transcribe.newberry.org\/files\/original\/3561a7e3b16aeb5554e1d0f9aea7f89c.jpg","fullsize":"https:\/\/transcribe.newberry.org\/files\/fullsize\/3561a7e3b16aeb5554e1d0f9aea7f89c.jpg","thumbnail":"https:\/\/transcribe.newberry.org\/files\/thumbnails\/3561a7e3b16aeb5554e1d0f9aea7f89c.jpg","square_thumbnail":"https:\/\/transcribe.newberry.org\/files\/square_thumbnails\/3561a7e3b16aeb5554e1d0f9aea7f89c.jpg"},"added":"2018-03-29T15:22:54+00:00","modified":"2020-04-21T22:09:41+00:00","filename":"3561a7e3b16aeb5554e1d0f9aea7f89c.jpg","authentication":"b7d4f5842ea562188d7db477b8c5c9c9","has_derivative_image":true,"mime_type":"image\/jpeg","order":null,"original_filename":"Ayer_MS_3041_00001_o2.jpg","size":1608209,"stored":true,"type_os":"JPEG image data, JFIF standard 1.01","metadata":{"mime_type":"image\/jpeg","video":{"dataformat":"jpg","lossless":false,"bits_per_sample":24,"pixel_aspect_ratio":1,"resolution_x":2862,"resolution_y":3600,"compression_ratio":0.0520294342210829985351239201918360777199268341064453125},"comments":{"IPTCEnvelope":{"CodedCharacterSet":["\u001b%G"]},"IPTCApplication":{"ApplicationRecordVersion":["\u0004"],"DateCreated":["20120521"],"TimeCreated":["093846"],"DigitalCreationDate":["20120521"],"DigitalCreationTime":["093846"],"By-line":["Luna Imaging"]}},"comments_html":{"IPTCEnvelope":{"CodedCharacterSet":["\u001b%G"]},"IPTCApplication":{"ApplicationRecordVersion":["\u0004"],"DateCreated":["20120521"],"TimeCreated":["093846"],"DigitalCreationDate":["20120521"],"DigitalCreationTime":["093846"],"By-line":["Luna Imaging"]}},"iptc":{"comments":{"IPTCEnvelope":{"CodedCharacterSet":["\u001b%G"]},"IPTCApplication":{"ApplicationRecordVersion":["\u0000\u0004"],"DateCreated":["20120521"],"TimeCreated":["093846"],"DigitalCreationDate":["20120521"],"DigitalCreationTime":["093846"],"By-line":["Luna Imaging"]}},"encoding":"ISO-8859-1"},"jpg":{"exif":{"FILE":{"FileName":"3561a7e3b16aeb5554e1d0f9aea7f89c.jpg","FileDateTime":1522336974,"FileSize":1608209,"FileType":2,"MimeType":"image\/jpeg","SectionsFound":"ANY_TAG, IFD0, EXIF"},"COMPUTED":{"html":"width=\"2862\" height=\"3600\"","Height":3600,"Width":2862,"IsColor":1,"ByteOrderMotorola":0,"ApertureFNumber":"f\/7.1"},"IFD0":{"Make":"Canon","Model":"Canon EOS-1Ds Mark III","Software":"Adobe Photoshop Camera Raw 6.6 (Macintosh)","DateTime":"2012:06:11 14:20:34","Artist":"Luna Imaging","Exif_IFD_Pointer":194},"EXIF":{"ExposureTime":0.0166666666666669995022775907500545145012438297271728515625,"FNumber":7.0999999999999996447286321199499070644378662109375,"ExposureProgram":1,"ISOSpeedRatings":200,"ExifVersion":230,"DateTimeOriginal":"2012:05:21 09:38:46","DateTimeDigitized":"2012:05:21 09:38:46","ShutterSpeedValue":5.9068909999999998916564436512999236583709716796875,"ApertureValue":5.655637999999999721012500231154263019561767578125,"ExposureBiasValue":0,"MaxApertureValue":2.625,"MeteringMode":5,"Flash":0,"FocalLength":50,"SubSecTimeOriginal":48,"SubSecTimeDigitized":48,"FocalPlaneXResolution":3957.71670190270015154965221881866455078125,"FocalPlaneYResolution":3961.90476190480012519401498138904571533203125,"FocalPlaneResolutionUnit":2,"CustomRendered":0,"ExposureMode":1,"WhiteBalance":1,"SceneCaptureType":0,"UndefinedTag:0xA430":"Luna Imaging","UndefinedTag:0xA431":620549,"UndefinedTag:0xA432":["50\/1","50\/1","0\/0","0\/0"],"UndefinedTag:0xA434":"EF50mm f\/2.5 Compact Macro"}}}},"item":{"id":1028,"url":"https:\/\/transcribe.newberry.org\/api\/items\/1028","resource":"items"},"element_texts":[{"html":false,"text":"Completed","element_set":{"id":4,"url":"https:\/\/transcribe.newberry.org\/api\/element_sets\/4","name":"Scripto","resource":"element_sets"},"element":{"id":53,"url":"https:\/\/transcribe.newberry.org\/api\/elements\/53","name":"Status","resource":"elements"}},{"html":false,"text":"Cherokees History & habits & language.\nThere is evidence that a race of men far more powerful than the Indians were, whom the Europeans first found upon this continent, has, at some former period occupied some portions of this country. Indian tradition & the remains of ancient fortifications & other works furnish evidence as to the existence of such a people. According to Indian tradition, the great body of the tribes in the northern & western parts of the United States emigrated from a country far toward the Setting Sun. After traveling a great distance they came to the Mississippi River where on its Eastern Shore, they met with a powerful people called the Alligenai or Alliganians a name still preserved in some","element_set":{"id":4,"url":"https:\/\/transcribe.newberry.org\/api\/element_sets\/4","name":"Scripto","resource":"element_sets"},"element":{"id":52,"url":"https:\/\/transcribe.newberry.org\/api\/elements\/52","name":"Transcription","resource":"elements"}}],"extended_resources":[]},{"id":68611,"url":"https:\/\/transcribe.newberry.org\/api\/files\/68611","file_urls":{"original":"https:\/\/transcribe.newberry.org\/files\/original\/f2c0e8e72da7a46803d7afe4b7cd424d.jpg","fullsize":"https:\/\/transcribe.newberry.org\/files\/fullsize\/f2c0e8e72da7a46803d7afe4b7cd424d.jpg","thumbnail":"https:\/\/transcribe.newberry.org\/files\/thumbnails\/f2c0e8e72da7a46803d7afe4b7cd424d.jpg","square_thumbnail":"https:\/\/transcribe.newberry.org\/files\/square_thumbnails\/f2c0e8e72da7a46803d7afe4b7cd424d.jpg"},"added":"2018-03-29T15:22:56+00:00","modified":"2020-01-29T21:48:15+00:00","filename":"f2c0e8e72da7a46803d7afe4b7cd424d.jpg","authentication":"4496b35c250d701769807ec041bb40f9","has_derivative_image":true,"mime_type":"image\/jpeg","order":null,"original_filename":"Ayer_MS_3041_00002_o2.jpg","size":687405,"stored":true,"type_os":"JPEG image data, EXIF standard","metadata":{"mime_type":"image\/jpeg","video":{"dataformat":"jpg","lossless":false,"bits_per_sample":24,"pixel_aspect_ratio":1,"resolution_x":1800,"resolution_y":2297,"compression_ratio":0.055418903884293997663679220977428485639393329620361328125},"comments":{"IPTCEnvelope":{"CodedCharacterSet":["\u001b%G"]},"IPTCApplication":{"ApplicationRecordVersion":["\u0004"],"By-line":["Luna Imaging"],"DateCreated":["20120521"],"TimeCreated":["093856+0000"],"DigitalCreationDate":["20120521"]}},"comments_html":{"IPTCEnvelope":{"CodedCharacterSet":["\u001b%G"]},"IPTCApplication":{"ApplicationRecordVersion":["\u0004"],"By-line":["Luna Imaging"],"DateCreated":["20120521"],"TimeCreated":["093856+0000"],"DigitalCreationDate":["20120521"]}},"iptc":{"comments":{"IPTCEnvelope":{"CodedCharacterSet":["\u001b%G"]},"IPTCApplication":{"ApplicationRecordVersion":["\u0000\u0004"],"By-line":["Luna Imaging"],"DateCreated":["20120521"],"TimeCreated":["093856+0000"],"DigitalCreationDate":["20120521"]}},"encoding":"ISO-8859-1"},"jpg":{"exif":{"FILE":{"FileName":"f2c0e8e72da7a46803d7afe4b7cd424d.jpg","FileDateTime":1522336974,"FileSize":687405,"FileType":2,"MimeType":"image\/jpeg","SectionsFound":"ANY_TAG, IFD0, THUMBNAIL, EXIF"},"COMPUTED":{"html":"width=\"1800\" height=\"2297\"","Height":2297,"Width":1800,"IsColor":1,"ByteOrderMotorola":0,"CCDWidth":"11mm","ApertureFNumber":"f\/7.1","Thumbnail.FileType":2,"Thumbnail.MimeType":"image\/jpeg"},"IFD0":{"ImageWidth":3600,"ImageLength":2297,"BitsPerSample":[8,8,8],"PhotometricInterpretation":2,"Make":"Canon","Model":"Canon EOS-1Ds Mark III","Orientation":1,"SamplesPerPixel":3,"XResolution":300,"YResolution":300,"ResolutionUnit":2,"Software":"Adobe Photoshop CC 2017 (Windows)","DateTime":"2018:03:29 09:45:09","Artist":"Luna Imaging","Exif_IFD_Pointer":312},"THUMBNAIL":{"Compression":6,"XResolution":72,"YResolution":72,"ResolutionUnit":2,"JPEGInterchangeFormat":966,"JPEGInterchangeFormatLength":8494},"EXIF":{"ExposureTime":0.0166666666666669995022775907500545145012438297271728515625,"FNumber":7.0999999999999996447286321199499070644378662109375,"ExposureProgram":1,"ISOSpeedRatings":200,"ExifVersion":230,"DateTimeOriginal":"2012:05:21 09:38:56","DateTimeDigitized":"2012:05:21 09:38:56","ShutterSpeedValue":5.9068909999999998916564436512999236583709716796875,"ApertureValue":5.655637999999999721012500231154263019561767578125,"ExposureBiasValue":0,"MaxApertureValue":2.625,"MeteringMode":5,"Flash":0,"FocalLength":50,"SubSecTimeOriginal":45,"SubSecTimeDigitized":45,"ColorSpace":65535,"ExifImageWidth":1800,"ExifImageLength":2297,"FocalPlaneXResolution":3957.71670190270015154965221881866455078125,"FocalPlaneYResolution":3961.90476190480012519401498138904571533203125,"FocalPlaneResolutionUnit":2,"CustomRendered":0,"ExposureMode":1,"WhiteBalance":1,"SceneCaptureType":0,"UndefinedTag:0xA430":"Luna Imaging","UndefinedTag:0xA431":620549,"UndefinedTag:0xA432":["50\/1","50\/1","0\/0","0\/0"],"UndefinedTag:0xA434":"EF50mm f\/2.5 Compact Macro"}}}},"item":{"id":1028,"url":"https:\/\/transcribe.newberry.org\/api\/items\/1028","resource":"items"},"element_texts":[{"html":false,"text":"Completed","element_set":{"id":4,"url":"https:\/\/transcribe.newberry.org\/api\/element_sets\/4","name":"Scripto","resource":"element_sets"},"element":{"id":53,"url":"https:\/\/transcribe.newberry.org\/api\/elements\/53","name":"Status","resource":"elements"}},{"html":false,"text":"of our most majestic mountains. The Alliganian [invasions?] are said to have been of gigantic stature & the people to have had many large cities. Those nations which have emigrated from the far West requested permission to settle in the country East of the Mifsifsippi but were denied their request. But as they were determined to force their way into the county, the Alliganians fortified their towns & met them in battle. Many ^ great & bloody battles were fought. The slain were laid in holes or covered with mounds of earth. But the Alliganians were at last vanquished & fled down the Mifsifsippi & never returned _ From this tradition they appear to have been much","element_set":{"id":4,"url":"https:\/\/transcribe.newberry.org\/api\/element_sets\/4","name":"Scripto","resource":"element_sets"},"element":{"id":52,"url":"https:\/\/transcribe.newberry.org\/api\/elements\/52","name":"Transcription","resource":"elements"}}],"extended_resources":[]},{"id":68612,"url":"https:\/\/transcribe.newberry.org\/api\/files\/68612","file_urls":{"original":"https:\/\/transcribe.newberry.org\/files\/original\/93a8500b9a2d85abe11d3d98efc7b64d.jpg","fullsize":"https:\/\/transcribe.newberry.org\/files\/fullsize\/93a8500b9a2d85abe11d3d98efc7b64d.jpg","thumbnail":"https:\/\/transcribe.newberry.org\/files\/thumbnails\/93a8500b9a2d85abe11d3d98efc7b64d.jpg","square_thumbnail":"https:\/\/transcribe.newberry.org\/files\/square_thumbnails\/93a8500b9a2d85abe11d3d98efc7b64d.jpg"},"added":"2018-03-29T15:22:56+00:00","modified":"2020-01-29T21:48:15+00:00","filename":"93a8500b9a2d85abe11d3d98efc7b64d.jpg","authentication":"acfc5253ebe700e870765b44e90ebfd1","has_derivative_image":true,"mime_type":"image\/jpeg","order":null,"original_filename":"Ayer_MS_3041_00004_o2.jpg","size":1519809,"stored":true,"type_os":"JPEG image data, JFIF standard 1.01","metadata":{"mime_type":"image\/jpeg","video":{"dataformat":"jpg","lossless":false,"bits_per_sample":24,"pixel_aspect_ratio":1,"resolution_x":2862,"resolution_y":3600,"compression_ratio":0.049169481326189999614850734133142395876348018646240234375},"comments":{"IPTCEnvelope":{"CodedCharacterSet":["\u001b%G"]},"IPTCApplication":{"ApplicationRecordVersion":["\u0004"],"DateCreated":["20120521"],"TimeCreated":["093913"],"DigitalCreationDate":["20120521"],"DigitalCreationTime":["093913"],"By-line":["Luna Imaging"]}},"comments_html":{"IPTCEnvelope":{"CodedCharacterSet":["\u001b%G"]},"IPTCApplication":{"ApplicationRecordVersion":["\u0004"],"DateCreated":["20120521"],"TimeCreated":["093913"],"DigitalCreationDate":["20120521"],"DigitalCreationTime":["093913"],"By-line":["Luna Imaging"]}},"iptc":{"comments":{"IPTCEnvelope":{"CodedCharacterSet":["\u001b%G"]},"IPTCApplication":{"ApplicationRecordVersion":["\u0000\u0004"],"DateCreated":["20120521"],"TimeCreated":["093913"],"DigitalCreationDate":["20120521"],"DigitalCreationTime":["093913"],"By-line":["Luna Imaging"]}},"encoding":"ISO-8859-1"},"jpg":{"exif":{"FILE":{"FileName":"93a8500b9a2d85abe11d3d98efc7b64d.jpg","FileDateTime":1522336974,"FileSize":1519809,"FileType":2,"MimeType":"image\/jpeg","SectionsFound":"ANY_TAG, IFD0, EXIF"},"COMPUTED":{"html":"width=\"2862\" height=\"3600\"","Height":3600,"Width":2862,"IsColor":1,"ByteOrderMotorola":0,"ApertureFNumber":"f\/7.1"},"IFD0":{"Make":"Canon","Model":"Canon EOS-1Ds Mark III","Software":"Adobe Photoshop Camera Raw 6.6 (Macintosh)","DateTime":"2012:06:11 14:20:43","Artist":"Luna Imaging","Exif_IFD_Pointer":194},"EXIF":{"ExposureTime":0.0166666666666669995022775907500545145012438297271728515625,"FNumber":7.0999999999999996447286321199499070644378662109375,"ExposureProgram":1,"ISOSpeedRatings":200,"ExifVersion":230,"DateTimeOriginal":"2012:05:21 09:39:13","DateTimeDigitized":"2012:05:21 09:39:13","ShutterSpeedValue":5.9068909999999998916564436512999236583709716796875,"ApertureValue":5.655637999999999721012500231154263019561767578125,"ExposureBiasValue":0,"MaxApertureValue":2.625,"MeteringMode":5,"Flash":0,"FocalLength":50,"SubSecTimeOriginal":59,"SubSecTimeDigitized":59,"FocalPlaneXResolution":3957.71670190270015154965221881866455078125,"FocalPlaneYResolution":3961.90476190480012519401498138904571533203125,"FocalPlaneResolutionUnit":2,"CustomRendered":0,"ExposureMode":1,"WhiteBalance":1,"SceneCaptureType":0,"UndefinedTag:0xA430":"Luna Imaging","UndefinedTag:0xA431":620549,"UndefinedTag:0xA432":["50\/1","50\/1","0\/0","0\/0"],"UndefinedTag:0xA434":"EF50mm f\/2.5 Compact Macro"}}}},"item":{"id":1028,"url":"https:\/\/transcribe.newberry.org\/api\/items\/1028","resource":"items"},"element_texts":[{"html":false,"text":"Completed","element_set":{"id":4,"url":"https:\/\/transcribe.newberry.org\/api\/element_sets\/4","name":"Scripto","resource":"element_sets"},"element":{"id":53,"url":"https:\/\/transcribe.newberry.org\/api\/elements\/53","name":"Status","resource":"elements"}},{"html":false,"text":"civilized by far than their conquorors . And when Mexico was found by the Spaniards in the 16th Century, it was inhabited by a race of men who ranked as to civilization where the Alliganians did according to Indian tradition. Reasoning then from this tradition, from the fact that many human remains have been found in mounds & caves in the Western States as well as the remains of anciente fortifications & cities & other works the opinion is note improbable to say the least thate the Alliganians driven before their enemies migrated Southwesterly to Mesico & perhaps to Peru. & Another fact confirming this view of the subject is that the bodies found were some of them","element_set":{"id":4,"url":"https:\/\/transcribe.newberry.org\/api\/element_sets\/4","name":"Scripto","resource":"element_sets"},"element":{"id":52,"url":"https:\/\/transcribe.newberry.org\/api\/elements\/52","name":"Transcription","resource":"elements"}}],"extended_resources":[]},{"id":68613,"url":"https:\/\/transcribe.newberry.org\/api\/files\/68613","file_urls":{"original":"https:\/\/transcribe.newberry.org\/files\/original\/c5e3d59c6f47b1b1d35a4f7e9bdce4fa.jpg","fullsize":"https:\/\/transcribe.newberry.org\/files\/fullsize\/c5e3d59c6f47b1b1d35a4f7e9bdce4fa.jpg","thumbnail":"https:\/\/transcribe.newberry.org\/files\/thumbnails\/c5e3d59c6f47b1b1d35a4f7e9bdce4fa.jpg","square_thumbnail":"https:\/\/transcribe.newberry.org\/files\/square_thumbnails\/c5e3d59c6f47b1b1d35a4f7e9bdce4fa.jpg"},"added":"2018-03-29T15:22:58+00:00","modified":"2020-01-29T21:48:15+00:00","filename":"c5e3d59c6f47b1b1d35a4f7e9bdce4fa.jpg","authentication":"b4e6e27c5eadacb45d974b8f338b7c51","has_derivative_image":true,"mime_type":"image\/jpeg","order":null,"original_filename":"Ayer_MS_3041_00005_o2.jpg","size":748166,"stored":true,"type_os":"JPEG image data, EXIF standard","metadata":{"mime_type":"image\/jpeg","video":{"dataformat":"jpg","lossless":false,"bits_per_sample":24,"pixel_aspect_ratio":1,"resolution_x":1800,"resolution_y":2300,"compression_ratio":0.060238808373591003209046590427533374167978763580322265625},"comments":{"IPTCEnvelope":{"CodedCharacterSet":["\u001b%G"]},"IPTCApplication":{"ApplicationRecordVersion":["\u0004"],"By-line":["Luna Imaging"],"DateCreated":["20120521"],"TimeCreated":["093924+0000"],"DigitalCreationDate":["20120521"]}},"comments_html":{"IPTCEnvelope":{"CodedCharacterSet":["\u001b%G"]},"IPTCApplication":{"ApplicationRecordVersion":["\u0004"],"By-line":["Luna Imaging"],"DateCreated":["20120521"],"TimeCreated":["093924+0000"],"DigitalCreationDate":["20120521"]}},"iptc":{"comments":{"IPTCEnvelope":{"CodedCharacterSet":["\u001b%G"]},"IPTCApplication":{"ApplicationRecordVersion":["\u0000\u0004"],"By-line":["Luna Imaging"],"DateCreated":["20120521"],"TimeCreated":["093924+0000"],"DigitalCreationDate":["20120521"]}},"encoding":"ISO-8859-1"},"jpg":{"exif":{"FILE":{"FileName":"c5e3d59c6f47b1b1d35a4f7e9bdce4fa.jpg","FileDateTime":1522336974,"FileSize":748166,"FileType":2,"MimeType":"image\/jpeg","SectionsFound":"ANY_TAG, IFD0, THUMBNAIL, EXIF"},"COMPUTED":{"html":"width=\"1800\" height=\"2300\"","Height":2300,"Width":1800,"IsColor":1,"ByteOrderMotorola":0,"CCDWidth":"11mm","ApertureFNumber":"f\/7.1","Thumbnail.FileType":2,"Thumbnail.MimeType":"image\/jpeg"},"IFD0":{"ImageWidth":3600,"ImageLength":2300,"BitsPerSample":[8,8,8],"PhotometricInterpretation":2,"Make":"Canon","Model":"Canon EOS-1Ds Mark III","Orientation":1,"SamplesPerPixel":3,"XResolution":300,"YResolution":300,"ResolutionUnit":2,"Software":"Adobe Photoshop CC 2017 (Windows)","DateTime":"2018:03:29 09:45:09","Artist":"Luna Imaging","Exif_IFD_Pointer":312},"THUMBNAIL":{"Compression":6,"XResolution":72,"YResolution":72,"ResolutionUnit":2,"JPEGInterchangeFormat":966,"JPEGInterchangeFormatLength":9445},"EXIF":{"ExposureTime":0.0166666666666669995022775907500545145012438297271728515625,"FNumber":7.0999999999999996447286321199499070644378662109375,"ExposureProgram":1,"ISOSpeedRatings":200,"ExifVersion":230,"DateTimeOriginal":"2012:05:21 09:39:24","DateTimeDigitized":"2012:05:21 09:39:24","ShutterSpeedValue":5.9068909999999998916564436512999236583709716796875,"ApertureValue":5.655637999999999721012500231154263019561767578125,"ExposureBiasValue":0,"MaxApertureValue":2.625,"MeteringMode":5,"Flash":0,"FocalLength":50,"SubSecTimeOriginal":1,"SubSecTimeDigitized":1,"ColorSpace":65535,"ExifImageWidth":1800,"ExifImageLength":2300,"FocalPlaneXResolution":3957.71670190270015154965221881866455078125,"FocalPlaneYResolution":3961.90476190480012519401498138904571533203125,"FocalPlaneResolutionUnit":2,"CustomRendered":0,"ExposureMode":1,"WhiteBalance":1,"SceneCaptureType":0,"UndefinedTag:0xA430":"Luna Imaging","UndefinedTag:0xA431":620549,"UndefinedTag:0xA432":["50\/1","50\/1","0\/0","0\/0"],"UndefinedTag:0xA434":"EF50mm f\/2.5 Compact Macro"}}}},"item":{"id":1028,"url":"https:\/\/transcribe.newberry.org\/api\/items\/1028","resource":"items"},"element_texts":[{"html":false,"text":"Completed","element_set":{"id":4,"url":"https:\/\/transcribe.newberry.org\/api\/element_sets\/4","name":"Scripto","resource":"element_sets"},"element":{"id":53,"url":"https:\/\/transcribe.newberry.org\/api\/elements\/53","name":"Status","resource":"elements"}},{"html":false,"text":"in the condition of mummies & wrapped in cloth of a differente texture from any known to have been made by the Indians; but this cloth was the same in kind as thate made at the South Sea Islands & in Southern Asia. It is the opinion ^therefore of many, & some able antiquarians, thate the Cherokees Choctaws & Chickasaws ^ Indians are remnants of this race who have left behind them the relics to which I have rerefernsed; and thate at some unknown period they originated from the Maylays, & came from Southern Asia. One reason assigned for this opinion is, thate ^ they are less ferocious than the other tribes & are more inclined to adopt the habits of civilized life. The earliest history of the Cherokees presents them as a noble & powerful people.","element_set":{"id":4,"url":"https:\/\/transcribe.newberry.org\/api\/element_sets\/4","name":"Scripto","resource":"element_sets"},"element":{"id":52,"url":"https:\/\/transcribe.newberry.org\/api\/elements\/52","name":"Transcription","resource":"elements"}}],"extended_resources":[]},{"id":68614,"url":"https:\/\/transcribe.newberry.org\/api\/files\/68614","file_urls":{"original":"https:\/\/transcribe.newberry.org\/files\/original\/35070c4b5322e429c25e0d677633ea90.jpg","fullsize":"https:\/\/transcribe.newberry.org\/files\/fullsize\/35070c4b5322e429c25e0d677633ea90.jpg","thumbnail":"https:\/\/transcribe.newberry.org\/files\/thumbnails\/35070c4b5322e429c25e0d677633ea90.jpg","square_thumbnail":"https:\/\/transcribe.newberry.org\/files\/square_thumbnails\/35070c4b5322e429c25e0d677633ea90.jpg"},"added":"2018-03-29T15:22:58+00:00","modified":"2020-01-29T21:48:15+00:00","filename":"35070c4b5322e429c25e0d677633ea90.jpg","authentication":"d616aec4cbde3ff35f17da640a5d033c","has_derivative_image":true,"mime_type":"image\/jpeg","order":null,"original_filename":"Ayer_MS_3041_00006_o2.jpg","size":1242189,"stored":true,"type_os":"JPEG image data, JFIF standard 1.01","metadata":{"mime_type":"image\/jpeg","video":{"dataformat":"jpg","lossless":false,"bits_per_sample":24,"pixel_aspect_ratio":1,"resolution_x":2862,"resolution_y":3600,"compression_ratio":0.04018780573025899915950986951429513283073902130126953125},"comments":{"IPTCEnvelope":{"CodedCharacterSet":["\u001b%G"]},"IPTCApplication":{"ApplicationRecordVersion":["\u0004"],"DateCreated":["20120521"],"TimeCreated":["093932"],"DigitalCreationDate":["20120521"],"DigitalCreationTime":["093932"],"By-line":["Luna Imaging"]}},"comments_html":{"IPTCEnvelope":{"CodedCharacterSet":["\u001b%G"]},"IPTCApplication":{"ApplicationRecordVersion":["\u0004"],"DateCreated":["20120521"],"TimeCreated":["093932"],"DigitalCreationDate":["20120521"],"DigitalCreationTime":["093932"],"By-line":["Luna Imaging"]}},"iptc":{"comments":{"IPTCEnvelope":{"CodedCharacterSet":["\u001b%G"]},"IPTCApplication":{"ApplicationRecordVersion":["\u0000\u0004"],"DateCreated":["20120521"],"TimeCreated":["093932"],"DigitalCreationDate":["20120521"],"DigitalCreationTime":["093932"],"By-line":["Luna Imaging"]}},"encoding":"ISO-8859-1"},"jpg":{"exif":{"FILE":{"FileName":"35070c4b5322e429c25e0d677633ea90.jpg","FileDateTime":1522336974,"FileSize":1242189,"FileType":2,"MimeType":"image\/jpeg","SectionsFound":"ANY_TAG, IFD0, EXIF"},"COMPUTED":{"html":"width=\"2862\" height=\"3600\"","Height":3600,"Width":2862,"IsColor":1,"ByteOrderMotorola":0,"ApertureFNumber":"f\/7.1"},"IFD0":{"Make":"Canon","Model":"Canon EOS-1Ds Mark III","Software":"Adobe Photoshop Camera Raw 6.6 (Macintosh)","DateTime":"2012:06:11 14:20:49","Artist":"Luna Imaging","Exif_IFD_Pointer":194},"EXIF":{"ExposureTime":0.0166666666666669995022775907500545145012438297271728515625,"FNumber":7.0999999999999996447286321199499070644378662109375,"ExposureProgram":1,"ISOSpeedRatings":200,"ExifVersion":230,"DateTimeOriginal":"2012:05:21 09:39:32","DateTimeDigitized":"2012:05:21 09:39:32","ShutterSpeedValue":5.9068909999999998916564436512999236583709716796875,"ApertureValue":5.655637999999999721012500231154263019561767578125,"ExposureBiasValue":0,"MaxApertureValue":2.625,"MeteringMode":5,"Flash":0,"FocalLength":50,"SubSecTimeOriginal":44,"SubSecTimeDigitized":44,"FocalPlaneXResolution":3957.71670190270015154965221881866455078125,"FocalPlaneYResolution":3961.90476190480012519401498138904571533203125,"FocalPlaneResolutionUnit":2,"CustomRendered":0,"ExposureMode":1,"WhiteBalance":1,"SceneCaptureType":0,"UndefinedTag:0xA430":"Luna Imaging","UndefinedTag:0xA431":620549,"UndefinedTag:0xA432":["50\/1","50\/1","0\/0","0\/0"],"UndefinedTag:0xA434":"EF50mm f\/2.5 Compact Macro"}}}},"item":{"id":1028,"url":"https:\/\/transcribe.newberry.org\/api\/items\/1028","resource":"items"},"element_texts":[{"html":false,"text":"Completed","element_set":{"id":4,"url":"https:\/\/transcribe.newberry.org\/api\/element_sets\/4","name":"Scripto","resource":"element_sets"},"element":{"id":53,"url":"https:\/\/transcribe.newberry.org\/api\/elements\/53","name":"Status","resource":"elements"}},{"html":false,"text":"In 1824 - 31\nPopulation about 16,000\n8,000 full blood- 3,000\nslaves - 5,000 mixed\nblood.\n8,000 full blood\n5,000 mixed\n3,000 slaves & whites\n16,000","element_set":{"id":4,"url":"https:\/\/transcribe.newberry.org\/api\/element_sets\/4","name":"Scripto","resource":"element_sets"},"element":{"id":52,"url":"https:\/\/transcribe.newberry.org\/api\/elements\/52","name":"Transcription","resource":"elements"}}],"extended_resources":[]},{"id":68615,"url":"https:\/\/transcribe.newberry.org\/api\/files\/68615","file_urls":{"original":"https:\/\/transcribe.newberry.org\/files\/original\/b3b0715d00823c48fec0978df2c76ae2.jpg","fullsize":"https:\/\/transcribe.newberry.org\/files\/fullsize\/b3b0715d00823c48fec0978df2c76ae2.jpg","thumbnail":"https:\/\/transcribe.newberry.org\/files\/thumbnails\/b3b0715d00823c48fec0978df2c76ae2.jpg","square_thumbnail":"https:\/\/transcribe.newberry.org\/files\/square_thumbnails\/b3b0715d00823c48fec0978df2c76ae2.jpg"},"added":"2018-03-29T15:23:00+00:00","modified":"2020-01-29T21:48:15+00:00","filename":"b3b0715d00823c48fec0978df2c76ae2.jpg","authentication":"25d06d6d7cd9ac8c10d2233b164fd997","has_derivative_image":true,"mime_type":"image\/jpeg","order":null,"original_filename":"Ayer_MS_3041_00007_o2.jpg","size":1564857,"stored":true,"type_os":"JPEG image data, JFIF standard 1.01","metadata":{"mime_type":"image\/jpeg","video":{"dataformat":"jpg","lossless":false,"bits_per_sample":24,"pixel_aspect_ratio":1,"resolution_x":2862,"resolution_y":3600,"compression_ratio":0.05062689261588600164731843733534333296120166778564453125},"comments":{"IPTCEnvelope":{"CodedCharacterSet":["\u001b%G"]},"IPTCApplication":{"ApplicationRecordVersion":["\u0004"],"DateCreated":["20120521"],"TimeCreated":["093942"],"DigitalCreationDate":["20120521"],"DigitalCreationTime":["093942"],"By-line":["Luna Imaging"]}},"comments_html":{"IPTCEnvelope":{"CodedCharacterSet":["\u001b%G"]},"IPTCApplication":{"ApplicationRecordVersion":["\u0004"],"DateCreated":["20120521"],"TimeCreated":["093942"],"DigitalCreationDate":["20120521"],"DigitalCreationTime":["093942"],"By-line":["Luna Imaging"]}},"iptc":{"comments":{"IPTCEnvelope":{"CodedCharacterSet":["\u001b%G"]},"IPTCApplication":{"ApplicationRecordVersion":["\u0000\u0004"],"DateCreated":["20120521"],"TimeCreated":["093942"],"DigitalCreationDate":["20120521"],"DigitalCreationTime":["093942"],"By-line":["Luna Imaging"]}},"encoding":"ISO-8859-1"},"jpg":{"exif":{"FILE":{"FileName":"b3b0715d00823c48fec0978df2c76ae2.jpg","FileDateTime":1522336974,"FileSize":1564857,"FileType":2,"MimeType":"image\/jpeg","SectionsFound":"ANY_TAG, IFD0, EXIF"},"COMPUTED":{"html":"width=\"2862\" height=\"3600\"","Height":3600,"Width":2862,"IsColor":1,"ByteOrderMotorola":0,"ApertureFNumber":"f\/7.1"},"IFD0":{"Make":"Canon","Model":"Canon EOS-1Ds Mark III","Software":"Adobe Photoshop Camera Raw 6.6 (Macintosh)","DateTime":"2012:06:11 14:20:52","Artist":"Luna Imaging","Exif_IFD_Pointer":194},"EXIF":{"ExposureTime":0.0166666666666669995022775907500545145012438297271728515625,"FNumber":7.0999999999999996447286321199499070644378662109375,"ExposureProgram":1,"ISOSpeedRatings":200,"ExifVersion":230,"DateTimeOriginal":"2012:05:21 09:39:42","DateTimeDigitized":"2012:05:21 09:39:42","ShutterSpeedValue":5.9068909999999998916564436512999236583709716796875,"ApertureValue":5.655637999999999721012500231154263019561767578125,"ExposureBiasValue":0,"MaxApertureValue":2.625,"MeteringMode":5,"Flash":0,"FocalLength":50,"SubSecTimeOriginal":84,"SubSecTimeDigitized":84,"FocalPlaneXResolution":3957.71670190270015154965221881866455078125,"FocalPlaneYResolution":3961.90476190480012519401498138904571533203125,"FocalPlaneResolutionUnit":2,"CustomRendered":0,"ExposureMode":1,"WhiteBalance":1,"SceneCaptureType":0,"UndefinedTag:0xA430":"Luna Imaging","UndefinedTag:0xA431":620549,"UndefinedTag:0xA432":["50\/1","50\/1","0\/0","0\/0"],"UndefinedTag:0xA434":"EF50mm f\/2.5 Compact Macro"}}}},"item":{"id":1028,"url":"https:\/\/transcribe.newberry.org\/api\/items\/1028","resource":"items"},"element_texts":[{"html":false,"text":"Completed","element_set":{"id":4,"url":"https:\/\/transcribe.newberry.org\/api\/element_sets\/4","name":"Scripto","resource":"element_sets"},"element":{"id":53,"url":"https:\/\/transcribe.newberry.org\/api\/elements\/53","name":"Status","resource":"elements"}},{"html":false,"text":"3) They were located chiefly on the waters of the Savannah Chotahoochy & Alabama, & on the branches of the Tennessee & Cumberland Rivers. Their territory embraced about 24,000 square miles. It covered a part of Tennessee, North & South Carolina, Alabama & more than half of Georgia. & During 1828-29 & 30 & a part of 31 while I was a resident in that territory the Cherokees did note claim more than 6 or 7000 square miles. The greater part of this lay within the Chartered limits of ^ the state of Georgia. While it extended into Alabama ^ & small portions  of it into Tennessee & North Carolina. Some sections of the territory are mountainous & broken while there are large portions of the North Western & Central & South Western which are level & very fertile.","element_set":{"id":4,"url":"https:\/\/transcribe.newberry.org\/api\/element_sets\/4","name":"Scripto","resource":"element_sets"},"element":{"id":52,"url":"https:\/\/transcribe.newberry.org\/api\/elements\/52","name":"Transcription","resource":"elements"}}],"extended_resources":[]},{"id":68616,"url":"https:\/\/transcribe.newberry.org\/api\/files\/68616","file_urls":{"original":"https:\/\/transcribe.newberry.org\/files\/original\/132363c76d39c009b660468b566b8df2.jpg","fullsize":"https:\/\/transcribe.newberry.org\/files\/fullsize\/132363c76d39c009b660468b566b8df2.jpg","thumbnail":"https:\/\/transcribe.newberry.org\/files\/thumbnails\/132363c76d39c009b660468b566b8df2.jpg","square_thumbnail":"https:\/\/transcribe.newberry.org\/files\/square_thumbnails\/132363c76d39c009b660468b566b8df2.jpg"},"added":"2018-03-29T15:23:01+00:00","modified":"2020-01-29T21:48:15+00:00","filename":"132363c76d39c009b660468b566b8df2.jpg","authentication":"e32bbd40863fa25785c02e31eb642dd9","has_derivative_image":true,"mime_type":"image\/jpeg","order":null,"original_filename":"Ayer_MS_3041_00008_o2.jpg","size":742863,"stored":true,"type_os":"JPEG image data, EXIF standard","metadata":{"mime_type":"image\/jpeg","video":{"dataformat":"jpg","lossless":false,"bits_per_sample":24,"pixel_aspect_ratio":1,"resolution_x":1800,"resolution_y":2299,"compression_ratio":0.059837852206273002553249540369506576098501682281494140625},"comments":{"IPTCEnvelope":{"CodedCharacterSet":["\u001b%G"]},"IPTCApplication":{"ApplicationRecordVersion":["\u0004"],"By-line":["Luna Imaging"],"DateCreated":["20120521"],"TimeCreated":["094029+0000"],"DigitalCreationDate":["20120521"]}},"comments_html":{"IPTCEnvelope":{"CodedCharacterSet":["\u001b%G"]},"IPTCApplication":{"ApplicationRecordVersion":["\u0004"],"By-line":["Luna Imaging"],"DateCreated":["20120521"],"TimeCreated":["094029+0000"],"DigitalCreationDate":["20120521"]}},"iptc":{"comments":{"IPTCEnvelope":{"CodedCharacterSet":["\u001b%G"]},"IPTCApplication":{"ApplicationRecordVersion":["\u0000\u0004"],"By-line":["Luna Imaging"],"DateCreated":["20120521"],"TimeCreated":["094029+0000"],"DigitalCreationDate":["20120521"]}},"encoding":"ISO-8859-1"},"jpg":{"exif":{"FILE":{"FileName":"132363c76d39c009b660468b566b8df2.jpg","FileDateTime":1522336974,"FileSize":742863,"FileType":2,"MimeType":"image\/jpeg","SectionsFound":"ANY_TAG, IFD0, THUMBNAIL, EXIF"},"COMPUTED":{"html":"width=\"1800\" height=\"2299\"","Height":2299,"Width":1800,"IsColor":1,"ByteOrderMotorola":0,"CCDWidth":"11mm","ApertureFNumber":"f\/7.1","Thumbnail.FileType":2,"Thumbnail.MimeType":"image\/jpeg"},"IFD0":{"ImageWidth":3600,"ImageLength":2299,"BitsPerSample":[8,8,8],"PhotometricInterpretation":2,"Make":"Canon","Model":"Canon EOS-1Ds Mark III","Orientation":1,"SamplesPerPixel":3,"XResolution":300,"YResolution":300,"ResolutionUnit":2,"Software":"Adobe Photoshop CC 2017 (Windows)","DateTime":"2018:03:29 09:45:10","Artist":"Luna Imaging","Exif_IFD_Pointer":312},"THUMBNAIL":{"Compression":6,"XResolution":72,"YResolution":72,"ResolutionUnit":2,"JPEGInterchangeFormat":966,"JPEGInterchangeFormatLength":9339},"EXIF":{"ExposureTime":0.0166666666666669995022775907500545145012438297271728515625,"FNumber":7.0999999999999996447286321199499070644378662109375,"ExposureProgram":1,"ISOSpeedRatings":200,"ExifVersion":230,"DateTimeOriginal":"2012:05:21 09:40:29","DateTimeDigitized":"2012:05:21 09:40:29","ShutterSpeedValue":5.9068909999999998916564436512999236583709716796875,"ApertureValue":5.655637999999999721012500231154263019561767578125,"ExposureBiasValue":0,"MaxApertureValue":2.625,"MeteringMode":5,"Flash":0,"FocalLength":50,"SubSecTimeOriginal":22,"SubSecTimeDigitized":22,"ColorSpace":65535,"ExifImageWidth":1800,"ExifImageLength":2299,"FocalPlaneXResolution":3957.71670190270015154965221881866455078125,"FocalPlaneYResolution":3961.90476190480012519401498138904571533203125,"FocalPlaneResolutionUnit":2,"CustomRendered":0,"ExposureMode":1,"WhiteBalance":1,"SceneCaptureType":0,"UndefinedTag:0xA430":"Luna Imaging","UndefinedTag:0xA431":620549,"UndefinedTag:0xA432":["50\/1","50\/1","0\/0","0\/0"],"UndefinedTag:0xA434":"EF50mm f\/2.5 Compact Macro"}}}},"item":{"id":1028,"url":"https:\/\/transcribe.newberry.org\/api\/items\/1028","resource":"items"},"element_texts":[{"html":false,"text":"Completed","element_set":{"id":4,"url":"https:\/\/transcribe.newberry.org\/api\/element_sets\/4","name":"Scripto","resource":"element_sets"},"element":{"id":53,"url":"https:\/\/transcribe.newberry.org\/api\/elements\/53","name":"Status","resource":"elements"}},{"html":false,"text":"& In the mountainous parts numerous rapid & beautiful streams take their rise, and as they descend to the lower lands from several rivers of moderate size the Tennessee touches the Northern & the [Chatuhoochy?] forms the Eastern boundary of the country. Besides these there are the [Hiwassee Coosowattee, Conessauga, Coosa] & other streams of considerable size _ The forest presents a variety of trees. The Indians name seven kinds of Oak _ Pitch & yellow pine are common as also the Poplar or White wood & locust & Sycamore or [Cos-wood?] & ^ in some places the White or soft Mable. There are tracts sufficiently extensive [on?] large townships covered almost wholly with Walnut & the soil is is of the color of Cackolate. The red clay soil is also common there. & The gold mines are in the mountains & along the streams -","element_set":{"id":4,"url":"https:\/\/transcribe.newberry.org\/api\/element_sets\/4","name":"Scripto","resource":"element_sets"},"element":{"id":52,"url":"https:\/\/transcribe.newberry.org\/api\/elements\/52","name":"Transcription","resource":"elements"}}],"extended_resources":[]},{"id":68617,"url":"https:\/\/transcribe.newberry.org\/api\/files\/68617","file_urls":{"original":"https:\/\/transcribe.newberry.org\/files\/original\/2de2d56533a6bc2ea1d211dc8c3cf91f.jpg","fullsize":"https:\/\/transcribe.newberry.org\/files\/fullsize\/2de2d56533a6bc2ea1d211dc8c3cf91f.jpg","thumbnail":"https:\/\/transcribe.newberry.org\/files\/thumbnails\/2de2d56533a6bc2ea1d211dc8c3cf91f.jpg","square_thumbnail":"https:\/\/transcribe.newberry.org\/files\/square_thumbnails\/2de2d56533a6bc2ea1d211dc8c3cf91f.jpg"},"added":"2018-03-29T15:23:02+00:00","modified":"2020-01-29T21:48:15+00:00","filename":"2de2d56533a6bc2ea1d211dc8c3cf91f.jpg","authentication":"41b10b77d8cac1cd7fe8ec91c9fcfb7f","has_derivative_image":true,"mime_type":"image\/jpeg","order":null,"original_filename":"Ayer_MS_3041_00010_o2.jpg","size":1525995,"stored":true,"type_os":"JPEG image data, JFIF standard 1.01","metadata":{"mime_type":"image\/jpeg","video":{"dataformat":"jpg","lossless":false,"bits_per_sample":24,"pixel_aspect_ratio":1,"resolution_x":2856,"resolution_y":3600,"compression_ratio":0.049473330999065999458164100133217289112508296966552734375},"comments":{"IPTCEnvelope":{"CodedCharacterSet":["\u001b%G"]},"IPTCApplication":{"ApplicationRecordVersion":["\u0004"],"DateCreated":["20120521"],"TimeCreated":["094057+0000"],"DigitalCreationDate":["20120521"],"By-line":["Luna Imaging"]}},"comments_html":{"IPTCEnvelope":{"CodedCharacterSet":["\u001b%G"]},"IPTCApplication":{"ApplicationRecordVersion":["\u0004"],"DateCreated":["20120521"],"TimeCreated":["094057+0000"],"DigitalCreationDate":["20120521"],"By-line":["Luna Imaging"]}},"iptc":{"comments":{"IPTCEnvelope":{"CodedCharacterSet":["\u001b%G"]},"IPTCApplication":{"ApplicationRecordVersion":["\u0000\u0004"],"DateCreated":["20120521"],"TimeCreated":["094057+0000"],"DigitalCreationDate":["20120521"],"By-line":["Luna Imaging"]}},"encoding":"ISO-8859-1"},"jpg":{"exif":{"FILE":{"FileName":"2de2d56533a6bc2ea1d211dc8c3cf91f.jpg","FileDateTime":1522336974,"FileSize":1525995,"FileType":2,"MimeType":"image\/jpeg","SectionsFound":"ANY_TAG, IFD0, EXIF"},"COMPUTED":{"html":"width=\"2856\" height=\"3600\"","Height":3600,"Width":2856,"IsColor":1,"ByteOrderMotorola":0,"CCDWidth":"15mm","ApertureFNumber":"f\/7.1"},"IFD0":{"Make":"Canon","Model":"Canon EOS-1Ds Mark III","Software":"Adobe Photoshop CS5 Macintosh","DateTime":"2012:06:11 14:21:28","Artist":"Luna Imaging","Exif_IFD_Pointer":180},"EXIF":{"ExposureTime":0.0166666666666669995022775907500545145012438297271728515625,"FNumber":7.0999999999999996447286321199499070644378662109375,"ExposureProgram":1,"ISOSpeedRatings":200,"ExifVersion":230,"DateTimeOriginal":"2012:05:21 09:40:57","DateTimeDigitized":"2012:05:21 09:40:57","ShutterSpeedValue":5.9068909999999998916564436512999236583709716796875,"ApertureValue":5.655637999999999721012500231154263019561767578125,"ExposureBiasValue":0,"MaxApertureValue":2.625,"MeteringMode":5,"Flash":0,"FocalLength":50,"SubSecTimeOriginal":68,"SubSecTimeDigitized":68,"ColorSpace":65535,"ExifImageWidth":2395,"ExifImageLength":3018,"FocalPlaneXResolution":3957.71670190270015154965221881866455078125,"FocalPlaneYResolution":3961.90476190480012519401498138904571533203125,"FocalPlaneResolutionUnit":2,"CustomRendered":0,"ExposureMode":1,"WhiteBalance":1,"SceneCaptureType":0,"UndefinedTag:0xA430":"Luna Imaging","UndefinedTag:0xA431":620549,"UndefinedTag:0xA432":["50\/1","50\/1","0\/0","0\/0"],"UndefinedTag:0xA434":"EF50mm f\/2.5 Compact Macro"}}}},"item":{"id":1028,"url":"https:\/\/transcribe.newberry.org\/api\/items\/1028","resource":"items"},"element_texts":[{"html":false,"text":"Completed","element_set":{"id":4,"url":"https:\/\/transcribe.newberry.org\/api\/element_sets\/4","name":"Scripto","resource":"element_sets"},"element":{"id":53,"url":"https:\/\/transcribe.newberry.org\/api\/elements\/53","name":"Status","resource":"elements"}},{"html":false,"text":"They are unquestionably of great value. They are extensive & many of them easily worked while in other cases the gold is found ^ in sold and massive rocks which must be broken into small pieces before the precious metal can be obtained. The veins of gold seem to preserve nearly a level or horizontal course so that as the surface of the earth [unclear] they approach or retire frome it. Hence in the vally among the mountains they can be reached by digging from [unclear] on to [unclear] they penetrate the mountains so as to like hundreds of feet beneath their lofty summits.  Gold is also found in the Rivers & in ^ some such cases is has been probably washed down from the Mountains & in others the channel of the River","element_set":{"id":4,"url":"https:\/\/transcribe.newberry.org\/api\/element_sets\/4","name":"Scripto","resource":"element_sets"},"element":{"id":52,"url":"https:\/\/transcribe.newberry.org\/api\/elements\/52","name":"Transcription","resource":"elements"}}],"extended_resources":[]},{"id":68618,"url":"https:\/\/transcribe.newberry.org\/api\/files\/68618","file_urls":{"original":"https:\/\/transcribe.newberry.org\/files\/original\/266e18c49007179fa2012663aa079005.jpg","fullsize":"https:\/\/transcribe.newberry.org\/files\/fullsize\/266e18c49007179fa2012663aa079005.jpg","thumbnail":"https:\/\/transcribe.newberry.org\/files\/thumbnails\/266e18c49007179fa2012663aa079005.jpg","square_thumbnail":"https:\/\/transcribe.newberry.org\/files\/square_thumbnails\/266e18c49007179fa2012663aa079005.jpg"},"added":"2018-03-29T15:23:03+00:00","modified":"2020-01-29T21:48:15+00:00","filename":"266e18c49007179fa2012663aa079005.jpg","authentication":"7d7913384c4aa7f97be6453c6a1df359","has_derivative_image":true,"mime_type":"image\/jpeg","order":null,"original_filename":"Ayer_MS_3041_00011_o2.jpg","size":749495,"stored":true,"type_os":"JPEG image data, EXIF standard","metadata":{"mime_type":"image\/jpeg","video":{"dataformat":"jpg","lossless":false,"bits_per_sample":24,"pixel_aspect_ratio":1,"resolution_x":1800,"resolution_y":2302,"compression_ratio":0.060293384174791998797449110725210630334913730621337890625},"comments":{"IPTCEnvelope":{"CodedCharacterSet":["\u001b%G"]},"IPTCApplication":{"ApplicationRecordVersion":["\u0004"],"By-line":["Luna Imaging"],"DateCreated":["20120521"],"TimeCreated":["094111+0000"],"DigitalCreationDate":["20120521"]}},"comments_html":{"IPTCEnvelope":{"CodedCharacterSet":["\u001b%G"]},"IPTCApplication":{"ApplicationRecordVersion":["\u0004"],"By-line":["Luna Imaging"],"DateCreated":["20120521"],"TimeCreated":["094111+0000"],"DigitalCreationDate":["20120521"]}},"iptc":{"comments":{"IPTCEnvelope":{"CodedCharacterSet":["\u001b%G"]},"IPTCApplication":{"ApplicationRecordVersion":["\u0000\u0004"],"By-line":["Luna Imaging"],"DateCreated":["20120521"],"TimeCreated":["094111+0000"],"DigitalCreationDate":["20120521"]}},"encoding":"ISO-8859-1"},"jpg":{"exif":{"FILE":{"FileName":"266e18c49007179fa2012663aa079005.jpg","FileDateTime":1522336974,"FileSize":749495,"FileType":2,"MimeType":"image\/jpeg","SectionsFound":"ANY_TAG, IFD0, THUMBNAIL, EXIF"},"COMPUTED":{"html":"width=\"1800\" height=\"2302\"","Height":2302,"Width":1800,"IsColor":1,"ByteOrderMotorola":0,"CCDWidth":"11mm","ApertureFNumber":"f\/7.1","Thumbnail.FileType":2,"Thumbnail.MimeType":"image\/jpeg"},"IFD0":{"ImageWidth":3600,"ImageLength":2302,"BitsPerSample":[8,8,8],"PhotometricInterpretation":2,"Make":"Canon","Model":"Canon EOS-1Ds Mark III","Orientation":1,"SamplesPerPixel":3,"XResolution":300,"YResolution":300,"ResolutionUnit":2,"Software":"Adobe Photoshop CC 2017 (Windows)","DateTime":"2018:03:29 09:45:11","Artist":"Luna Imaging","Exif_IFD_Pointer":312},"THUMBNAIL":{"Compression":6,"XResolution":72,"YResolution":72,"ResolutionUnit":2,"JPEGInterchangeFormat":966,"JPEGInterchangeFormatLength":9387},"EXIF":{"ExposureTime":0.0166666666666669995022775907500545145012438297271728515625,"FNumber":7.0999999999999996447286321199499070644378662109375,"ExposureProgram":1,"ISOSpeedRatings":200,"ExifVersion":230,"DateTimeOriginal":"2012:05:21 09:41:11","DateTimeDigitized":"2012:05:21 09:41:11","ShutterSpeedValue":5.9068909999999998916564436512999236583709716796875,"ApertureValue":5.655637999999999721012500231154263019561767578125,"ExposureBiasValue":0,"MaxApertureValue":2.625,"MeteringMode":5,"Flash":0,"FocalLength":50,"SubSecTimeOriginal":18,"SubSecTimeDigitized":18,"ColorSpace":65535,"ExifImageWidth":1800,"ExifImageLength":2302,"FocalPlaneXResolution":3957.71670190270015154965221881866455078125,"FocalPlaneYResolution":3961.90476190480012519401498138904571533203125,"FocalPlaneResolutionUnit":2,"CustomRendered":0,"ExposureMode":1,"WhiteBalance":1,"SceneCaptureType":0,"UndefinedTag:0xA430":"Luna Imaging","UndefinedTag:0xA431":620549,"UndefinedTag:0xA432":["50\/1","50\/1","0\/0","0\/0"],"UndefinedTag:0xA434":"EF50mm f\/2.5 Compact Macro"}}}},"item":{"id":1028,"url":"https:\/\/transcribe.newberry.org\/api\/items\/1028","resource":"items"},"element_texts":[{"html":false,"text":"Completed","element_set":{"id":4,"url":"https:\/\/transcribe.newberry.org\/api\/element_sets\/4","name":"Scripto","resource":"element_sets"},"element":{"id":53,"url":"https:\/\/transcribe.newberry.org\/api\/elements\/53","name":"Status","resource":"elements"}},{"html":false,"text":"has been worn down to the natural depth of the Mine.  While I was in that territory it had been obtained from the Chatahoochy by Sinking large [unclear .. ..] & ^ lay thus excluding the water it was easily separated from the Sand - The gold seems to have been all of it at some time in a fused  or melted State. It is very free from dross.  A Dollars worth weighed as token from the mines was estimed  & generally Sold for 47 1\/2 cents.  It is found in Small particles varying from the size of flax seed to those three or four times as large.  My residence  the greater part of the time I spent in the country was in the immediate region of the Mines. + But I have to notice a few particulars in regard  to the Manners & habits of the Cherokees.","element_set":{"id":4,"url":"https:\/\/transcribe.newberry.org\/api\/element_sets\/4","name":"Scripto","resource":"element_sets"},"element":{"id":52,"url":"https:\/\/transcribe.newberry.org\/api\/elements\/52","name":"Transcription","resource":"elements"}}],"extended_resources":[]},{"id":68619,"url":"https:\/\/transcribe.newberry.org\/api\/files\/68619","file_urls":{"original":"https:\/\/transcribe.newberry.org\/files\/original\/9280d14886654e9f87b4f821608b6860.jpg","fullsize":"https:\/\/transcribe.newberry.org\/files\/fullsize\/9280d14886654e9f87b4f821608b6860.jpg","thumbnail":"https:\/\/transcribe.newberry.org\/files\/thumbnails\/9280d14886654e9f87b4f821608b6860.jpg","square_thumbnail":"https:\/\/transcribe.newberry.org\/files\/square_thumbnails\/9280d14886654e9f87b4f821608b6860.jpg"},"added":"2018-03-29T15:23:04+00:00","modified":"2020-01-29T21:48:15+00:00","filename":"9280d14886654e9f87b4f821608b6860.jpg","authentication":"32ec3f0d9285612b1b5fc2b9a4fc17ae","has_derivative_image":true,"mime_type":"image\/jpeg","order":null,"original_filename":"Ayer_MS_3041_00013_o2.jpg","size":1632715,"stored":true,"type_os":"JPEG image data, JFIF standard 1.01","metadata":{"mime_type":"image\/jpeg","video":{"dataformat":"jpg","lossless":false,"bits_per_sample":24,"pixel_aspect_ratio":1,"resolution_x":2862,"resolution_y":3600,"compression_ratio":0.052822262339209002934836689746589399874210357666015625},"comments":{"IPTCEnvelope":{"CodedCharacterSet":["\u001b%G"]},"IPTCApplication":{"ApplicationRecordVersion":["\u0004"],"DateCreated":["20120521"],"TimeCreated":["094132"],"DigitalCreationDate":["20120521"],"DigitalCreationTime":["094132"],"By-line":["Luna Imaging"]}},"comments_html":{"IPTCEnvelope":{"CodedCharacterSet":["\u001b%G"]},"IPTCApplication":{"ApplicationRecordVersion":["\u0004"],"DateCreated":["20120521"],"TimeCreated":["094132"],"DigitalCreationDate":["20120521"],"DigitalCreationTime":["094132"],"By-line":["Luna Imaging"]}},"iptc":{"comments":{"IPTCEnvelope":{"CodedCharacterSet":["\u001b%G"]},"IPTCApplication":{"ApplicationRecordVersion":["\u0000\u0004"],"DateCreated":["20120521"],"TimeCreated":["094132"],"DigitalCreationDate":["20120521"],"DigitalCreationTime":["094132"],"By-line":["Luna Imaging"]}},"encoding":"ISO-8859-1"},"jpg":{"exif":{"FILE":{"FileName":"9280d14886654e9f87b4f821608b6860.jpg","FileDateTime":1522336974,"FileSize":1632715,"FileType":2,"MimeType":"image\/jpeg","SectionsFound":"ANY_TAG, IFD0, EXIF"},"COMPUTED":{"html":"width=\"2862\" height=\"3600\"","Height":3600,"Width":2862,"IsColor":1,"ByteOrderMotorola":0,"ApertureFNumber":"f\/7.1"},"IFD0":{"Make":"Canon","Model":"Canon EOS-1Ds Mark III","Software":"Adobe Photoshop Camera Raw 6.6 (Macintosh)","DateTime":"2012:06:11 14:21:07","Artist":"Luna Imaging","Exif_IFD_Pointer":194},"EXIF":{"ExposureTime":0.0166666666666669995022775907500545145012438297271728515625,"FNumber":7.0999999999999996447286321199499070644378662109375,"ExposureProgram":1,"ISOSpeedRatings":200,"ExifVersion":230,"DateTimeOriginal":"2012:05:21 09:41:32","DateTimeDigitized":"2012:05:21 09:41:32","ShutterSpeedValue":5.9068909999999998916564436512999236583709716796875,"ApertureValue":5.655637999999999721012500231154263019561767578125,"ExposureBiasValue":0,"MaxApertureValue":2.625,"MeteringMode":5,"Flash":0,"FocalLength":50,"SubSecTimeOriginal":42,"SubSecTimeDigitized":42,"FocalPlaneXResolution":3957.71670190270015154965221881866455078125,"FocalPlaneYResolution":3961.90476190480012519401498138904571533203125,"FocalPlaneResolutionUnit":2,"CustomRendered":0,"ExposureMode":1,"WhiteBalance":1,"SceneCaptureType":0,"UndefinedTag:0xA430":"Luna Imaging","UndefinedTag:0xA431":620549,"UndefinedTag:0xA432":["50\/1","50\/1","0\/0","0\/0"],"UndefinedTag:0xA434":"EF50mm f\/2.5 Compact Macro"}}}},"item":{"id":1028,"url":"https:\/\/transcribe.newberry.org\/api\/items\/1028","resource":"items"},"element_texts":[{"html":false,"text":"Completed","element_set":{"id":4,"url":"https:\/\/transcribe.newberry.org\/api\/element_sets\/4","name":"Scripto","resource":"element_sets"},"element":{"id":53,"url":"https:\/\/transcribe.newberry.org\/api\/elements\/53","name":"Status","resource":"elements"}},{"html":false,"text":"Among their dwellings you will find a variety, altho the great majority of them are log cabins.  The poorer class of dwellings is made of small logs is put up rough as they came from the forest. \nThe roofs are made of bark on oaken clapboards.  The latter resemble our [unclear] very much.  Upon these are placed weight poles at the distance of three or four feet; so that the roof of this class of Cherokee dwellings is connected without a nail.  The sound of the hammer is no more heard on them than it was on the Temple of Solomon.  In some of these you will find no floors.  And an open place at the end answering for a Chymney.","element_set":{"id":4,"url":"https:\/\/transcribe.newberry.org\/api\/element_sets\/4","name":"Scripto","resource":"element_sets"},"element":{"id":52,"url":"https:\/\/transcribe.newberry.org\/api\/elements\/52","name":"Transcription","resource":"elements"}}],"extended_resources":[]},{"id":68620,"url":"https:\/\/transcribe.newberry.org\/api\/files\/68620","file_urls":{"original":"https:\/\/transcribe.newberry.org\/files\/original\/5a829b6e37e7b86b2b865f9359968fd1.jpg","fullsize":"https:\/\/transcribe.newberry.org\/files\/fullsize\/5a829b6e37e7b86b2b865f9359968fd1.jpg","thumbnail":"https:\/\/transcribe.newberry.org\/files\/thumbnails\/5a829b6e37e7b86b2b865f9359968fd1.jpg","square_thumbnail":"https:\/\/transcribe.newberry.org\/files\/square_thumbnails\/5a829b6e37e7b86b2b865f9359968fd1.jpg"},"added":"2018-03-29T15:23:05+00:00","modified":"2020-01-29T21:48:15+00:00","filename":"5a829b6e37e7b86b2b865f9359968fd1.jpg","authentication":"734c6eea6762706959cf43b0655810b2","has_derivative_image":true,"mime_type":"image\/jpeg","order":null,"original_filename":"Ayer_MS_3041_00014_o2.jpg","size":798993,"stored":true,"type_os":"JPEG image data, EXIF standard","metadata":{"mime_type":"image\/jpeg","video":{"dataformat":"jpg","lossless":false,"bits_per_sample":24,"pixel_aspect_ratio":1,"resolution_x":1800,"resolution_y":2289,"compression_ratio":0.06464030872287800100206567321947659365832805633544921875},"comments":{"IPTCEnvelope":{"CodedCharacterSet":["\u001b%G"]},"IPTCApplication":{"ApplicationRecordVersion":["\u0004"],"By-line":["Luna Imaging"],"DateCreated":["20120521"],"TimeCreated":["094141+0000"],"DigitalCreationDate":["20120521"]}},"comments_html":{"IPTCEnvelope":{"CodedCharacterSet":["\u001b%G"]},"IPTCApplication":{"ApplicationRecordVersion":["\u0004"],"By-line":["Luna Imaging"],"DateCreated":["20120521"],"TimeCreated":["094141+0000"],"DigitalCreationDate":["20120521"]}},"iptc":{"comments":{"IPTCEnvelope":{"CodedCharacterSet":["\u001b%G"]},"IPTCApplication":{"ApplicationRecordVersion":["\u0000\u0004"],"By-line":["Luna Imaging"],"DateCreated":["20120521"],"TimeCreated":["094141+0000"],"DigitalCreationDate":["20120521"]}},"encoding":"ISO-8859-1"},"jpg":{"exif":{"FILE":{"FileName":"5a829b6e37e7b86b2b865f9359968fd1.jpg","FileDateTime":1522336974,"FileSize":798993,"FileType":2,"MimeType":"image\/jpeg","SectionsFound":"ANY_TAG, IFD0, THUMBNAIL, EXIF"},"COMPUTED":{"html":"width=\"1800\" height=\"2289\"","Height":2289,"Width":1800,"IsColor":1,"ByteOrderMotorola":0,"CCDWidth":"11mm","ApertureFNumber":"f\/7.1","Thumbnail.FileType":2,"Thumbnail.MimeType":"image\/jpeg"},"IFD0":{"ImageWidth":3600,"ImageLength":2289,"BitsPerSample":[8,8,8],"PhotometricInterpretation":2,"Make":"Canon","Model":"Canon EOS-1Ds Mark III","Orientation":1,"SamplesPerPixel":3,"XResolution":300,"YResolution":300,"ResolutionUnit":2,"Software":"Adobe Photoshop CC 2017 (Windows)","DateTime":"2018:03:29 09:45:12","Artist":"Luna Imaging","Exif_IFD_Pointer":312},"THUMBNAIL":{"Compression":6,"XResolution":72,"YResolution":72,"ResolutionUnit":2,"JPEGInterchangeFormat":966,"JPEGInterchangeFormatLength":10745},"EXIF":{"ExposureTime":0.0166666666666669995022775907500545145012438297271728515625,"FNumber":7.0999999999999996447286321199499070644378662109375,"ExposureProgram":1,"ISOSpeedRatings":200,"ExifVersion":230,"DateTimeOriginal":"2012:05:21 09:41:41","DateTimeDigitized":"2012:05:21 09:41:41","ShutterSpeedValue":5.9068909999999998916564436512999236583709716796875,"ApertureValue":5.655637999999999721012500231154263019561767578125,"ExposureBiasValue":0,"MaxApertureValue":2.625,"MeteringMode":5,"Flash":0,"FocalLength":50,"SubSecTimeOriginal":38,"SubSecTimeDigitized":38,"ColorSpace":65535,"ExifImageWidth":1800,"ExifImageLength":2289,"FocalPlaneXResolution":3957.71670190270015154965221881866455078125,"FocalPlaneYResolution":3961.90476190480012519401498138904571533203125,"FocalPlaneResolutionUnit":2,"CustomRendered":0,"ExposureMode":1,"WhiteBalance":1,"SceneCaptureType":0,"UndefinedTag:0xA430":"Luna Imaging","UndefinedTag:0xA431":620549,"UndefinedTag:0xA432":["50\/1","50\/1","0\/0","0\/0"],"UndefinedTag:0xA434":"EF50mm f\/2.5 Compact Macro"}}}},"item":{"id":1028,"url":"https:\/\/transcribe.newberry.org\/api\/items\/1028","resource":"items"},"element_texts":[{"html":false,"text":"Completed","element_set":{"id":4,"url":"https:\/\/transcribe.newberry.org\/api\/element_sets\/4","name":"Scripto","resource":"element_sets"},"element":{"id":53,"url":"https:\/\/transcribe.newberry.org\/api\/elements\/53","name":"Status","resource":"elements"}},{"html":false,"text":"But a larger part by far of these buildings have floors made of puncheon.  These are split from clean ash logs.  They are about two inches thick & hewn so smooth as to answer their purpose & are jointed also with a common axe.  & I recalled that in one unclear I came to a dwelling where they were repairing the floor.  It was necessary for me to remain there during the night.  All the old floor had been removed & two new puncheon or plank had been split from an oak log & brought to the house & laid down where the floor should be; but no axe had passed over them.  The sides were just as smooth & as soft as when separated from the parent tree.  I was therefore left to the alternative that night of laying down upon the earth or taking one of these and after some hesitation I chose to take my lodging on the softer side of one of these","element_set":{"id":4,"url":"https:\/\/transcribe.newberry.org\/api\/element_sets\/4","name":"Scripto","resource":"element_sets"},"element":{"id":52,"url":"https:\/\/transcribe.newberry.org\/api\/elements\/52","name":"Transcription","resource":"elements"}}],"extended_resources":[]},{"id":68621,"url":"https:\/\/transcribe.newberry.org\/api\/files\/68621","file_urls":{"original":"https:\/\/transcribe.newberry.org\/files\/original\/7f2e6656f396b93bd17798dfd0abd14b.jpg","fullsize":"https:\/\/transcribe.newberry.org\/files\/fullsize\/7f2e6656f396b93bd17798dfd0abd14b.jpg","thumbnail":"https:\/\/transcribe.newberry.org\/files\/thumbnails\/7f2e6656f396b93bd17798dfd0abd14b.jpg","square_thumbnail":"https:\/\/transcribe.newberry.org\/files\/square_thumbnails\/7f2e6656f396b93bd17798dfd0abd14b.jpg"},"added":"2018-03-29T15:23:06+00:00","modified":"2020-01-29T21:48:15+00:00","filename":"7f2e6656f396b93bd17798dfd0abd14b.jpg","authentication":"ee07ae4cb294884ac17842874966a6d8","has_derivative_image":true,"mime_type":"image\/jpeg","order":null,"original_filename":"Ayer_MS_3041_00016_o2.jpg","size":1648136,"stored":true,"type_os":"JPEG image data, JFIF standard 1.01","metadata":{"mime_type":"image\/jpeg","video":{"dataformat":"jpg","lossless":false,"bits_per_sample":24,"pixel_aspect_ratio":1,"resolution_x":2884,"resolution_y":3600,"compression_ratio":0.05291441927364300135128161173270200379192829132080078125},"comments":{"IPTCEnvelope":{"CodedCharacterSet":["\u001b%G"]},"IPTCApplication":{"ApplicationRecordVersion":["\u0004"],"DateCreated":["20120521"],"TimeCreated":["094200"],"DigitalCreationDate":["20120521"],"DigitalCreationTime":["094200"],"By-line":["Luna Imaging"]}},"comments_html":{"IPTCEnvelope":{"CodedCharacterSet":["\u001b%G"]},"IPTCApplication":{"ApplicationRecordVersion":["\u0004"],"DateCreated":["20120521"],"TimeCreated":["094200"],"DigitalCreationDate":["20120521"],"DigitalCreationTime":["094200"],"By-line":["Luna Imaging"]}},"iptc":{"comments":{"IPTCEnvelope":{"CodedCharacterSet":["\u001b%G"]},"IPTCApplication":{"ApplicationRecordVersion":["\u0000\u0004"],"DateCreated":["20120521"],"TimeCreated":["094200"],"DigitalCreationDate":["20120521"],"DigitalCreationTime":["094200"],"By-line":["Luna Imaging"]}},"encoding":"ISO-8859-1"},"jpg":{"exif":{"FILE":{"FileName":"7f2e6656f396b93bd17798dfd0abd14b.jpg","FileDateTime":1522336974,"FileSize":1648136,"FileType":2,"MimeType":"image\/jpeg","SectionsFound":"ANY_TAG, IFD0, EXIF"},"COMPUTED":{"html":"width=\"2884\" height=\"3600\"","Height":3600,"Width":2884,"IsColor":1,"ByteOrderMotorola":0,"ApertureFNumber":"f\/7.1"},"IFD0":{"Make":"Canon","Model":"Canon EOS-1Ds Mark III","Software":"Adobe Photoshop Camera Raw 6.6 (Macintosh)","DateTime":"2012:06:11 14:21:15","Artist":"Luna Imaging","Exif_IFD_Pointer":194},"EXIF":{"ExposureTime":0.0166666666666669995022775907500545145012438297271728515625,"FNumber":7.0999999999999996447286321199499070644378662109375,"ExposureProgram":1,"ISOSpeedRatings":200,"ExifVersion":230,"DateTimeOriginal":"2012:05:21 09:42:00","DateTimeDigitized":"2012:05:21 09:42:00","ShutterSpeedValue":5.9068909999999998916564436512999236583709716796875,"ApertureValue":5.655637999999999721012500231154263019561767578125,"ExposureBiasValue":0,"MaxApertureValue":2.625,"MeteringMode":5,"Flash":0,"FocalLength":50,"SubSecTimeOriginal":53,"SubSecTimeDigitized":53,"FocalPlaneXResolution":3957.71670190270015154965221881866455078125,"FocalPlaneYResolution":3961.90476190480012519401498138904571533203125,"FocalPlaneResolutionUnit":2,"CustomRendered":0,"ExposureMode":1,"WhiteBalance":1,"SceneCaptureType":0,"UndefinedTag:0xA430":"Luna Imaging","UndefinedTag:0xA431":620549,"UndefinedTag:0xA432":["50\/1","50\/1","0\/0","0\/0"],"UndefinedTag:0xA434":"EF50mm f\/2.5 Compact Macro"}}}},"item":{"id":1028,"url":"https:\/\/transcribe.newberry.org\/api\/items\/1028","resource":"items"},"element_texts":[{"html":false,"text":"Completed","element_set":{"id":4,"url":"https:\/\/transcribe.newberry.org\/api\/element_sets\/4","name":"Scripto","resource":"element_sets"},"element":{"id":53,"url":"https:\/\/transcribe.newberry.org\/api\/elements\/53","name":"Status","resource":"elements"}},{"html":false,"text":"plank. Another class of dwellings are of hewn logs.  They are more commodious & neat than those of which I have been speaking - Others still are thus made in the first place & thin boarded as our own & with common boards - And there are on the public road here & there Some well constructed & elegant houses; and at New Echota the Capital of the nation there were Several of this discription. The more intelligent & unclear civilized part of the Cherokees have beds & Tables & the necessary articles of furniture. Yet it is this respect & in point of neatness that they Suffer most when compared with their white neighbors.  A blanket is generally deemed abundantly adequate to answer all the purposes of beds of unclear & in many of thier dwellings very few cooking utensels will be Seen. & No Cherokee family depended wholly upon hunting for Subsistence during my residence among them.","element_set":{"id":4,"url":"https:\/\/transcribe.newberry.org\/api\/element_sets\/4","name":"Scripto","resource":"element_sets"},"element":{"id":52,"url":"https:\/\/transcribe.newberry.org\/api\/elements\/52","name":"Transcription","resource":"elements"}}],"extended_resources":[]},{"id":68622,"url":"https:\/\/transcribe.newberry.org\/api\/files\/68622","file_urls":{"original":"https:\/\/transcribe.newberry.org\/files\/original\/f16d82221eb1ec7ef1efc1e42874d041.jpg","fullsize":"https:\/\/transcribe.newberry.org\/files\/fullsize\/f16d82221eb1ec7ef1efc1e42874d041.jpg","thumbnail":"https:\/\/transcribe.newberry.org\/files\/thumbnails\/f16d82221eb1ec7ef1efc1e42874d041.jpg","square_thumbnail":"https:\/\/transcribe.newberry.org\/files\/square_thumbnails\/f16d82221eb1ec7ef1efc1e42874d041.jpg"},"added":"2018-03-29T15:23:07+00:00","modified":"2020-01-29T21:48:15+00:00","filename":"f16d82221eb1ec7ef1efc1e42874d041.jpg","authentication":"623ec32677864726c708e5650b376a06","has_derivative_image":true,"mime_type":"image\/jpeg","order":null,"original_filename":"Ayer_MS_3041_00017_o2.jpg","size":785599,"stored":true,"type_os":"JPEG image data, EXIF standard","metadata":{"mime_type":"image\/jpeg","video":{"dataformat":"jpg","lossless":false,"bits_per_sample":24,"pixel_aspect_ratio":1,"resolution_x":1800,"resolution_y":2301,"compression_ratio":0.0632252482817450001117975943998317234218120574951171875},"comments":{"IPTCEnvelope":{"CodedCharacterSet":["\u001b%G"]},"IPTCApplication":{"ApplicationRecordVersion":["\u0004"],"By-line":["Luna Imaging"],"DateCreated":["20120521"],"TimeCreated":["094209+0000"],"DigitalCreationDate":["20120521"]}},"comments_html":{"IPTCEnvelope":{"CodedCharacterSet":["\u001b%G"]},"IPTCApplication":{"ApplicationRecordVersion":["\u0004"],"By-line":["Luna Imaging"],"DateCreated":["20120521"],"TimeCreated":["094209+0000"],"DigitalCreationDate":["20120521"]}},"iptc":{"comments":{"IPTCEnvelope":{"CodedCharacterSet":["\u001b%G"]},"IPTCApplication":{"ApplicationRecordVersion":["\u0000\u0004"],"By-line":["Luna Imaging"],"DateCreated":["20120521"],"TimeCreated":["094209+0000"],"DigitalCreationDate":["20120521"]}},"encoding":"ISO-8859-1"},"jpg":{"exif":{"FILE":{"FileName":"f16d82221eb1ec7ef1efc1e42874d041.jpg","FileDateTime":1522336974,"FileSize":785599,"FileType":2,"MimeType":"image\/jpeg","SectionsFound":"ANY_TAG, IFD0, THUMBNAIL, EXIF"},"COMPUTED":{"html":"width=\"1800\" height=\"2301\"","Height":2301,"Width":1800,"IsColor":1,"ByteOrderMotorola":0,"CCDWidth":"11mm","ApertureFNumber":"f\/7.1","Thumbnail.FileType":2,"Thumbnail.MimeType":"image\/jpeg"},"IFD0":{"ImageWidth":3600,"ImageLength":2301,"BitsPerSample":[8,8,8],"PhotometricInterpretation":2,"Make":"Canon","Model":"Canon EOS-1Ds Mark III","Orientation":1,"SamplesPerPixel":3,"XResolution":300,"YResolution":300,"ResolutionUnit":2,"Software":"Adobe Photoshop CC 2017 (Windows)","DateTime":"2018:03:29 09:45:13","Artist":"Luna Imaging","Exif_IFD_Pointer":312},"THUMBNAIL":{"Compression":6,"XResolution":72,"YResolution":72,"ResolutionUnit":2,"JPEGInterchangeFormat":966,"JPEGInterchangeFormatLength":10696},"EXIF":{"ExposureTime":0.0166666666666669995022775907500545145012438297271728515625,"FNumber":7.0999999999999996447286321199499070644378662109375,"ExposureProgram":1,"ISOSpeedRatings":200,"ExifVersion":230,"DateTimeOriginal":"2012:05:21 09:42:09","DateTimeDigitized":"2012:05:21 09:42:09","ShutterSpeedValue":5.9068909999999998916564436512999236583709716796875,"ApertureValue":5.655637999999999721012500231154263019561767578125,"ExposureBiasValue":0,"MaxApertureValue":2.625,"MeteringMode":5,"Flash":0,"FocalLength":50,"SubSecTimeOriginal":41,"SubSecTimeDigitized":41,"ColorSpace":65535,"ExifImageWidth":1800,"ExifImageLength":2301,"FocalPlaneXResolution":3957.71670190270015154965221881866455078125,"FocalPlaneYResolution":3961.90476190480012519401498138904571533203125,"FocalPlaneResolutionUnit":2,"CustomRendered":0,"ExposureMode":1,"WhiteBalance":1,"SceneCaptureType":0,"UndefinedTag:0xA430":"Luna Imaging","UndefinedTag:0xA431":620549,"UndefinedTag:0xA432":["50\/1","50\/1","0\/0","0\/0"],"UndefinedTag:0xA434":"EF50mm f\/2.5 Compact Macro"}}}},"item":{"id":1028,"url":"https:\/\/transcribe.newberry.org\/api\/items\/1028","resource":"items"},"element_texts":[{"html":false,"text":"Completed","element_set":{"id":4,"url":"https:\/\/transcribe.newberry.org\/api\/element_sets\/4","name":"Scripto","resource":"element_sets"},"element":{"id":53,"url":"https:\/\/transcribe.newberry.org\/api\/elements\/53","name":"Status","resource":"elements"}},{"html":false,"text":"They generally have a fixed residence & cultivated more or less land. The amount of land occupied by them for agricultural? purpose reach from one eighth of an acre to 200. Corn & Cotton & Sweet Potatoes & garden vegetables are the principal products of the Country.  Side note Cotton unclear grain Some of them have large possessions in lands & cattle & Slaves.  The Fee Simple to real estate is in the government while the improvements on the Soil are unclear & personal property. These improvements can be bought an Sold at pleasure by their owner mean while no Indian who is not an officer of Government can Sell a foot of land.\nTheir government consists of    cossed out\nMany of the Cherokees were industrious & all of them labored more or less. They are easy of access sociable & hospitable and they are Mild & peaceable in their intercourse with each & with Strangers unless under the Influence intoxicating","element_set":{"id":4,"url":"https:\/\/transcribe.newberry.org\/api\/element_sets\/4","name":"Scripto","resource":"element_sets"},"element":{"id":52,"url":"https:\/\/transcribe.newberry.org\/api\/elements\/52","name":"Transcription","resource":"elements"}}],"extended_resources":[]},{"id":68623,"url":"https:\/\/transcribe.newberry.org\/api\/files\/68623","file_urls":{"original":"https:\/\/transcribe.newberry.org\/files\/original\/feaf3bae4721a38fdb0c0624c81e0d95.jpg","fullsize":"https:\/\/transcribe.newberry.org\/files\/fullsize\/feaf3bae4721a38fdb0c0624c81e0d95.jpg","thumbnail":"https:\/\/transcribe.newberry.org\/files\/thumbnails\/feaf3bae4721a38fdb0c0624c81e0d95.jpg","square_thumbnail":"https:\/\/transcribe.newberry.org\/files\/square_thumbnails\/feaf3bae4721a38fdb0c0624c81e0d95.jpg"},"added":"2018-03-29T15:23:08+00:00","modified":"2020-01-29T21:48:15+00:00","filename":"feaf3bae4721a38fdb0c0624c81e0d95.jpg","authentication":"e97c308b897b1f0f79dfbda2b501f2eb","has_derivative_image":true,"mime_type":"image\/jpeg","order":null,"original_filename":"Ayer_MS_3041_00019_o2.jpg","size":1616674,"stored":true,"type_os":"JPEG image data, JFIF standard 1.01","metadata":{"mime_type":"image\/jpeg","video":{"dataformat":"jpg","lossless":false,"bits_per_sample":24,"pixel_aspect_ratio":1,"resolution_x":2864,"resolution_y":3600,"compression_ratio":0.0522667727084629996081588387824012897908687591552734375},"comments":{"IPTCEnvelope":{"CodedCharacterSet":["\u001b%G"]},"IPTCApplication":{"ApplicationRecordVersion":["\u0004"],"DateCreated":["20120521"],"TimeCreated":["094231+0000"],"DigitalCreationDate":["20120521"],"By-line":["Luna Imaging"]}},"comments_html":{"IPTCEnvelope":{"CodedCharacterSet":["\u001b%G"]},"IPTCApplication":{"ApplicationRecordVersion":["\u0004"],"DateCreated":["20120521"],"TimeCreated":["094231+0000"],"DigitalCreationDate":["20120521"],"By-line":["Luna Imaging"]}},"iptc":{"comments":{"IPTCEnvelope":{"CodedCharacterSet":["\u001b%G"]},"IPTCApplication":{"ApplicationRecordVersion":["\u0000\u0004"],"DateCreated":["20120521"],"TimeCreated":["094231+0000"],"DigitalCreationDate":["20120521"],"By-line":["Luna Imaging"]}},"encoding":"ISO-8859-1"},"jpg":{"exif":{"FILE":{"FileName":"feaf3bae4721a38fdb0c0624c81e0d95.jpg","FileDateTime":1522336974,"FileSize":1616674,"FileType":2,"MimeType":"image\/jpeg","SectionsFound":"ANY_TAG, IFD0, EXIF"},"COMPUTED":{"html":"width=\"2864\" height=\"3600\"","Height":3600,"Width":2864,"IsColor":1,"ByteOrderMotorola":0,"CCDWidth":"15mm","ApertureFNumber":"f\/7.1"},"IFD0":{"Make":"Canon","Model":"Canon EOS-1Ds Mark III","Software":"Adobe Photoshop CS5 Macintosh","DateTime":"2012:06:11 14:22:12","Artist":"Luna Imaging","Exif_IFD_Pointer":180},"EXIF":{"ExposureTime":0.0166666666666669995022775907500545145012438297271728515625,"FNumber":7.0999999999999996447286321199499070644378662109375,"ExposureProgram":1,"ISOSpeedRatings":200,"ExifVersion":230,"DateTimeOriginal":"2012:05:21 09:42:31","DateTimeDigitized":"2012:05:21 09:42:31","ShutterSpeedValue":5.9068909999999998916564436512999236583709716796875,"ApertureValue":5.655637999999999721012500231154263019561767578125,"ExposureBiasValue":0,"MaxApertureValue":2.625,"MeteringMode":5,"Flash":0,"FocalLength":50,"SubSecTimeOriginal":8,"SubSecTimeDigitized":8,"ColorSpace":65535,"ExifImageWidth":2397,"ExifImageLength":3012,"FocalPlaneXResolution":3957.71670190270015154965221881866455078125,"FocalPlaneYResolution":3961.90476190480012519401498138904571533203125,"FocalPlaneResolutionUnit":2,"CustomRendered":0,"ExposureMode":1,"WhiteBalance":1,"SceneCaptureType":0,"UndefinedTag:0xA430":"Luna Imaging","UndefinedTag:0xA431":620549,"UndefinedTag:0xA432":["50\/1","50\/1","0\/0","0\/0"],"UndefinedTag:0xA434":"EF50mm f\/2.5 Compact Macro"}}}},"item":{"id":1028,"url":"https:\/\/transcribe.newberry.org\/api\/items\/1028","resource":"items"},"element_texts":[{"html":false,"text":"Completed","element_set":{"id":4,"url":"https:\/\/transcribe.newberry.org\/api\/element_sets\/4","name":"Scripto","resource":"element_sets"},"element":{"id":53,"url":"https:\/\/transcribe.newberry.org\/api\/elements\/53","name":"Status","resource":"elements"}},{"html":false,"text":"7 \ndrinks.  I never knew them to quarrel & injure each other unless they had been taking what they sometimes call by way of [enuscince?] Fire-water.\nAs friends they are constant & faithful as enemies, they are revengful & cruel; yet they must first be ill-treated before they will become your enemy.\nThe complexion of the Cherokees is fair & much lighter than that of the Creeks & other neighboring tribes & that of the Indians generally--& as in other Indian tribes, the females performed most of the drudgery [unclear].\nThis custom has not wholly [dispeared?] Among them as yet.\nIt is deemed by an uncivilized Cherokee man dishonorable to carry a burden.Hence the females  originally served as pack horses for the males - I recollect that an Indian was employed at the mission during the day & as","element_set":{"id":4,"url":"https:\/\/transcribe.newberry.org\/api\/element_sets\/4","name":"Scripto","resource":"element_sets"},"element":{"id":52,"url":"https:\/\/transcribe.newberry.org\/api\/elements\/52","name":"Transcription","resource":"elements"}}],"extended_resources":[]},{"id":68624,"url":"https:\/\/transcribe.newberry.org\/api\/files\/68624","file_urls":{"original":"https:\/\/transcribe.newberry.org\/files\/original\/98f5c02be80c32823b2325d7fb2e0a58.jpg","fullsize":"https:\/\/transcribe.newberry.org\/files\/fullsize\/98f5c02be80c32823b2325d7fb2e0a58.jpg","thumbnail":"https:\/\/transcribe.newberry.org\/files\/thumbnails\/98f5c02be80c32823b2325d7fb2e0a58.jpg","square_thumbnail":"https:\/\/transcribe.newberry.org\/files\/square_thumbnails\/98f5c02be80c32823b2325d7fb2e0a58.jpg"},"added":"2018-03-29T15:23:09+00:00","modified":"2020-03-22T15:55:05+00:00","filename":"98f5c02be80c32823b2325d7fb2e0a58.jpg","authentication":"2ee240c68aeda5874a373bf46494c276","has_derivative_image":true,"mime_type":"image\/jpeg","order":null,"original_filename":"Ayer_MS_3041_00020_o2.jpg","size":783950,"stored":true,"type_os":"JPEG image data, EXIF standard","metadata":{"mime_type":"image\/jpeg","video":{"dataformat":"jpg","lossless":false,"bits_per_sample":24,"pixel_aspect_ratio":1,"resolution_x":1800,"resolution_y":2277,"compression_ratio":0.0637575432261419938750890423762029968202114105224609375},"comments":{"IPTCEnvelope":{"CodedCharacterSet":["\u001b%G"]},"IPTCApplication":{"ApplicationRecordVersion":["\u0004"],"By-line":["Luna Imaging"],"DateCreated":["20120521"],"TimeCreated":["094241+0000"],"DigitalCreationDate":["20120521"]}},"comments_html":{"IPTCEnvelope":{"CodedCharacterSet":["\u001b%G"]},"IPTCApplication":{"ApplicationRecordVersion":["\u0004"],"By-line":["Luna Imaging"],"DateCreated":["20120521"],"TimeCreated":["094241+0000"],"DigitalCreationDate":["20120521"]}},"iptc":{"comments":{"IPTCEnvelope":{"CodedCharacterSet":["\u001b%G"]},"IPTCApplication":{"ApplicationRecordVersion":["\u0000\u0004"],"By-line":["Luna Imaging"],"DateCreated":["20120521"],"TimeCreated":["094241+0000"],"DigitalCreationDate":["20120521"]}},"encoding":"ISO-8859-1"},"jpg":{"exif":{"FILE":{"FileName":"98f5c02be80c32823b2325d7fb2e0a58.jpg","FileDateTime":1522336974,"FileSize":783950,"FileType":2,"MimeType":"image\/jpeg","SectionsFound":"ANY_TAG, IFD0, THUMBNAIL, EXIF"},"COMPUTED":{"html":"width=\"1800\" height=\"2277\"","Height":2277,"Width":1800,"IsColor":1,"ByteOrderMotorola":0,"CCDWidth":"11mm","ApertureFNumber":"f\/7.1","Thumbnail.FileType":2,"Thumbnail.MimeType":"image\/jpeg"},"IFD0":{"ImageWidth":3600,"ImageLength":2277,"BitsPerSample":[8,8,8],"PhotometricInterpretation":2,"Make":"Canon","Model":"Canon EOS-1Ds Mark III","Orientation":1,"SamplesPerPixel":3,"XResolution":300,"YResolution":300,"ResolutionUnit":2,"Software":"Adobe Photoshop CC 2017 (Windows)","DateTime":"2018:03:29 09:45:14","Artist":"Luna Imaging","Exif_IFD_Pointer":312},"THUMBNAIL":{"Compression":6,"XResolution":72,"YResolution":72,"ResolutionUnit":2,"JPEGInterchangeFormat":966,"JPEGInterchangeFormatLength":11047},"EXIF":{"ExposureTime":0.0166666666666669995022775907500545145012438297271728515625,"FNumber":7.0999999999999996447286321199499070644378662109375,"ExposureProgram":1,"ISOSpeedRatings":200,"ExifVersion":230,"DateTimeOriginal":"2012:05:21 09:42:41","DateTimeDigitized":"2012:05:21 09:42:41","ShutterSpeedValue":5.9068909999999998916564436512999236583709716796875,"ApertureValue":5.655637999999999721012500231154263019561767578125,"ExposureBiasValue":0,"MaxApertureValue":2.625,"MeteringMode":5,"Flash":0,"FocalLength":50,"SubSecTimeOriginal":9,"SubSecTimeDigitized":9,"ColorSpace":65535,"ExifImageWidth":1800,"ExifImageLength":2277,"FocalPlaneXResolution":3957.71670190270015154965221881866455078125,"FocalPlaneYResolution":3961.90476190480012519401498138904571533203125,"FocalPlaneResolutionUnit":2,"CustomRendered":0,"ExposureMode":1,"WhiteBalance":1,"SceneCaptureType":0,"UndefinedTag:0xA430":"Luna Imaging","UndefinedTag:0xA431":620549,"UndefinedTag:0xA432":["50\/1","50\/1","0\/0","0\/0"],"UndefinedTag:0xA434":"EF50mm f\/2.5 Compact Macro"}}}},"item":{"id":1028,"url":"https:\/\/transcribe.newberry.org\/api\/items\/1028","resource":"items"},"element_texts":[{"html":false,"text":"Completed","element_set":{"id":4,"url":"https:\/\/transcribe.newberry.org\/api\/element_sets\/4","name":"Scripto","resource":"element_sets"},"element":{"id":53,"url":"https:\/\/transcribe.newberry.org\/api\/elements\/53","name":"Status","resource":"elements"}},{"html":false,"text":"compensation for his services he was to recive 1 Meats Hes lived three quarters of a mile from the Missouri house.  Immediately after Supper, he was missing.  We wondered that he had gone home without his pay, but very Soon his wife arrived from home & called from the Meat & that because her husband deemed in dishonerable to carry it home himself.  Their ancient customs were whenever fast disappearing before the light of civilization.  This food consists of Beef & Pork & Potatoes Milk & Conohasra an article prepared from Corn\nThis dress is principally made of Cotten cloth of a variety of texture & colors.  uclear a little of is is Manufactureds the Northern States.  You could sarcely find in the country when i was there a man an a woman who was not de-","element_set":{"id":4,"url":"https:\/\/transcribe.newberry.org\/api\/element_sets\/4","name":"Scripto","resource":"element_sets"},"element":{"id":52,"url":"https:\/\/transcribe.newberry.org\/api\/elements\/52","name":"Transcription","resource":"elements"}}],"extended_resources":[]}]