[{"id":69558,"url":"https:\/\/transcribe.newberry.org\/api\/files\/69558","file_urls":{"original":"https:\/\/transcribe.newberry.org\/files\/original\/40ba7137540d63f5a255778d7b934020.jpg","fullsize":"https:\/\/transcribe.newberry.org\/files\/fullsize\/40ba7137540d63f5a255778d7b934020.jpg","thumbnail":"https:\/\/transcribe.newberry.org\/files\/thumbnails\/40ba7137540d63f5a255778d7b934020.jpg","square_thumbnail":"https:\/\/transcribe.newberry.org\/files\/square_thumbnails\/40ba7137540d63f5a255778d7b934020.jpg"},"added":"2018-03-29T17:30:34+00:00","modified":"2020-03-25T01:43:56+00:00","filename":"40ba7137540d63f5a255778d7b934020.jpg","authentication":"d80d51734e9ef4565f648c9a34059313","has_derivative_image":true,"mime_type":"image\/jpeg","order":null,"original_filename":"Ayer_MS_868_00002_o2.jpg","size":1601866,"stored":true,"type_os":"JPEG image data, JFIF standard 1.01","metadata":{"mime_type":"image\/jpeg","video":{"dataformat":"jpg","lossless":false,"bits_per_sample":24,"pixel_aspect_ratio":1,"resolution_x":3024,"resolution_y":3600,"compression_ratio":0.049047925240055002815697804408046067692339420318603515625},"comments":{"IPTCEnvelope":{"CodedCharacterSet":["\u001b%G"]},"IPTCApplication":{"ApplicationRecordVersion":["\u0004"],"DateCreated":["20120521"],"TimeCreated":["081257+0000"],"DigitalCreationDate":["20120521"]}},"comments_html":{"IPTCEnvelope":{"CodedCharacterSet":["\u001b%G"]},"IPTCApplication":{"ApplicationRecordVersion":["\u0004"],"DateCreated":["20120521"],"TimeCreated":["081257+0000"],"DigitalCreationDate":["20120521"]}},"iptc":{"comments":{"IPTCEnvelope":{"CodedCharacterSet":["\u001b%G"]},"IPTCApplication":{"ApplicationRecordVersion":["\u0000\u0004"],"DateCreated":["20120521"],"TimeCreated":["081257+0000"],"DigitalCreationDate":["20120521"]}},"encoding":"ISO-8859-1"},"jpg":{"exif":{"FILE":{"FileName":"40ba7137540d63f5a255778d7b934020.jpg","FileDateTime":1522344633,"FileSize":1601866,"FileType":2,"MimeType":"image\/jpeg","SectionsFound":"ANY_TAG, IFD0, EXIF"},"COMPUTED":{"html":"width=\"3024\" height=\"3600\"","Height":3600,"Width":3024,"IsColor":1,"ByteOrderMotorola":0,"CCDWidth":"14mm","ApertureFNumber":"f\/7.1"},"IFD0":{"Make":"Canon","Model":"Canon EOS 5D Mark II","Software":"Adobe Photoshop CS5 Macintosh","DateTime":"2012:06:07 10:11:21","Exif_IFD_Pointer":152},"EXIF":{"ExposureTime":0.0166666666666669995022775907500545145012438297271728515625,"FNumber":7.0999999999999996447286321199499070644378662109375,"ExposureProgram":1,"ISOSpeedRatings":200,"ExifVersion":230,"DateTimeOriginal":"2012:05:21 08:12:57","DateTimeDigitized":"2012:05:21 08:12:57","ShutterSpeedValue":5.9068909999999998916564436512999236583709716796875,"ApertureValue":5.655637999999999721012500231154263019561767578125,"ExposureBiasValue":0,"MaxApertureValue":2.625,"MeteringMode":5,"Flash":16,"FocalLength":50,"SubSecTimeOriginal":91,"SubSecTimeDigitized":91,"ColorSpace":65535,"ExifImageWidth":2185,"ExifImageLength":2601,"FocalPlaneXResolution":3849.21178889649991106125526130199432373046875,"FocalPlaneYResolution":3908.14196242170010009431280195713043212890625,"FocalPlaneResolutionUnit":2,"CustomRendered":0,"ExposureMode":1,"WhiteBalance":1,"SceneCaptureType":0,"UndefinedTag:0xA431":3021505797,"UndefinedTag:0xA432":["50\/1","50\/1","0\/0","0\/0"],"UndefinedTag:0xA434":"EF50mm f\/2.5 Compact Macro"}}}},"item":{"id":1040,"url":"https:\/\/transcribe.newberry.org\/api\/items\/1040","resource":"items"},"element_texts":[{"html":false,"text":"Completed","element_set":{"id":4,"url":"https:\/\/transcribe.newberry.org\/api\/element_sets\/4","name":"Scripto","resource":"element_sets"},"element":{"id":53,"url":"https:\/\/transcribe.newberry.org\/api\/elements\/53","name":"Status","resource":"elements"}},{"html":false,"text":"Substance of an occasional conversation with several Indians\nafter dinner at Israel Pembertons on the 19th of the 4 month of 1756.\nPresent\nScarroyada, an Indian Chief                                   Abraham Farrington\nKaghswooghtaniyonde or the Old Belt                   Joshua Dixon\nKayenquirigoa, or Jonathan                                    Israel Pemberton\nCanachtego, a Cayuga                                          Mary Pemberton\nJonathan's Wife and Son,                                      Owen Jones\n\n                                                                             Anthony Benezett\n\nConrad Weiser                                                      James Pemberton\nAndrew Montour        Interpreters\nDaniel Claus\nIsrael Pemberton, addressing himself to the Indians said\nBretheren,\n\n         I am glad to see you here, and to have an opportunity of informing you\n\nthat as William Penn and our Fathers who first settled this Province were \nmen of peace and against all Wars, so there are still many of us their children,\nwho hold the same Principles, and we hope there are many of your People \nwho still have a love and regard for their old Friends. \nTo which Scarroyada replied:\n\n         I am very glad to hear this account. We love that Principle of Peace. I \n\nwish all Mankind were of the same Mind, knowing it would prevent any Cause\nof Difference or Contention between us with the English, and take away  the\nOccasion of War.\nIsrael Pemberton\n\n         It gives me great pleasure to hear what you say and that the remembrance\n\nof William Penn is so dear to you. My grandfather and great grandfather were his\nparticular Friends. This","element_set":{"id":4,"url":"https:\/\/transcribe.newberry.org\/api\/element_sets\/4","name":"Scripto","resource":"element_sets"},"element":{"id":52,"url":"https:\/\/transcribe.newberry.org\/api\/elements\/52","name":"Transcription","resource":"elements"}}],"extended_resources":[]},{"id":69559,"url":"https:\/\/transcribe.newberry.org\/api\/files\/69559","file_urls":{"original":"https:\/\/transcribe.newberry.org\/files\/original\/973fb4fd3e91703a12b0c26b8c3248a7.jpg","fullsize":"https:\/\/transcribe.newberry.org\/files\/fullsize\/973fb4fd3e91703a12b0c26b8c3248a7.jpg","thumbnail":"https:\/\/transcribe.newberry.org\/files\/thumbnails\/973fb4fd3e91703a12b0c26b8c3248a7.jpg","square_thumbnail":"https:\/\/transcribe.newberry.org\/files\/square_thumbnails\/973fb4fd3e91703a12b0c26b8c3248a7.jpg"},"added":"2018-03-29T17:30:35+00:00","modified":"2020-03-25T21:07:09+00:00","filename":"973fb4fd3e91703a12b0c26b8c3248a7.jpg","authentication":"d17094b0f32abfffe470e22aa31c5985","has_derivative_image":true,"mime_type":"image\/jpeg","order":null,"original_filename":"Ayer_MS_868_00003_o2 copy.jpg","size":710159,"stored":true,"type_os":"JPEG image data, EXIF standard","metadata":{"mime_type":"image\/jpeg","video":{"dataformat":"jpg","lossless":false,"bits_per_sample":24,"pixel_aspect_ratio":1,"resolution_x":1800,"resolution_y":2189,"compression_ratio":0.060078084022808002362392443274075048975646495819091796875},"comments":{"IPTCEnvelope":{"CodedCharacterSet":["\u001b%G"]},"IPTCApplication":{"ApplicationRecordVersion":["\u0004"],"DateCreated":["20120521"],"TimeCreated":["081308+0000"],"DigitalCreationDate":["20120521"]}},"comments_html":{"IPTCEnvelope":{"CodedCharacterSet":["\u001b%G"]},"IPTCApplication":{"ApplicationRecordVersion":["\u0004"],"DateCreated":["20120521"],"TimeCreated":["081308+0000"],"DigitalCreationDate":["20120521"]}},"iptc":{"comments":{"IPTCEnvelope":{"CodedCharacterSet":["\u001b%G"]},"IPTCApplication":{"ApplicationRecordVersion":["\u0000\u0004"],"DateCreated":["20120521"],"TimeCreated":["081308+0000"],"DigitalCreationDate":["20120521"]}},"encoding":"ISO-8859-1"},"jpg":{"exif":{"FILE":{"FileName":"973fb4fd3e91703a12b0c26b8c3248a7.jpg","FileDateTime":1522344633,"FileSize":710159,"FileType":2,"MimeType":"image\/jpeg","SectionsFound":"ANY_TAG, IFD0, THUMBNAIL, EXIF"},"COMPUTED":{"html":"width=\"1800\" height=\"2189\"","Height":2189,"Width":1800,"IsColor":1,"ByteOrderMotorola":0,"CCDWidth":"11mm","ApertureFNumber":"f\/7.1","Thumbnail.FileType":2,"Thumbnail.MimeType":"image\/jpeg"},"IFD0":{"ImageWidth":3600,"ImageLength":2189,"BitsPerSample":[8,8,8],"PhotometricInterpretation":2,"Make":"Canon","Model":"Canon EOS 5D Mark II","Orientation":1,"SamplesPerPixel":3,"XResolution":300,"YResolution":300,"ResolutionUnit":2,"Software":"Adobe Photoshop CC 2017 (Windows)","DateTime":"2018:03:29 12:28:05","Exif_IFD_Pointer":288},"THUMBNAIL":{"Compression":6,"XResolution":72,"YResolution":72,"ResolutionUnit":2,"JPEGInterchangeFormat":918,"JPEGInterchangeFormatLength":6324},"EXIF":{"ExposureTime":0.0166666666666669995022775907500545145012438297271728515625,"FNumber":7.0999999999999996447286321199499070644378662109375,"ExposureProgram":1,"ISOSpeedRatings":200,"ExifVersion":230,"DateTimeOriginal":"2012:05:21 08:13:08","DateTimeDigitized":"2012:05:21 08:13:08","ShutterSpeedValue":5.9068909999999998916564436512999236583709716796875,"ApertureValue":5.655637999999999721012500231154263019561767578125,"ExposureBiasValue":0,"MaxApertureValue":2.625,"MeteringMode":5,"Flash":16,"FocalLength":50,"SubSecTimeOriginal":39,"SubSecTimeDigitized":39,"ColorSpace":65535,"ExifImageWidth":1800,"ExifImageLength":2189,"FocalPlaneXResolution":3849.21178889649991106125526130199432373046875,"FocalPlaneYResolution":3908.14196242170010009431280195713043212890625,"FocalPlaneResolutionUnit":2,"CustomRendered":0,"ExposureMode":1,"WhiteBalance":1,"SceneCaptureType":0,"UndefinedTag:0xA431":3021505797,"UndefinedTag:0xA432":["50\/1","50\/1","0\/0","0\/0"],"UndefinedTag:0xA434":"EF50mm f\/2.5 Compact Macro"}}}},"item":{"id":1040,"url":"https:\/\/transcribe.newberry.org\/api\/items\/1040","resource":"items"},"element_texts":[{"html":false,"text":"Completed","element_set":{"id":4,"url":"https:\/\/transcribe.newberry.org\/api\/element_sets\/4","name":"Scripto","resource":"element_sets"},"element":{"id":53,"url":"https:\/\/transcribe.newberry.org\/api\/elements\/53","name":"Status","resource":"elements"}},{"html":false,"text":"Counsellors & Men of the same Principles. and there are many of\nmy friends who really love and Respect you. and tho' we are not\nConcerned in the Government, have good Estates in it, and wish\nits Welfare and Prosperity, but We are mad every sorrowfull by\nthe bad Conduct of your Cousins the Delawares, who contrary to\nthe friendship they formerly had for us. have done very wickedly &\nshed the Blood fo many of our Bretheren\nScarroyada Answers.\nWhat you now say to us I take to be said\nto all our Brethren of the six Nations, and shall answer you in \ntheir Name. We are glad to hear there are some People left of the\npeaceable Principle, we wish it had been told us sooner, & that you\nhad always spoke and acted agreeable to this Principle: For we \nare sure that tho' our Cousins, the Delaware have struck the Blow, \nthey wou'd not hurt any of You, if they know you as such, & if you\nhad taken sufficient care in Time, you might have kept them under\nyour Eye as Children. The Interpreter explain'd this, that the\nExpression implied that we had been too negligent of cultivating our\nFriendship with the Indians, and that if we had been more Concerned\nwith Each other, the Delaware wou'd have remain'd subject to the\nSix Nations & to us. That they were now grown stiff like a strong tree\nnot easily bow'd, but if we had convers'd with each other with the same\nFreedom our forefathers did, & thereby manifested that we had nothing\nbut Love and Goodwill in our hearts to them, they might have \nbeen kept under our Notice and Direction, as Children under a","element_set":{"id":4,"url":"https:\/\/transcribe.newberry.org\/api\/element_sets\/4","name":"Scripto","resource":"element_sets"},"element":{"id":52,"url":"https:\/\/transcribe.newberry.org\/api\/elements\/52","name":"Transcription","resource":"elements"}}],"extended_resources":[]},{"id":69560,"url":"https:\/\/transcribe.newberry.org\/api\/files\/69560","file_urls":{"original":"https:\/\/transcribe.newberry.org\/files\/original\/1d9416061ac858ca44361bc012f4fabf.jpg","fullsize":"https:\/\/transcribe.newberry.org\/files\/fullsize\/1d9416061ac858ca44361bc012f4fabf.jpg","thumbnail":"https:\/\/transcribe.newberry.org\/files\/thumbnails\/1d9416061ac858ca44361bc012f4fabf.jpg","square_thumbnail":"https:\/\/transcribe.newberry.org\/files\/square_thumbnails\/1d9416061ac858ca44361bc012f4fabf.jpg"},"added":"2018-03-29T17:30:36+00:00","modified":"2020-04-18T19:06:54+00:00","filename":"1d9416061ac858ca44361bc012f4fabf.jpg","authentication":"5d2f34793d18168b565bdf4d36184155","has_derivative_image":true,"mime_type":"image\/jpeg","order":null,"original_filename":"Ayer_MS_868_00003_o2.jpg","size":667141,"stored":true,"type_os":"JPEG image data, EXIF standard","metadata":{"mime_type":"image\/jpeg","video":{"dataformat":"jpg","lossless":false,"bits_per_sample":24,"pixel_aspect_ratio":1,"resolution_x":1800,"resolution_y":2189,"compression_ratio":0.056438844051908999832622981784879812039434909820556640625},"comments":{"IPTCEnvelope":{"CodedCharacterSet":["\u001b%G"]},"IPTCApplication":{"ApplicationRecordVersion":["\u0004"],"DateCreated":["20120521"],"TimeCreated":["081308+0000"],"DigitalCreationDate":["20120521"]}},"comments_html":{"IPTCEnvelope":{"CodedCharacterSet":["\u001b%G"]},"IPTCApplication":{"ApplicationRecordVersion":["\u0004"],"DateCreated":["20120521"],"TimeCreated":["081308+0000"],"DigitalCreationDate":["20120521"]}},"iptc":{"comments":{"IPTCEnvelope":{"CodedCharacterSet":["\u001b%G"]},"IPTCApplication":{"ApplicationRecordVersion":["\u0000\u0004"],"DateCreated":["20120521"],"TimeCreated":["081308+0000"],"DigitalCreationDate":["20120521"]}},"encoding":"ISO-8859-1"},"jpg":{"exif":{"FILE":{"FileName":"1d9416061ac858ca44361bc012f4fabf.jpg","FileDateTime":1522344633,"FileSize":667141,"FileType":2,"MimeType":"image\/jpeg","SectionsFound":"ANY_TAG, IFD0, THUMBNAIL, EXIF"},"COMPUTED":{"html":"width=\"1800\" height=\"2189\"","Height":2189,"Width":1800,"IsColor":1,"ByteOrderMotorola":0,"CCDWidth":"11mm","ApertureFNumber":"f\/7.1","Thumbnail.FileType":2,"Thumbnail.MimeType":"image\/jpeg"},"IFD0":{"ImageWidth":3600,"ImageLength":2189,"BitsPerSample":[8,8,8],"PhotometricInterpretation":2,"Make":"Canon","Model":"Canon EOS 5D Mark II","Orientation":1,"SamplesPerPixel":3,"XResolution":300,"YResolution":300,"ResolutionUnit":2,"Software":"Adobe Photoshop CC 2017 (Windows)","DateTime":"2018:03:29 12:28:05","Exif_IFD_Pointer":288},"THUMBNAIL":{"Compression":6,"XResolution":72,"YResolution":72,"ResolutionUnit":2,"JPEGInterchangeFormat":918,"JPEGInterchangeFormatLength":6024},"EXIF":{"ExposureTime":0.0166666666666669995022775907500545145012438297271728515625,"FNumber":7.0999999999999996447286321199499070644378662109375,"ExposureProgram":1,"ISOSpeedRatings":200,"ExifVersion":230,"DateTimeOriginal":"2012:05:21 08:13:08","DateTimeDigitized":"2012:05:21 08:13:08","ShutterSpeedValue":5.9068909999999998916564436512999236583709716796875,"ApertureValue":5.655637999999999721012500231154263019561767578125,"ExposureBiasValue":0,"MaxApertureValue":2.625,"MeteringMode":5,"Flash":16,"FocalLength":50,"SubSecTimeOriginal":39,"SubSecTimeDigitized":39,"ColorSpace":65535,"ExifImageWidth":1800,"ExifImageLength":2189,"FocalPlaneXResolution":3849.21178889649991106125526130199432373046875,"FocalPlaneYResolution":3908.14196242170010009431280195713043212890625,"FocalPlaneResolutionUnit":2,"CustomRendered":0,"ExposureMode":1,"WhiteBalance":1,"SceneCaptureType":0,"UndefinedTag:0xA431":3021505797,"UndefinedTag:0xA432":["50\/1","50\/1","0\/0","0\/0"],"UndefinedTag:0xA434":"EF50mm f\/2.5 Compact Macro"}}}},"item":{"id":1040,"url":"https:\/\/transcribe.newberry.org\/api\/items\/1040","resource":"items"},"element_texts":[{"html":false,"text":"Completed","element_set":{"id":4,"url":"https:\/\/transcribe.newberry.org\/api\/element_sets\/4","name":"Scripto","resource":"element_sets"},"element":{"id":53,"url":"https:\/\/transcribe.newberry.org\/api\/elements\/53","name":"Status","resource":"elements"}},{"html":false,"text":"Father, and the Six Nations had been Negligent as we. he wou'd \nhave us consider it and alter our Measures\nIsrael Pemberton\nWe wish the Delawares cou'd be restrain'd from\ndoing any more mischief and the greatest Proof we can give of our\nLove & regard for one another, is by convincing them of their bad\nConduct, to engage them to return to their Allegiance, for as this \nGovernment cannot but be highly displeas'd, & is determined to\npunish them, & has therefore declared War against them, no doubt\nbut many of them will suffer for their folly and Wickedness, now\nif you will use your hearty Endeavors with them, we will likewise\nstand between them and our Government for as we Consider they\nhave no King & their most--crossed out wise old men are gone, we look upon them\nas Children who do not know what they are doing, Wherefore if they\nwill forbear any further mischief and repent, we will do all we can \nto have them forgiven.\nScarroyada\nWe attend to what you have said, and we will hold it\nfast (clasping his hand and keeping it Close) till we come to the\nSix Nations where we are now going, and then we will lay it upon\nto them in a straight line (opening his hand wide, with the back of \nit on the Table, & setting his fingers, and a Pipe straight before him)\nand it will be joyfull news to them. & when I relate it to them it will\nmake their Hearts melt.... Your peaceable Principle is noble and\nthe great Spirit above, that is over all, will protect you if you steadily\nkeep to it...  \n2","element_set":{"id":4,"url":"https:\/\/transcribe.newberry.org\/api\/element_sets\/4","name":"Scripto","resource":"element_sets"},"element":{"id":52,"url":"https:\/\/transcribe.newberry.org\/api\/elements\/52","name":"Transcription","resource":"elements"}}],"extended_resources":[]},{"id":69561,"url":"https:\/\/transcribe.newberry.org\/api\/files\/69561","file_urls":{"original":"https:\/\/transcribe.newberry.org\/files\/original\/c83963d49cc808b03a6cbb4fe76ed9a1.jpg","fullsize":"https:\/\/transcribe.newberry.org\/files\/fullsize\/c83963d49cc808b03a6cbb4fe76ed9a1.jpg","thumbnail":"https:\/\/transcribe.newberry.org\/files\/thumbnails\/c83963d49cc808b03a6cbb4fe76ed9a1.jpg","square_thumbnail":"https:\/\/transcribe.newberry.org\/files\/square_thumbnails\/c83963d49cc808b03a6cbb4fe76ed9a1.jpg"},"added":"2018-03-29T17:30:37+00:00","modified":"2020-04-21T23:59:47+00:00","filename":"c83963d49cc808b03a6cbb4fe76ed9a1.jpg","authentication":"5976bd23f9e83b9e1e3bfda1adb686ff","has_derivative_image":true,"mime_type":"image\/jpeg","order":null,"original_filename":"Ayer_MS_868_00004_o2 copy.jpg","size":679766,"stored":true,"type_os":"JPEG image data, EXIF standard","metadata":{"mime_type":"image\/jpeg","video":{"dataformat":"jpg","lossless":false,"bits_per_sample":24,"pixel_aspect_ratio":1,"resolution_x":1800,"resolution_y":2189,"compression_ratio":0.057506894743075999409942511420013033784925937652587890625},"comments":{"IPTCEnvelope":{"CodedCharacterSet":["\u001b%G"]},"IPTCApplication":{"ApplicationRecordVersion":["\u0004"],"DateCreated":["20120521"],"TimeCreated":["081328+0000"],"DigitalCreationDate":["20120521"]}},"comments_html":{"IPTCEnvelope":{"CodedCharacterSet":["\u001b%G"]},"IPTCApplication":{"ApplicationRecordVersion":["\u0004"],"DateCreated":["20120521"],"TimeCreated":["081328+0000"],"DigitalCreationDate":["20120521"]}},"iptc":{"comments":{"IPTCEnvelope":{"CodedCharacterSet":["\u001b%G"]},"IPTCApplication":{"ApplicationRecordVersion":["\u0000\u0004"],"DateCreated":["20120521"],"TimeCreated":["081328+0000"],"DigitalCreationDate":["20120521"]}},"encoding":"ISO-8859-1"},"jpg":{"exif":{"FILE":{"FileName":"c83963d49cc808b03a6cbb4fe76ed9a1.jpg","FileDateTime":1522344633,"FileSize":679766,"FileType":2,"MimeType":"image\/jpeg","SectionsFound":"ANY_TAG, IFD0, THUMBNAIL, EXIF"},"COMPUTED":{"html":"width=\"1800\" height=\"2189\"","Height":2189,"Width":1800,"IsColor":1,"ByteOrderMotorola":0,"CCDWidth":"11mm","ApertureFNumber":"f\/7.1","Thumbnail.FileType":2,"Thumbnail.MimeType":"image\/jpeg"},"IFD0":{"ImageWidth":3600,"ImageLength":2189,"BitsPerSample":[8,8,8],"PhotometricInterpretation":2,"Make":"Canon","Model":"Canon EOS 5D Mark II","Orientation":1,"SamplesPerPixel":3,"XResolution":300,"YResolution":300,"ResolutionUnit":2,"Software":"Adobe Photoshop CC 2017 (Windows)","DateTime":"2018:03:29 12:28:06","Exif_IFD_Pointer":288},"THUMBNAIL":{"Compression":6,"XResolution":72,"YResolution":72,"ResolutionUnit":2,"JPEGInterchangeFormat":918,"JPEGInterchangeFormatLength":6857},"EXIF":{"ExposureTime":0.0166666666666669995022775907500545145012438297271728515625,"FNumber":7.0999999999999996447286321199499070644378662109375,"ExposureProgram":1,"ISOSpeedRatings":200,"ExifVersion":230,"DateTimeOriginal":"2012:05:21 08:13:28","DateTimeDigitized":"2012:05:21 08:13:28","ShutterSpeedValue":5.9068909999999998916564436512999236583709716796875,"ApertureValue":5.655637999999999721012500231154263019561767578125,"ExposureBiasValue":0,"MaxApertureValue":2.625,"MeteringMode":5,"Flash":16,"FocalLength":50,"SubSecTimeOriginal":29,"SubSecTimeDigitized":29,"ColorSpace":65535,"ExifImageWidth":1800,"ExifImageLength":2189,"FocalPlaneXResolution":3849.21178889649991106125526130199432373046875,"FocalPlaneYResolution":3908.14196242170010009431280195713043212890625,"FocalPlaneResolutionUnit":2,"CustomRendered":0,"ExposureMode":1,"WhiteBalance":1,"SceneCaptureType":0,"UndefinedTag:0xA431":3021505797,"UndefinedTag:0xA432":["50\/1","50\/1","0\/0","0\/0"],"UndefinedTag:0xA434":"EF50mm f\/2.5 Compact Macro"}}}},"item":{"id":1040,"url":"https:\/\/transcribe.newberry.org\/api\/items\/1040","resource":"items"},"element_texts":[{"html":false,"text":"Completed","element_set":{"id":4,"url":"https:\/\/transcribe.newberry.org\/api\/element_sets\/4","name":"Scripto","resource":"element_sets"},"element":{"id":53,"url":"https:\/\/transcribe.newberry.org\/api\/elements\/53","name":"Status","resource":"elements"}},{"html":false,"text":"They were then told that some more of our Brethren in \n\nTown, who profess'd the same principle of Peace wou\u2019d be\nPleas\u2019s with an opportunity of seeing them, + of making\nourselves more known to them.\n\n         On the 21st: 2 mo 1756 in the Morning\n\nAt a conference ~ Present\nThe same Indians as before\nwith several others          \n\n         Joshua Dixon                             Israel Pemberton\n         Abrm. Farrington                  Willm. Logan\n         Anthy. Morris                          John Smith\n         Mordecai Yarnall                       James Pemberton\n         Samuel Powell                          Saml. Abbott\n         Isaac Zane                                John Armitt\n         James Lownes                          Owen Jones\n         Anthy. Benezet                       Thomas Brown\n         Danl. Stanton                           John Reynell\n         John Pemberton                        Thomas Say\n\nFirst. Gave a string of Wampum requesting their attention to\nwhat was about to be said to them, being a Matter of great Importance.\nBrethren\n\n           The opportunity some of us had of your Company the\n\nother Day, has given us great Satisfaction, + finding your retrain, \nso lively + affectionate Rememb\u2019rance of Willm. Penn + our\nForefather, + the friendship which subsisted between them + your Fathers, \nit hath rejoiced our Brethren who have heard it, + some more of them\nare now come here to see you, for tho' we have long lain hid and almost buried\nby the great numbers of other People who  are come into","element_set":{"id":4,"url":"https:\/\/transcribe.newberry.org\/api\/element_sets\/4","name":"Scripto","resource":"element_sets"},"element":{"id":52,"url":"https:\/\/transcribe.newberry.org\/api\/elements\/52","name":"Transcription","resource":"elements"}}],"extended_resources":[]},{"id":69562,"url":"https:\/\/transcribe.newberry.org\/api\/files\/69562","file_urls":{"original":"https:\/\/transcribe.newberry.org\/files\/original\/5669d39945ebc82a516bd4c9688f3625.jpg","fullsize":"https:\/\/transcribe.newberry.org\/files\/fullsize\/5669d39945ebc82a516bd4c9688f3625.jpg","thumbnail":"https:\/\/transcribe.newberry.org\/files\/thumbnails\/5669d39945ebc82a516bd4c9688f3625.jpg","square_thumbnail":"https:\/\/transcribe.newberry.org\/files\/square_thumbnails\/5669d39945ebc82a516bd4c9688f3625.jpg"},"added":"2018-03-29T17:30:37+00:00","modified":"2020-04-22T00:14:11+00:00","filename":"5669d39945ebc82a516bd4c9688f3625.jpg","authentication":"6ebb3d6746a1097eed37398c5aec839d","has_derivative_image":true,"mime_type":"image\/jpeg","order":null,"original_filename":"Ayer_MS_868_00004_o2.jpg","size":741584,"stored":true,"type_os":"JPEG image data, EXIF standard","metadata":{"mime_type":"image\/jpeg","video":{"dataformat":"jpg","lossless":false,"bits_per_sample":24,"pixel_aspect_ratio":1,"resolution_x":1800,"resolution_y":2189,"compression_ratio":0.06273657851547299879602093142239027656614780426025390625},"comments":{"IPTCEnvelope":{"CodedCharacterSet":["\u001b%G"]},"IPTCApplication":{"ApplicationRecordVersion":["\u0004"],"DateCreated":["20120521"],"TimeCreated":["081328+0000"],"DigitalCreationDate":["20120521"]}},"comments_html":{"IPTCEnvelope":{"CodedCharacterSet":["\u001b%G"]},"IPTCApplication":{"ApplicationRecordVersion":["\u0004"],"DateCreated":["20120521"],"TimeCreated":["081328+0000"],"DigitalCreationDate":["20120521"]}},"iptc":{"comments":{"IPTCEnvelope":{"CodedCharacterSet":["\u001b%G"]},"IPTCApplication":{"ApplicationRecordVersion":["\u0000\u0004"],"DateCreated":["20120521"],"TimeCreated":["081328+0000"],"DigitalCreationDate":["20120521"]}},"encoding":"ISO-8859-1"},"jpg":{"exif":{"FILE":{"FileName":"5669d39945ebc82a516bd4c9688f3625.jpg","FileDateTime":1522344634,"FileSize":741584,"FileType":2,"MimeType":"image\/jpeg","SectionsFound":"ANY_TAG, IFD0, THUMBNAIL, EXIF"},"COMPUTED":{"html":"width=\"1800\" height=\"2189\"","Height":2189,"Width":1800,"IsColor":1,"ByteOrderMotorola":0,"CCDWidth":"11mm","ApertureFNumber":"f\/7.1","Thumbnail.FileType":2,"Thumbnail.MimeType":"image\/jpeg"},"IFD0":{"ImageWidth":3600,"ImageLength":2189,"BitsPerSample":[8,8,8],"PhotometricInterpretation":2,"Make":"Canon","Model":"Canon EOS 5D Mark II","Orientation":1,"SamplesPerPixel":3,"XResolution":300,"YResolution":300,"ResolutionUnit":2,"Software":"Adobe Photoshop CC 2017 (Windows)","DateTime":"2018:03:29 12:28:06","Exif_IFD_Pointer":288},"THUMBNAIL":{"Compression":6,"XResolution":72,"YResolution":72,"ResolutionUnit":2,"JPEGInterchangeFormat":918,"JPEGInterchangeFormatLength":7759},"EXIF":{"ExposureTime":0.0166666666666669995022775907500545145012438297271728515625,"FNumber":7.0999999999999996447286321199499070644378662109375,"ExposureProgram":1,"ISOSpeedRatings":200,"ExifVersion":230,"DateTimeOriginal":"2012:05:21 08:13:28","DateTimeDigitized":"2012:05:21 08:13:28","ShutterSpeedValue":5.9068909999999998916564436512999236583709716796875,"ApertureValue":5.655637999999999721012500231154263019561767578125,"ExposureBiasValue":0,"MaxApertureValue":2.625,"MeteringMode":5,"Flash":16,"FocalLength":50,"SubSecTimeOriginal":29,"SubSecTimeDigitized":29,"ColorSpace":65535,"ExifImageWidth":1800,"ExifImageLength":2189,"FocalPlaneXResolution":3849.21178889649991106125526130199432373046875,"FocalPlaneYResolution":3908.14196242170010009431280195713043212890625,"FocalPlaneResolutionUnit":2,"CustomRendered":0,"ExposureMode":1,"WhiteBalance":1,"SceneCaptureType":0,"UndefinedTag:0xA431":3021505797,"UndefinedTag:0xA432":["50\/1","50\/1","0\/0","0\/0"],"UndefinedTag:0xA434":"EF50mm f\/2.5 Compact Macro"}}}},"item":{"id":1040,"url":"https:\/\/transcribe.newberry.org\/api\/items\/1040","resource":"items"},"element_texts":[{"html":false,"text":"Completed","element_set":{"id":4,"url":"https:\/\/transcribe.newberry.org\/api\/element_sets\/4","name":"Scripto","resource":"element_sets"},"element":{"id":53,"url":"https:\/\/transcribe.newberry.org\/api\/elements\/53","name":"Status","resource":"elements"}},{"html":false,"text":"this Province, many of whom are men of different Principles from us,\nyet we can inform you there is a great number in this City and other\nParts of the Province, and some even on the Frontiers where a great\ndeal of Blood was shed, who are the Children of William Penn and\nthe first settlers that are men of the same peaceable Principles, and \nwho love you as our Brethren.\n\n         We shall now arise and show ourselves to you, for as we are\n\nsorrowfull that differences have arisen between your Cousins the\nDelawares and our People, we are desirous of using our Endeavors\nto restore Peace and if they will stop from doing further Mischief,\nwe shall be ready to stand between them and the Government that\nthey may be forgiven, and as Proof of our sincerity, we give you this\nBelt (a large White belt) which you see is white without any Mixture, \nas our love and Friendship to you is, and as it is made of many Pieces\nwhich were small and of little weight, or strength before they were\nknit together, but is now strong and firm, so we when collected + \nunited together shall appear to our Brethrens + we desire you by\nthis Belt, to let both the six Nations + Delawares know that we have \nnot forgot the Love and Kindnesse of their Fathers to ours, and as we\nare Men of the same peaceable Principles, we are ready to give our\nAssistance in any manner we can, to put a stop to the present Blood shed\nand open a way for a Treaty in which all uneasinesses may be freely open\u2019d\n+ when the Grounds thereof are known.  We will endeavour to get \nthem removed in every respect.\n\n           Gave a large belt of white Wampum\n\nBrethren\n\n           As you are wise men, We desire you to consider in what","element_set":{"id":4,"url":"https:\/\/transcribe.newberry.org\/api\/element_sets\/4","name":"Scripto","resource":"element_sets"},"element":{"id":52,"url":"https:\/\/transcribe.newberry.org\/api\/elements\/52","name":"Transcription","resource":"elements"}}],"extended_resources":[]},{"id":69563,"url":"https:\/\/transcribe.newberry.org\/api\/files\/69563","file_urls":{"original":"https:\/\/transcribe.newberry.org\/files\/original\/efe75a4ea6d5629ad0534795bab84e3a.jpg","fullsize":"https:\/\/transcribe.newberry.org\/files\/fullsize\/efe75a4ea6d5629ad0534795bab84e3a.jpg","thumbnail":"https:\/\/transcribe.newberry.org\/files\/thumbnails\/efe75a4ea6d5629ad0534795bab84e3a.jpg","square_thumbnail":"https:\/\/transcribe.newberry.org\/files\/square_thumbnails\/efe75a4ea6d5629ad0534795bab84e3a.jpg"},"added":"2018-03-29T17:30:38+00:00","modified":"2020-04-22T19:57:36+00:00","filename":"efe75a4ea6d5629ad0534795bab84e3a.jpg","authentication":"bc5d9eb573965a0c56a2b5325dbeb032","has_derivative_image":true,"mime_type":"image\/jpeg","order":null,"original_filename":"Ayer_MS_868_00005_o2 copy.jpg","size":753968,"stored":true,"type_os":"JPEG image data, EXIF standard","metadata":{"mime_type":"image\/jpeg","video":{"dataformat":"jpg","lossless":false,"bits_per_sample":24,"pixel_aspect_ratio":1,"resolution_x":1800,"resolution_y":2190,"compression_ratio":0.063755115846440002513872968847863376140594482421875},"comments":{"IPTCEnvelope":{"CodedCharacterSet":["\u001b%G"]},"IPTCApplication":{"ApplicationRecordVersion":["\u0004"],"DateCreated":["20120521"],"TimeCreated":["081342+0000"],"DigitalCreationDate":["20120521"]}},"comments_html":{"IPTCEnvelope":{"CodedCharacterSet":["\u001b%G"]},"IPTCApplication":{"ApplicationRecordVersion":["\u0004"],"DateCreated":["20120521"],"TimeCreated":["081342+0000"],"DigitalCreationDate":["20120521"]}},"iptc":{"comments":{"IPTCEnvelope":{"CodedCharacterSet":["\u001b%G"]},"IPTCApplication":{"ApplicationRecordVersion":["\u0000\u0004"],"DateCreated":["20120521"],"TimeCreated":["081342+0000"],"DigitalCreationDate":["20120521"]}},"encoding":"ISO-8859-1"},"jpg":{"exif":{"FILE":{"FileName":"efe75a4ea6d5629ad0534795bab84e3a.jpg","FileDateTime":1522344634,"FileSize":753968,"FileType":2,"MimeType":"image\/jpeg","SectionsFound":"ANY_TAG, IFD0, THUMBNAIL, EXIF"},"COMPUTED":{"html":"width=\"1800\" height=\"2190\"","Height":2190,"Width":1800,"IsColor":1,"ByteOrderMotorola":0,"CCDWidth":"11mm","ApertureFNumber":"f\/7.1","Thumbnail.FileType":2,"Thumbnail.MimeType":"image\/jpeg"},"IFD0":{"ImageWidth":3600,"ImageLength":2190,"BitsPerSample":[8,8,8],"PhotometricInterpretation":2,"Make":"Canon","Model":"Canon EOS 5D Mark II","Orientation":1,"SamplesPerPixel":3,"XResolution":300,"YResolution":300,"ResolutionUnit":2,"Software":"Adobe Photoshop CC 2017 (Windows)","DateTime":"2018:03:29 12:28:07","Exif_IFD_Pointer":288},"THUMBNAIL":{"Compression":6,"XResolution":72,"YResolution":72,"ResolutionUnit":2,"JPEGInterchangeFormat":918,"JPEGInterchangeFormatLength":7603},"EXIF":{"ExposureTime":0.0166666666666669995022775907500545145012438297271728515625,"FNumber":7.0999999999999996447286321199499070644378662109375,"ExposureProgram":1,"ISOSpeedRatings":200,"ExifVersion":230,"DateTimeOriginal":"2012:05:21 08:13:42","DateTimeDigitized":"2012:05:21 08:13:42","ShutterSpeedValue":5.9068909999999998916564436512999236583709716796875,"ApertureValue":5.655637999999999721012500231154263019561767578125,"ExposureBiasValue":0,"MaxApertureValue":2.625,"MeteringMode":5,"Flash":16,"FocalLength":50,"SubSecTimeOriginal":39,"SubSecTimeDigitized":39,"ColorSpace":65535,"ExifImageWidth":1800,"ExifImageLength":2190,"FocalPlaneXResolution":3849.21178889649991106125526130199432373046875,"FocalPlaneYResolution":3908.14196242170010009431280195713043212890625,"FocalPlaneResolutionUnit":2,"CustomRendered":0,"ExposureMode":1,"WhiteBalance":1,"SceneCaptureType":0,"UndefinedTag:0xA431":3021505797,"UndefinedTag:0xA432":["50\/1","50\/1","0\/0","0\/0"],"UndefinedTag:0xA434":"EF50mm f\/2.5 Compact Macro"}}}},"item":{"id":1040,"url":"https:\/\/transcribe.newberry.org\/api\/items\/1040","resource":"items"},"element_texts":[{"html":false,"text":"Completed","element_set":{"id":4,"url":"https:\/\/transcribe.newberry.org\/api\/element_sets\/4","name":"Scripto","resource":"element_sets"},"element":{"id":53,"url":"https:\/\/transcribe.newberry.org\/api\/elements\/53","name":"Status","resource":"elements"}},{"html":false,"text":"manner we may be soonest able to put a stop to the Shedding of blood\nfor as many of our friends of the same peaceable Principle with us for whom\nyou express so much regard, live in different parts of the Province and some\non the very Frontiers without something be done soon. They may be unclear\namong others. Therefore for their Sakes in particular, as well as of our\nCountrymen in general, we are concern\u2019d to have some speedy stop put \nto the shedding blood\n\n              Gave a String and some Medals with the King's head\n\nScarroyada's Answer\n\n              Brethren\n\n              We are glad to hear what you have said to us + to understand\n\nby the Belt you gave us, that you offer to stand up as Willm.  Penn\u2019s Children,\nand that the old Principles of Peace + Love are yet in being. Your\nFathers declared that they had nothing but Love + Goodwill in their Hearts\nto all men. We thought that the People of that Persuasion had been all dead, \nor bury'd in the Bushes, or in the ashes, but we are very glad there are some \nof the same men living, + that you offer to stand as Mediators between our\nCousins the Delawares + this government now at variance. We will heartily \njoin you herein. It is not only us few who hear you, but all the Six nations. As to\nthis Misfortune it came upon us as if an Evil spirit had arisen from under the \nGround, + spread all over the Country and the Blood was begun to be spilt\nbefore we had time to think, but we must now all apply to the Good spirit\nto assist both you and us to subdue the Evil Spirits.\n\n           Bretheren\n\n           We will think of the best way to advise you and Communicate our \n\nsentiments before we leave Town we will fix the Medals you gave us on our\nBreasts + when ever we look on them, we shall remember, + let others\nknow that some of Willm. Penn's Decendants of the same Principles he\nwas, are still living .........","element_set":{"id":4,"url":"https:\/\/transcribe.newberry.org\/api\/element_sets\/4","name":"Scripto","resource":"element_sets"},"element":{"id":52,"url":"https:\/\/transcribe.newberry.org\/api\/elements\/52","name":"Transcription","resource":"elements"}}],"extended_resources":[]},{"id":69564,"url":"https:\/\/transcribe.newberry.org\/api\/files\/69564","file_urls":{"original":"https:\/\/transcribe.newberry.org\/files\/original\/c87b2ec06ac22fd3c86fb09ac7ebddf7.jpg","fullsize":"https:\/\/transcribe.newberry.org\/files\/fullsize\/c87b2ec06ac22fd3c86fb09ac7ebddf7.jpg","thumbnail":"https:\/\/transcribe.newberry.org\/files\/thumbnails\/c87b2ec06ac22fd3c86fb09ac7ebddf7.jpg","square_thumbnail":"https:\/\/transcribe.newberry.org\/files\/square_thumbnails\/c87b2ec06ac22fd3c86fb09ac7ebddf7.jpg"},"added":"2018-03-29T17:30:39+00:00","modified":"2020-04-22T20:08:52+00:00","filename":"c87b2ec06ac22fd3c86fb09ac7ebddf7.jpg","authentication":"d1be38cf11b67658f7679f42b8fa3203","has_derivative_image":true,"mime_type":"image\/jpeg","order":null,"original_filename":"Ayer_MS_868_00005_o2.jpg","size":650075,"stored":true,"type_os":"JPEG image data, EXIF standard","metadata":{"mime_type":"image\/jpeg","video":{"dataformat":"jpg","lossless":false,"bits_per_sample":24,"pixel_aspect_ratio":1,"resolution_x":1800,"resolution_y":2190,"compression_ratio":0.054969981396922003302751846831597504206001758575439453125},"comments":{"IPTCEnvelope":{"CodedCharacterSet":["\u001b%G"]},"IPTCApplication":{"ApplicationRecordVersion":["\u0004"],"DateCreated":["20120521"],"TimeCreated":["081342+0000"],"DigitalCreationDate":["20120521"]}},"comments_html":{"IPTCEnvelope":{"CodedCharacterSet":["\u001b%G"]},"IPTCApplication":{"ApplicationRecordVersion":["\u0004"],"DateCreated":["20120521"],"TimeCreated":["081342+0000"],"DigitalCreationDate":["20120521"]}},"iptc":{"comments":{"IPTCEnvelope":{"CodedCharacterSet":["\u001b%G"]},"IPTCApplication":{"ApplicationRecordVersion":["\u0000\u0004"],"DateCreated":["20120521"],"TimeCreated":["081342+0000"],"DigitalCreationDate":["20120521"]}},"encoding":"ISO-8859-1"},"jpg":{"exif":{"FILE":{"FileName":"c87b2ec06ac22fd3c86fb09ac7ebddf7.jpg","FileDateTime":1522344634,"FileSize":650075,"FileType":2,"MimeType":"image\/jpeg","SectionsFound":"ANY_TAG, IFD0, THUMBNAIL, EXIF"},"COMPUTED":{"html":"width=\"1800\" height=\"2190\"","Height":2190,"Width":1800,"IsColor":1,"ByteOrderMotorola":0,"CCDWidth":"11mm","ApertureFNumber":"f\/7.1","Thumbnail.FileType":2,"Thumbnail.MimeType":"image\/jpeg"},"IFD0":{"ImageWidth":3600,"ImageLength":2190,"BitsPerSample":[8,8,8],"PhotometricInterpretation":2,"Make":"Canon","Model":"Canon EOS 5D Mark II","Orientation":1,"SamplesPerPixel":3,"XResolution":300,"YResolution":300,"ResolutionUnit":2,"Software":"Adobe Photoshop CC 2017 (Windows)","DateTime":"2018:03:29 12:28:07","Exif_IFD_Pointer":288},"THUMBNAIL":{"Compression":6,"XResolution":72,"YResolution":72,"ResolutionUnit":2,"JPEGInterchangeFormat":918,"JPEGInterchangeFormatLength":6004},"EXIF":{"ExposureTime":0.0166666666666669995022775907500545145012438297271728515625,"FNumber":7.0999999999999996447286321199499070644378662109375,"ExposureProgram":1,"ISOSpeedRatings":200,"ExifVersion":230,"DateTimeOriginal":"2012:05:21 08:13:42","DateTimeDigitized":"2012:05:21 08:13:42","ShutterSpeedValue":5.9068909999999998916564436512999236583709716796875,"ApertureValue":5.655637999999999721012500231154263019561767578125,"ExposureBiasValue":0,"MaxApertureValue":2.625,"MeteringMode":5,"Flash":16,"FocalLength":50,"SubSecTimeOriginal":39,"SubSecTimeDigitized":39,"ColorSpace":65535,"ExifImageWidth":1800,"ExifImageLength":2190,"FocalPlaneXResolution":3849.21178889649991106125526130199432373046875,"FocalPlaneYResolution":3908.14196242170010009431280195713043212890625,"FocalPlaneResolutionUnit":2,"CustomRendered":0,"ExposureMode":1,"WhiteBalance":1,"SceneCaptureType":0,"UndefinedTag:0xA431":3021505797,"UndefinedTag:0xA432":["50\/1","50\/1","0\/0","0\/0"],"UndefinedTag:0xA434":"EF50mm f\/2.5 Compact Macro"}}}},"item":{"id":1040,"url":"https:\/\/transcribe.newberry.org\/api\/items\/1040","resource":"items"},"element_texts":[{"html":false,"text":"Completed","element_set":{"id":4,"url":"https:\/\/transcribe.newberry.org\/api\/element_sets\/4","name":"Scripto","resource":"element_sets"},"element":{"id":53,"url":"https:\/\/transcribe.newberry.org\/api\/elements\/53","name":"Status","resource":"elements"}},{"html":false,"text":"The foregoing is the Substance of the Conversation between Izl.l Pembn. on behalf of the Quakers and Scarroyada an Indian Chief at Philadelphia the 19th + 21st of the 2 month of 1756\n\n                                            Conrad Weiser\n                                            Danl. Claus\n                                            Hendrick Vulgo\n                                            Andrew.......H M Montour\n\nAs as Conference the 23d of 2 mo 1756 in the House of  Israel Pemberton\n\n                                           Samuel Powell\n                                           Anthony Morris\n                                           James Lownes\n                                           Abraham Farrington\n                                           Joshua Dixon\n                                           William Logan\n                                           John Smith\n                                           Anthy. Benezett\n                                           Israel Pemberton\n                                           James Pemberton\n                                           John Pemberton\n                                           Owen Jones\n                                           John Reynell\n                                           John Armitt\n                                           Mordecai Yarnall\n                                           Thomas Brown\n                                           Thomas Say\n                                           Isaac Zane\n                                           Thomas Lightfoot\n\nIndians Present\nScarroyada or Monakatecha\nKagshwooghtaniyonde or the Belt\nKayenquirigoa or Jonathan\nSadekaronyes or Jiggarea\nKarandow .... New Castle\nOstinados ... Sinicha George\nOghsaghrahhe...Thick leg   \nOghwistoony...the Smith or Lance Indian\nTsyohogata ... Green Jackett \nTyadaroonie ... David\nThonaghtogo...The Cayuga  \nWoatsadacko ... Scarroyada's boy\nAroas ... Silver heels\nWilliam Locqueis ... a Delaware\nAnd several Indian Women\nConrad Weiser\nAndrew Montour   }  Interpreters\nDaniel Claus\nScarroyada, standing up said\n\n                       Brethren, directing his discourse to Onas (by which they mean People like minded with the first settlers) We are","element_set":{"id":4,"url":"https:\/\/transcribe.newberry.org\/api\/element_sets\/4","name":"Scripto","resource":"element_sets"},"element":{"id":52,"url":"https:\/\/transcribe.newberry.org\/api\/elements\/52","name":"Transcription","resource":"elements"}}],"extended_resources":[]},{"id":69565,"url":"https:\/\/transcribe.newberry.org\/api\/files\/69565","file_urls":{"original":"https:\/\/transcribe.newberry.org\/files\/original\/3d56ab0fb7a5ffacd639e90d22fa9eb9.jpg","fullsize":"https:\/\/transcribe.newberry.org\/files\/fullsize\/3d56ab0fb7a5ffacd639e90d22fa9eb9.jpg","thumbnail":"https:\/\/transcribe.newberry.org\/files\/thumbnails\/3d56ab0fb7a5ffacd639e90d22fa9eb9.jpg","square_thumbnail":"https:\/\/transcribe.newberry.org\/files\/square_thumbnails\/3d56ab0fb7a5ffacd639e90d22fa9eb9.jpg"},"added":"2018-03-29T17:30:40+00:00","modified":"2020-04-21T23:46:02+00:00","filename":"3d56ab0fb7a5ffacd639e90d22fa9eb9.jpg","authentication":"8af3d245aa798d5d28a76a7f3eac37ef","has_derivative_image":true,"mime_type":"image\/jpeg","order":null,"original_filename":"Ayer_MS_868_00006_o2 copy.jpg","size":746491,"stored":true,"type_os":"JPEG image data, EXIF standard","metadata":{"mime_type":"image\/jpeg","video":{"dataformat":"jpg","lossless":false,"bits_per_sample":24,"pixel_aspect_ratio":1,"resolution_x":1800,"resolution_y":2189,"compression_ratio":0.06315170126727899513330299896551878191530704498291015625},"comments":{"IPTCEnvelope":{"CodedCharacterSet":["\u001b%G"]},"IPTCApplication":{"ApplicationRecordVersion":["\u0004"],"DateCreated":["20120521"],"TimeCreated":["081356+0000"],"DigitalCreationDate":["20120521"]}},"comments_html":{"IPTCEnvelope":{"CodedCharacterSet":["\u001b%G"]},"IPTCApplication":{"ApplicationRecordVersion":["\u0004"],"DateCreated":["20120521"],"TimeCreated":["081356+0000"],"DigitalCreationDate":["20120521"]}},"iptc":{"comments":{"IPTCEnvelope":{"CodedCharacterSet":["\u001b%G"]},"IPTCApplication":{"ApplicationRecordVersion":["\u0000\u0004"],"DateCreated":["20120521"],"TimeCreated":["081356+0000"],"DigitalCreationDate":["20120521"]}},"encoding":"ISO-8859-1"},"jpg":{"exif":{"FILE":{"FileName":"3d56ab0fb7a5ffacd639e90d22fa9eb9.jpg","FileDateTime":1522344634,"FileSize":746491,"FileType":2,"MimeType":"image\/jpeg","SectionsFound":"ANY_TAG, IFD0, THUMBNAIL, EXIF"},"COMPUTED":{"html":"width=\"1800\" height=\"2189\"","Height":2189,"Width":1800,"IsColor":1,"ByteOrderMotorola":0,"CCDWidth":"11mm","ApertureFNumber":"f\/7.1","Thumbnail.FileType":2,"Thumbnail.MimeType":"image\/jpeg"},"IFD0":{"ImageWidth":3600,"ImageLength":2189,"BitsPerSample":[8,8,8],"PhotometricInterpretation":2,"Make":"Canon","Model":"Canon EOS 5D Mark II","Orientation":1,"SamplesPerPixel":3,"XResolution":300,"YResolution":300,"ResolutionUnit":2,"Software":"Adobe Photoshop CC 2017 (Windows)","DateTime":"2018:03:29 12:28:08","Exif_IFD_Pointer":288},"THUMBNAIL":{"Compression":6,"XResolution":72,"YResolution":72,"ResolutionUnit":2,"JPEGInterchangeFormat":918,"JPEGInterchangeFormatLength":5954},"EXIF":{"ExposureTime":0.0166666666666669995022775907500545145012438297271728515625,"FNumber":7.0999999999999996447286321199499070644378662109375,"ExposureProgram":1,"ISOSpeedRatings":200,"ExifVersion":230,"DateTimeOriginal":"2012:05:21 08:13:56","DateTimeDigitized":"2012:05:21 08:13:56","ShutterSpeedValue":5.9068909999999998916564436512999236583709716796875,"ApertureValue":5.655637999999999721012500231154263019561767578125,"ExposureBiasValue":0,"MaxApertureValue":2.625,"MeteringMode":5,"Flash":16,"FocalLength":50,"SubSecTimeOriginal":49,"SubSecTimeDigitized":49,"ColorSpace":65535,"ExifImageWidth":1800,"ExifImageLength":2189,"FocalPlaneXResolution":3849.21178889649991106125526130199432373046875,"FocalPlaneYResolution":3908.14196242170010009431280195713043212890625,"FocalPlaneResolutionUnit":2,"CustomRendered":0,"ExposureMode":1,"WhiteBalance":1,"SceneCaptureType":0,"UndefinedTag:0xA431":3021505797,"UndefinedTag:0xA432":["50\/1","50\/1","0\/0","0\/0"],"UndefinedTag:0xA434":"EF50mm f\/2.5 Compact Macro"}}}},"item":{"id":1040,"url":"https:\/\/transcribe.newberry.org\/api\/items\/1040","resource":"items"},"element_texts":[{"html":false,"text":"Completed","element_set":{"id":4,"url":"https:\/\/transcribe.newberry.org\/api\/element_sets\/4","name":"Scripto","resource":"element_sets"},"element":{"id":53,"url":"https:\/\/transcribe.newberry.org\/api\/elements\/53","name":"Status","resource":"elements"}},{"html":false,"text":"glad to hear so many of your sort of People are now alive, that you rise again from the Dead, and \ntho\u2019 we have been lost to one another a great while, We are very glad to hear you are of the same\nSentiments with Onas. Since he was dead there have from time to time come new Governors one \nafter another and another sort of People different from the First settlers and we lost him (meaning\nOnas). We are very glad at your rising up and holding the White belt in your hands as an Emblem\nof Peace to endeavour to reconcile the People that are at War. We will hold fast what you say and\nand endeavour to carry it to the six Nations and add Strength to it is who will be very glad to hear there\nare some People of the same Principles as the first Settlers, for we have not heard of you for many\nYears.      A. String\nBrethren\n\n            We are glad to hear you speak after the Language of Onas. and of the Principles of Peace he\n\nhe preach'd or recommended. We thought there were no more of that People of that Principle left\nin this Country. We are glad to see you now, and hear you speak; We will","element_set":{"id":4,"url":"https:\/\/transcribe.newberry.org\/api\/element_sets\/4","name":"Scripto","resource":"element_sets"},"element":{"id":52,"url":"https:\/\/transcribe.newberry.org\/api\/elements\/52","name":"Transcription","resource":"elements"}}],"extended_resources":[]}]