[{"id":72694,"url":"https:\/\/transcribe.newberry.org\/api\/files\/72694","file_urls":{"original":"https:\/\/transcribe.newberry.org\/files\/original\/f67d5e73c138a998b62c19507bad8b72.jpg","fullsize":"https:\/\/transcribe.newberry.org\/files\/fullsize\/f67d5e73c138a998b62c19507bad8b72.jpg","thumbnail":"https:\/\/transcribe.newberry.org\/files\/thumbnails\/f67d5e73c138a998b62c19507bad8b72.jpg","square_thumbnail":"https:\/\/transcribe.newberry.org\/files\/square_thumbnails\/f67d5e73c138a998b62c19507bad8b72.jpg"},"added":"2018-04-03T16:27:22+00:00","modified":"2019-11-04T22:41:52+00:00","filename":"f67d5e73c138a998b62c19507bad8b72.jpg","authentication":"37b633dac95cc26ccbaf0c895e7e9e5c","has_derivative_image":true,"mime_type":"image\/jpeg","order":null,"original_filename":"Ayer_MS_730_00001_o2.jpg","size":1664795,"stored":true,"type_os":"JPEG image data, JFIF standard 1.01","metadata":{"mime_type":"image\/jpeg","video":{"dataformat":"jpg","lossless":false,"bits_per_sample":24,"pixel_aspect_ratio":1,"resolution_x":2925,"resolution_y":3600,"compression_ratio":0.052700063311174001612346984302348573692142963409423828125},"comments":{"IPTCEnvelope":{"CodedCharacterSet":["\u001b%G"]},"IPTCApplication":{"ApplicationRecordVersion":["\u0004"],"DateCreated":["20120508"],"TimeCreated":["091624"],"DigitalCreationDate":["20120508"],"DigitalCreationTime":["091624"],"By-line":["Luna Imaging"]}},"comments_html":{"IPTCEnvelope":{"CodedCharacterSet":["\u001b%G"]},"IPTCApplication":{"ApplicationRecordVersion":["\u0004"],"DateCreated":["20120508"],"TimeCreated":["091624"],"DigitalCreationDate":["20120508"],"DigitalCreationTime":["091624"],"By-line":["Luna Imaging"]}},"iptc":{"comments":{"IPTCEnvelope":{"CodedCharacterSet":["\u001b%G"]},"IPTCApplication":{"ApplicationRecordVersion":["\u0000\u0004"],"DateCreated":["20120508"],"TimeCreated":["091624"],"DigitalCreationDate":["20120508"],"DigitalCreationTime":["091624"],"By-line":["Luna Imaging"]}},"encoding":"ISO-8859-1"},"jpg":{"exif":{"FILE":{"FileName":"f67d5e73c138a998b62c19507bad8b72.jpg","FileDateTime":1522772842,"FileSize":1664795,"FileType":2,"MimeType":"image\/jpeg","SectionsFound":"ANY_TAG, IFD0, EXIF"},"COMPUTED":{"html":"width=\"2925\" height=\"3600\"","Height":3600,"Width":2925,"IsColor":1,"ByteOrderMotorola":0,"ApertureFNumber":"f\/7.1"},"IFD0":{"Make":"Canon","Model":"Canon EOS-1Ds Mark III","Software":"Adobe Photoshop Camera Raw 6.5 (Macintosh)","DateTime":"2012:05:17 09:21:05","Artist":"Luna Imaging","Exif_IFD_Pointer":194},"EXIF":{"ExposureTime":0.0166666666666669995022775907500545145012438297271728515625,"FNumber":7.0999999999999996447286321199499070644378662109375,"ExposureProgram":1,"ISOSpeedRatings":200,"ExifVersion":230,"DateTimeOriginal":"2012:05:08 09:16:24","DateTimeDigitized":"2012:05:08 09:16:24","ShutterSpeedValue":5.9068909999999998916564436512999236583709716796875,"ApertureValue":5.655637999999999721012500231154263019561767578125,"ExposureBiasValue":0,"MaxApertureValue":2.625,"MeteringMode":5,"Flash":0,"FocalLength":50,"SubSecTimeOriginal":25,"SubSecTimeDigitized":25,"FocalPlaneXResolution":3957.71670190270015154965221881866455078125,"FocalPlaneYResolution":3961.90476190480012519401498138904571533203125,"FocalPlaneResolutionUnit":2,"CustomRendered":0,"ExposureMode":1,"WhiteBalance":1,"SceneCaptureType":0,"UndefinedTag:0xA430":"Luna Imaging","UndefinedTag:0xA431":620549,"UndefinedTag:0xA432":["50\/1","50\/1","0\/0","0\/0"],"UndefinedTag:0xA434":"EF50mm f\/2.5 Compact Macro"}}}},"item":{"id":1075,"url":"https:\/\/transcribe.newberry.org\/api\/items\/1075","resource":"items"},"element_texts":[{"html":false,"text":"Completed","element_set":{"id":4,"url":"https:\/\/transcribe.newberry.org\/api\/element_sets\/4","name":"Scripto","resource":"element_sets"},"element":{"id":53,"url":"https:\/\/transcribe.newberry.org\/api\/elements\/53","name":"Status","resource":"elements"}},{"html":false,"text":"Written by Tom Placide\nMadoc was a younger son of Owen Gwynedd, prince of South Wales - after the death of Owen, his sons had great disputes about the government. for the eldest whose name was Jorweth, or Edward, was thought unfit to be a King, because he had a broken nose, and the other brothers had so much contention about the sovereignty, that Madoc, who was the only peaceable one among them, determined to quit his disturbed country, and seek his fortunes on the sea. Madoc procured a few ships, furnished them with abundance of provisions, and he and his friends embarked and sailed westward, in search of some unknown land where they might live in peace. This occurred about 1170.  After sailing for some months, they discovered a large tract of country apparently very fertile - they landed, cut down trees, and built houses, cultivated the land etc.  Madoc was very anxious that his friends at home should know of the pleasant country he had discovered, He returned to Wales with a few of his people, from whence he sailed with ten ships, filled with men, women, live stock etc.  - nothing more is known of him.  The part of the world that Madoc discovered was in all probability a part of the vast continent of America which the Spaniards claim the merit of first finding out.  The accounts of many recent travellers confirm this opinion, and so frequently have words been detected resembling the Welsh, among a certain tribe of American","element_set":{"id":4,"url":"https:\/\/transcribe.newberry.org\/api\/element_sets\/4","name":"Scripto","resource":"element_sets"},"element":{"id":52,"url":"https:\/\/transcribe.newberry.org\/api\/elements\/52","name":"Transcription","resource":"elements"}}],"extended_resources":[]},{"id":72695,"url":"https:\/\/transcribe.newberry.org\/api\/files\/72695","file_urls":{"original":"https:\/\/transcribe.newberry.org\/files\/original\/23a1c851512a85f0d23b864468dfce49.jpg","fullsize":"https:\/\/transcribe.newberry.org\/files\/fullsize\/23a1c851512a85f0d23b864468dfce49.jpg","thumbnail":"https:\/\/transcribe.newberry.org\/files\/thumbnails\/23a1c851512a85f0d23b864468dfce49.jpg","square_thumbnail":"https:\/\/transcribe.newberry.org\/files\/square_thumbnails\/23a1c851512a85f0d23b864468dfce49.jpg"},"added":"2018-04-03T16:27:24+00:00","modified":"2019-11-04T22:41:52+00:00","filename":"23a1c851512a85f0d23b864468dfce49.jpg","authentication":"063261873b5db1ff5d232889237ae8f0","has_derivative_image":true,"mime_type":"image\/jpeg","order":null,"original_filename":"Ayer_MS_730_00002_o2.jpg","size":1701283,"stored":true,"type_os":"JPEG image data, JFIF standard 1.01","metadata":{"mime_type":"image\/jpeg","video":{"dataformat":"jpg","lossless":false,"bits_per_sample":24,"pixel_aspect_ratio":1,"resolution_x":2989,"resolution_y":3600,"compression_ratio":0.052701975143426997572060344054989400319755077362060546875},"comments":{"IPTCEnvelope":{"CodedCharacterSet":["\u001b%G"]},"IPTCApplication":{"ApplicationRecordVersion":["\u0004"],"DateCreated":["20120508"],"TimeCreated":["091638"],"DigitalCreationDate":["20120508"],"DigitalCreationTime":["091638"],"By-line":["Luna Imaging"]}},"comments_html":{"IPTCEnvelope":{"CodedCharacterSet":["\u001b%G"]},"IPTCApplication":{"ApplicationRecordVersion":["\u0004"],"DateCreated":["20120508"],"TimeCreated":["091638"],"DigitalCreationDate":["20120508"],"DigitalCreationTime":["091638"],"By-line":["Luna Imaging"]}},"iptc":{"comments":{"IPTCEnvelope":{"CodedCharacterSet":["\u001b%G"]},"IPTCApplication":{"ApplicationRecordVersion":["\u0000\u0004"],"DateCreated":["20120508"],"TimeCreated":["091638"],"DigitalCreationDate":["20120508"],"DigitalCreationTime":["091638"],"By-line":["Luna Imaging"]}},"encoding":"ISO-8859-1"},"jpg":{"exif":{"FILE":{"FileName":"23a1c851512a85f0d23b864468dfce49.jpg","FileDateTime":1522772842,"FileSize":1701283,"FileType":2,"MimeType":"image\/jpeg","SectionsFound":"ANY_TAG, IFD0, EXIF"},"COMPUTED":{"html":"width=\"2989\" height=\"3600\"","Height":3600,"Width":2989,"IsColor":1,"ByteOrderMotorola":0,"ApertureFNumber":"f\/7.1"},"IFD0":{"Make":"Canon","Model":"Canon EOS-1Ds Mark III","Software":"Adobe Photoshop Camera Raw 6.5 (Macintosh)","DateTime":"2012:05:17 09:21:05","Artist":"Luna Imaging","Exif_IFD_Pointer":194},"EXIF":{"ExposureTime":0.0166666666666669995022775907500545145012438297271728515625,"FNumber":7.0999999999999996447286321199499070644378662109375,"ExposureProgram":1,"ISOSpeedRatings":200,"ExifVersion":230,"DateTimeOriginal":"2012:05:08 09:16:38","DateTimeDigitized":"2012:05:08 09:16:38","ShutterSpeedValue":5.9068909999999998916564436512999236583709716796875,"ApertureValue":5.655637999999999721012500231154263019561767578125,"ExposureBiasValue":0,"MaxApertureValue":2.625,"MeteringMode":5,"Flash":0,"FocalLength":50,"SubSecTimeOriginal":43,"SubSecTimeDigitized":43,"FocalPlaneXResolution":3957.71670190270015154965221881866455078125,"FocalPlaneYResolution":3961.90476190480012519401498138904571533203125,"FocalPlaneResolutionUnit":2,"CustomRendered":0,"ExposureMode":1,"WhiteBalance":1,"SceneCaptureType":0,"UndefinedTag:0xA430":"Luna Imaging","UndefinedTag:0xA431":620549,"UndefinedTag:0xA432":["50\/1","50\/1","0\/0","0\/0"],"UndefinedTag:0xA434":"EF50mm f\/2.5 Compact Macro"}}}},"item":{"id":1075,"url":"https:\/\/transcribe.newberry.org\/api\/items\/1075","resource":"items"},"element_texts":[{"html":false,"text":"Completed","element_set":{"id":4,"url":"https:\/\/transcribe.newberry.org\/api\/element_sets\/4","name":"Scripto","resource":"element_sets"},"element":{"id":53,"url":"https:\/\/transcribe.newberry.org\/api\/elements\/53","name":"Status","resource":"elements"}},{"html":false,"text":"Indians, that these people have been styled \"Welsh Indians\".  The great body of the people which are supposed to be Welsh Indians inhabit the country on the upper branches of the Missouri.  They are generally called White Indians or Padoucas - Lieutenant Roberts's account of an interview which he had with an Indian Chief is very curious.  \"In the year 1801\" says he \"being at Washington in America, I happened to be at a hotel smoking my cigar, according to the custom of the country, and there was a young lad (a native of Wales) a waiter in the house, who displeased me by bringing me a glass of brandy and warm water instead of cold.  I said to him jocosely, in Welsh \"I'll give thee a good beating\"  There happened to be at the same time in the room one of the secondary Indian Chiefs, who, on my pronouncing these words, rose up in a great hurry stretching forth his hand at the same time - The chief said that it was likewise his language, and the language of his father and his mother and of his nation. I said to him \"So it is the language of my father and mother and of my country\" Upon which the Indian began to enquire from whence I came? I replied \"From Wales\" but he had never heard a word about such a place.  I explained that Wales was a principality in a Kingdom called England.  He had heard of England and of the English, but never of such a place as Wales.  I asked him if there were any traditions among them, from whence their ancestors had come - He said there were and said that they had come from a far distant country\n\/*reviewed CDM Dec 2018*\/","element_set":{"id":4,"url":"https:\/\/transcribe.newberry.org\/api\/element_sets\/4","name":"Scripto","resource":"element_sets"},"element":{"id":52,"url":"https:\/\/transcribe.newberry.org\/api\/elements\/52","name":"Transcription","resource":"elements"}}],"extended_resources":[]},{"id":72696,"url":"https:\/\/transcribe.newberry.org\/api\/files\/72696","file_urls":{"original":"https:\/\/transcribe.newberry.org\/files\/original\/77c94ffe13365fba70dc70b62d98d5b9.jpg","fullsize":"https:\/\/transcribe.newberry.org\/files\/fullsize\/77c94ffe13365fba70dc70b62d98d5b9.jpg","thumbnail":"https:\/\/transcribe.newberry.org\/files\/thumbnails\/77c94ffe13365fba70dc70b62d98d5b9.jpg","square_thumbnail":"https:\/\/transcribe.newberry.org\/files\/square_thumbnails\/77c94ffe13365fba70dc70b62d98d5b9.jpg"},"added":"2018-04-03T16:27:25+00:00","modified":"2019-11-04T22:41:52+00:00","filename":"77c94ffe13365fba70dc70b62d98d5b9.jpg","authentication":"3a84a51cd4e6f9facd13ea81b0d36c70","has_derivative_image":true,"mime_type":"image\/jpeg","order":null,"original_filename":"Ayer_MS_730_00003_o2.jpg","size":1716740,"stored":true,"type_os":"JPEG image data, JFIF standard 1.01","metadata":{"mime_type":"image\/jpeg","video":{"dataformat":"jpg","lossless":false,"bits_per_sample":24,"pixel_aspect_ratio":1,"resolution_x":2925,"resolution_y":3600,"compression_ratio":0.05434441278885700221668031417721067555248737335205078125},"comments":{"IPTCEnvelope":{"CodedCharacterSet":["\u001b%G"]},"IPTCApplication":{"ApplicationRecordVersion":["\u0004"],"DateCreated":["20120508"],"TimeCreated":["091649"],"DigitalCreationDate":["20120508"],"DigitalCreationTime":["091649"],"By-line":["Luna Imaging"]}},"comments_html":{"IPTCEnvelope":{"CodedCharacterSet":["\u001b%G"]},"IPTCApplication":{"ApplicationRecordVersion":["\u0004"],"DateCreated":["20120508"],"TimeCreated":["091649"],"DigitalCreationDate":["20120508"],"DigitalCreationTime":["091649"],"By-line":["Luna Imaging"]}},"iptc":{"comments":{"IPTCEnvelope":{"CodedCharacterSet":["\u001b%G"]},"IPTCApplication":{"ApplicationRecordVersion":["\u0000\u0004"],"DateCreated":["20120508"],"TimeCreated":["091649"],"DigitalCreationDate":["20120508"],"DigitalCreationTime":["091649"],"By-line":["Luna Imaging"]}},"encoding":"ISO-8859-1"},"jpg":{"exif":{"FILE":{"FileName":"77c94ffe13365fba70dc70b62d98d5b9.jpg","FileDateTime":1522772842,"FileSize":1716740,"FileType":2,"MimeType":"image\/jpeg","SectionsFound":"ANY_TAG, IFD0, EXIF"},"COMPUTED":{"html":"width=\"2925\" height=\"3600\"","Height":3600,"Width":2925,"IsColor":1,"ByteOrderMotorola":0,"ApertureFNumber":"f\/7.1"},"IFD0":{"Make":"Canon","Model":"Canon EOS-1Ds Mark III","Software":"Adobe Photoshop Camera Raw 6.5 (Macintosh)","DateTime":"2012:05:17 09:21:08","Artist":"Luna Imaging","Exif_IFD_Pointer":194},"EXIF":{"ExposureTime":0.0166666666666669995022775907500545145012438297271728515625,"FNumber":7.0999999999999996447286321199499070644378662109375,"ExposureProgram":1,"ISOSpeedRatings":200,"ExifVersion":230,"DateTimeOriginal":"2012:05:08 09:16:49","DateTimeDigitized":"2012:05:08 09:16:49","ShutterSpeedValue":5.9068909999999998916564436512999236583709716796875,"ApertureValue":5.655637999999999721012500231154263019561767578125,"ExposureBiasValue":0,"MaxApertureValue":2.625,"MeteringMode":5,"Flash":0,"FocalLength":50,"SubSecTimeOriginal":20,"SubSecTimeDigitized":20,"FocalPlaneXResolution":3957.71670190270015154965221881866455078125,"FocalPlaneYResolution":3961.90476190480012519401498138904571533203125,"FocalPlaneResolutionUnit":2,"CustomRendered":0,"ExposureMode":1,"WhiteBalance":1,"SceneCaptureType":0,"UndefinedTag:0xA430":"Luna Imaging","UndefinedTag:0xA431":620549,"UndefinedTag:0xA432":["50\/1","50\/1","0\/0","0\/0"],"UndefinedTag:0xA434":"EF50mm f\/2.5 Compact Macro"}}}},"item":{"id":1075,"url":"https:\/\/transcribe.newberry.org\/api\/items\/1075","resource":"items"},"element_texts":[{"html":false,"text":"Completed","element_set":{"id":4,"url":"https:\/\/transcribe.newberry.org\/api\/element_sets\/4","name":"Scripto","resource":"element_sets"},"element":{"id":53,"url":"https:\/\/transcribe.newberry.org\/api\/elements\/53","name":"Status","resource":"elements"}},{"html":false,"text":"very far in the east, and from over the great waters.  I conversed with him in Welsh, I asked him to count in Welsh, he immediately counted to a hundred or more. Amongst other things I asked him how [underlined:] they came to retain their language so well from mixing with the language of other Indians - He answered that they had a law or an established custom in their country, forbidding any to teach their children any other language until they had attained their 12th year, and after that age they were at liberty to learn any language they pleased - I was astonished when I heard and saw a man with his face painted, his arms ornamented and feathers in his hair, speaking Welsh as fluently as if he had been born in the vicinity of Snowdon - His hair was shaved, excepting round the crown of his head, and there it was very long and neatly plaited, and it was on the crown of the head he had placed the feathers, which I mentioned before, to ornament himself.  \nThe situation of these Indians is about 800 miles N.E. of Philadelphia, according to his statement, and they are called in general the [underlined] Asquaws or the [underlined] Asquaw nation.  Among the great variety of accounts of the Welsh Indians, formerly collected, some of them point out a tribe of them agreeing with the above; but the main body of this people is represented as situated at a very great distance from this, as we conceive, a detached party; their country being on the upper branches of the Missouri, coming from the S.W. and are\n\/*reviewed CDM Dec 2018*\/","element_set":{"id":4,"url":"https:\/\/transcribe.newberry.org\/api\/element_sets\/4","name":"Scripto","resource":"element_sets"},"element":{"id":52,"url":"https:\/\/transcribe.newberry.org\/api\/elements\/52","name":"Transcription","resource":"elements"}}],"extended_resources":[]},{"id":72697,"url":"https:\/\/transcribe.newberry.org\/api\/files\/72697","file_urls":{"original":"https:\/\/transcribe.newberry.org\/files\/original\/e21a6f6be4406bf3e2745be8f4c953e4.jpg","fullsize":"https:\/\/transcribe.newberry.org\/files\/fullsize\/e21a6f6be4406bf3e2745be8f4c953e4.jpg","thumbnail":"https:\/\/transcribe.newberry.org\/files\/thumbnails\/e21a6f6be4406bf3e2745be8f4c953e4.jpg","square_thumbnail":"https:\/\/transcribe.newberry.org\/files\/square_thumbnails\/e21a6f6be4406bf3e2745be8f4c953e4.jpg"},"added":"2018-04-03T16:27:26+00:00","modified":"2019-11-04T22:41:52+00:00","filename":"e21a6f6be4406bf3e2745be8f4c953e4.jpg","authentication":"84d81174962ffb4b9b4353749135d012","has_derivative_image":true,"mime_type":"image\/jpeg","order":null,"original_filename":"Ayer_MS_730_00004_o2.jpg","size":1759089,"stored":true,"type_os":"JPEG image data, JFIF standard 1.01","metadata":{"mime_type":"image\/jpeg","video":{"dataformat":"jpg","lossless":false,"bits_per_sample":24,"pixel_aspect_ratio":1,"resolution_x":2925,"resolution_y":3600,"compression_ratio":0.05568499525166199781711640071080182678997516632080078125},"comments":{"IPTCEnvelope":{"CodedCharacterSet":["\u001b%G"]},"IPTCApplication":{"ApplicationRecordVersion":["\u0004"],"DateCreated":["20120508"],"TimeCreated":["091718"],"DigitalCreationDate":["20120508"],"DigitalCreationTime":["091718"],"By-line":["Luna Imaging"]}},"comments_html":{"IPTCEnvelope":{"CodedCharacterSet":["\u001b%G"]},"IPTCApplication":{"ApplicationRecordVersion":["\u0004"],"DateCreated":["20120508"],"TimeCreated":["091718"],"DigitalCreationDate":["20120508"],"DigitalCreationTime":["091718"],"By-line":["Luna Imaging"]}},"iptc":{"comments":{"IPTCEnvelope":{"CodedCharacterSet":["\u001b%G"]},"IPTCApplication":{"ApplicationRecordVersion":["\u0000\u0004"],"DateCreated":["20120508"],"TimeCreated":["091718"],"DigitalCreationDate":["20120508"],"DigitalCreationTime":["091718"],"By-line":["Luna Imaging"]}},"encoding":"ISO-8859-1"},"jpg":{"exif":{"FILE":{"FileName":"e21a6f6be4406bf3e2745be8f4c953e4.jpg","FileDateTime":1522772842,"FileSize":1759089,"FileType":2,"MimeType":"image\/jpeg","SectionsFound":"ANY_TAG, IFD0, EXIF"},"COMPUTED":{"html":"width=\"2925\" height=\"3600\"","Height":3600,"Width":2925,"IsColor":1,"ByteOrderMotorola":0,"ApertureFNumber":"f\/7.1"},"IFD0":{"Make":"Canon","Model":"Canon EOS-1Ds Mark III","Software":"Adobe Photoshop Camera Raw 6.5 (Macintosh)","DateTime":"2012:05:17 09:21:09","Artist":"Luna Imaging","Exif_IFD_Pointer":194},"EXIF":{"ExposureTime":0.0166666666666669995022775907500545145012438297271728515625,"FNumber":7.0999999999999996447286321199499070644378662109375,"ExposureProgram":1,"ISOSpeedRatings":200,"ExifVersion":230,"DateTimeOriginal":"2012:05:08 09:17:18","DateTimeDigitized":"2012:05:08 09:17:18","ShutterSpeedValue":5.9068909999999998916564436512999236583709716796875,"ApertureValue":5.655637999999999721012500231154263019561767578125,"ExposureBiasValue":0,"MaxApertureValue":2.625,"MeteringMode":5,"Flash":0,"FocalLength":50,"SubSecTimeOriginal":40,"SubSecTimeDigitized":40,"FocalPlaneXResolution":3957.71670190270015154965221881866455078125,"FocalPlaneYResolution":3961.90476190480012519401498138904571533203125,"FocalPlaneResolutionUnit":2,"CustomRendered":0,"ExposureMode":1,"WhiteBalance":1,"SceneCaptureType":0,"UndefinedTag:0xA430":"Luna Imaging","UndefinedTag:0xA431":620549,"UndefinedTag:0xA432":["50\/1","50\/1","0\/0","0\/0"],"UndefinedTag:0xA434":"EF50mm f\/2.5 Compact Macro"}}}},"item":{"id":1075,"url":"https:\/\/transcribe.newberry.org\/api\/items\/1075","resource":"items"},"element_texts":[{"html":false,"text":"Completed","element_set":{"id":4,"url":"https:\/\/transcribe.newberry.org\/api\/element_sets\/4","name":"Scripto","resource":"element_sets"},"element":{"id":53,"url":"https:\/\/transcribe.newberry.org\/api\/elements\/53","name":"Status","resource":"elements"}},{"html":false,"text":"generally denominated [underlined] Padoucas or [underlined] White Padoucas in late maps: but in some early maps they are called [underlined] Matocantes.  They are also called White Indians and Civilized Indians in the United States - The Indians about Illinois territory call them the Mud Indians  \nAn Account given to [crossed out: by] Dr. W. O. Pugh by Cap'n Davies, seems to strengthen Lieutenant Roberts' story - \"During the War of the Revolution Cap'n Davies was stationed with his Company (among whom were several Welshmen) at a trading post among the Illinois Indians - He was greatly surprised at seeing some of his men familiarly conversing with the strange Indians, and upon interrogating them, found that they were natives of Wales, and that they readily understood the strangers as they spoke in their own language - The Illinois call this particular people the Mud Indians, because they only come [came?] down at the season of the flooding of the Missouri, for want of sufficient water for their canoes in the upper branches where they come from - General Bowles and Mr Chisholm met with a family of these people who had been taken prisoners by the Cherokees, and who had in their possession an old manuscript on vellum, very dingy, which appeared to be an old Roman Missal - Chisholm wished to take it to Phil [?] for the purpose of finding some one to read it, but they would not part with it, as they considered it a [underlined] great medicine.\n\/*reviewed 20181209-CDM*\/\n[short horizontal line, indented]\nGatlin speculates may? largely, in sevral parts- of his book, [crossed out: that] on the Mandam Indians. [crossed out:are] being the descendants of Madoc, and bases his belief upon the shape of their canoes, the colour of their skin and hair, and a [underlined] very slight [\/] similarity in some of their words, as seen in his appendix\n\/*added 201812209-CDM*\/","element_set":{"id":4,"url":"https:\/\/transcribe.newberry.org\/api\/element_sets\/4","name":"Scripto","resource":"element_sets"},"element":{"id":52,"url":"https:\/\/transcribe.newberry.org\/api\/elements\/52","name":"Transcription","resource":"elements"}}],"extended_resources":[]}]