[{"id":72409,"url":"https:\/\/transcribe.newberry.org\/api\/files\/72409","file_urls":{"original":"https:\/\/transcribe.newberry.org\/files\/original\/758b8ef5d8b5075d31d33ab46b5f3e52.jpg","fullsize":"https:\/\/transcribe.newberry.org\/files\/fullsize\/758b8ef5d8b5075d31d33ab46b5f3e52.jpg","thumbnail":"https:\/\/transcribe.newberry.org\/files\/thumbnails\/758b8ef5d8b5075d31d33ab46b5f3e52.jpg","square_thumbnail":"https:\/\/transcribe.newberry.org\/files\/square_thumbnails\/758b8ef5d8b5075d31d33ab46b5f3e52.jpg"},"added":"2018-04-03T16:10:51+00:00","modified":"2021-11-01T11:09:05+00:00","filename":"758b8ef5d8b5075d31d33ab46b5f3e52.jpg","authentication":"03a14a17ce4a613e9e260265e7efcd92","has_derivative_image":true,"mime_type":"image\/jpeg","order":null,"original_filename":"Ayer_MS_215_FL001_00001_o2.jpg","size":1153291,"stored":true,"type_os":"JPEG image data, JFIF standard 1.01","metadata":{"mime_type":"image\/jpeg","video":{"dataformat":"jpg","lossless":false,"bits_per_sample":24,"pixel_aspect_ratio":1,"resolution_x":2167,"resolution_y":3600,"compression_ratio":0.049278358884957997043674282622305327095091342926025390625},"comments":{"IPTCEnvelope":{"CodedCharacterSet":["\u001b%G"]},"IPTCApplication":{"ApplicationRecordVersion":["\u0004"],"DateCreated":["20120501"],"TimeCreated":["111229+0000"],"DigitalCreationDate":["20120501"],"By-line":["Luna Imaging"]}},"comments_html":{"IPTCEnvelope":{"CodedCharacterSet":["\u001b%G"]},"IPTCApplication":{"ApplicationRecordVersion":["\u0004"],"DateCreated":["20120501"],"TimeCreated":["111229+0000"],"DigitalCreationDate":["20120501"],"By-line":["Luna Imaging"]}},"iptc":{"comments":{"IPTCEnvelope":{"CodedCharacterSet":["\u001b%G"]},"IPTCApplication":{"ApplicationRecordVersion":["\u0000\u0004"],"DateCreated":["20120501"],"TimeCreated":["111229+0000"],"DigitalCreationDate":["20120501"],"By-line":["Luna Imaging"]}},"encoding":"ISO-8859-1"},"jpg":{"exif":{"FILE":{"FileName":"758b8ef5d8b5075d31d33ab46b5f3e52.jpg","FileDateTime":1522771851,"FileSize":1153291,"FileType":2,"MimeType":"image\/jpeg","SectionsFound":"ANY_TAG, IFD0, EXIF"},"COMPUTED":{"html":"width=\"2167\" height=\"3600\"","Height":3600,"Width":2167,"IsColor":1,"ByteOrderMotorola":0,"CCDWidth":"14mm","ApertureFNumber":"f\/7.1"},"IFD0":{"Make":"Canon","Model":"Canon EOS-1Ds Mark III","Software":"Adobe Photoshop CS5 Macintosh","DateTime":"2012:05:09 10:10:36","Artist":"Luna Imaging","Exif_IFD_Pointer":180},"EXIF":{"ExposureTime":0.0166666666666669995022775907500545145012438297271728515625,"FNumber":7.0999999999999996447286321199499070644378662109375,"ExposureProgram":1,"ISOSpeedRatings":200,"ExifVersion":230,"DateTimeOriginal":"2012:05:01 11:12:29","DateTimeDigitized":"2012:05:01 11:12:29","ShutterSpeedValue":5.9068909999999998916564436512999236583709716796875,"ApertureValue":5.655637999999999721012500231154263019561767578125,"ExposureBiasValue":0,"MaxApertureValue":2.625,"MeteringMode":5,"Flash":0,"FocalLength":50,"SubSecTimeOriginal":46,"SubSecTimeDigitized":46,"ColorSpace":65535,"ExifImageWidth":2299,"ExifImageLength":3818,"FocalPlaneXResolution":3957.71670190270015154965221881866455078125,"FocalPlaneYResolution":3961.90476190480012519401498138904571533203125,"FocalPlaneResolutionUnit":2,"CustomRendered":0,"ExposureMode":1,"WhiteBalance":1,"SceneCaptureType":0,"UndefinedTag:0xA430":"Luna Imaging","UndefinedTag:0xA431":620549,"UndefinedTag:0xA432":["50\/1","50\/1","0\/0","0\/0"],"UndefinedTag:0xA434":"EF50mm f\/2.5 Compact Macro"}}}},"item":{"id":1069,"url":"https:\/\/transcribe.newberry.org\/api\/items\/1069","resource":"items"},"element_texts":[{"html":false,"text":"Completed","element_set":{"id":4,"url":"https:\/\/transcribe.newberry.org\/api\/element_sets\/4","name":"Scripto","resource":"element_sets"},"element":{"id":53,"url":"https:\/\/transcribe.newberry.org\/api\/elements\/53","name":"Status","resource":"elements"}},{"html":false,"text":"Rock Island\nNovr. 19\" 1826\nRussell Farnham Esqr\nDear Sir\n\n                 Since you left hear John Forsyth has been down from Oak Grove trading house on Rock River, and has made such arrangements as was agreable to our wish, and will  permit no Indian to Remaine in his house, thier is in the vicinity our houses in Rock River upwards of Six hundred Winabagos the water being entreamly Low thay will be able to kill all the muskrats in this month, for that reason I have abandoned the plan of  letting Mr. D. trade greater part of the first hunt as thier is no prospect of a second hunt of any concequence.  I shall I hope not lose money, but I Shall Leave nothing undone thats fair and honorable; to convince Mr. D. that he better be making Shoes than trading with Indians, he is Building a Store on Rock Island and preparing to assist me in collecting my credits from the  Jones ?       to counter act this I shall Build a house near the Moshetcies about 30 miles below Rock Island on the Illinois Side or on an Island from which place I shall collect my creadites it being the nearest point to whear the foxes will come in the winter, and will prevent them from coming to Rock Island I shall be able to Sell my Goods higher if Mr D should   follow me thier it will put him to a considerable expense and assist in making his equipment of no proffet to him of whe can onley secure the trade to our Selves for two or three years whe will make the Winabagos pay well for the  goods whe know give them at so Low a price.\n         Thier is one thing you will please to Impress on the Company  that thay must give particlar directions to the different outfits to keep within their limits and not to Sell Goods to come in\n\n[in pencil]  *box Ayer N. A. MS 215","element_set":{"id":4,"url":"https:\/\/transcribe.newberry.org\/api\/element_sets\/4","name":"Scripto","resource":"element_sets"},"element":{"id":52,"url":"https:\/\/transcribe.newberry.org\/api\/elements\/52","name":"Transcription","resource":"elements"}}],"extended_resources":[]},{"id":72410,"url":"https:\/\/transcribe.newberry.org\/api\/files\/72410","file_urls":{"original":"https:\/\/transcribe.newberry.org\/files\/original\/a6b51b61cce1a1ccf8a9fb27026683d4.jpg","fullsize":"https:\/\/transcribe.newberry.org\/files\/fullsize\/a6b51b61cce1a1ccf8a9fb27026683d4.jpg","thumbnail":"https:\/\/transcribe.newberry.org\/files\/thumbnails\/a6b51b61cce1a1ccf8a9fb27026683d4.jpg","square_thumbnail":"https:\/\/transcribe.newberry.org\/files\/square_thumbnails\/a6b51b61cce1a1ccf8a9fb27026683d4.jpg"},"added":"2018-04-03T16:10:52+00:00","modified":"2020-01-30T17:29:14+00:00","filename":"a6b51b61cce1a1ccf8a9fb27026683d4.jpg","authentication":"bcbe5d2138bcd06c814c0b9c099d1b0c","has_derivative_image":true,"mime_type":"image\/jpeg","order":null,"original_filename":"Ayer_MS_215_FL001_00002_o2.jpg","size":1133318,"stored":true,"type_os":"JPEG image data, JFIF standard 1.01","metadata":{"mime_type":"image\/jpeg","video":{"dataformat":"jpg","lossless":false,"bits_per_sample":24,"pixel_aspect_ratio":1,"resolution_x":2198,"resolution_y":3600,"compression_ratio":0.0477419708152189981031909837838611565530300140380859375},"comments":{"IPTCEnvelope":{"CodedCharacterSet":["\u001b%G"]},"IPTCApplication":{"ApplicationRecordVersion":["\u0004"],"DateCreated":["20120501"],"TimeCreated":["111216+0000"],"DigitalCreationDate":["20120501"],"By-line":["Luna Imaging"]}},"comments_html":{"IPTCEnvelope":{"CodedCharacterSet":["\u001b%G"]},"IPTCApplication":{"ApplicationRecordVersion":["\u0004"],"DateCreated":["20120501"],"TimeCreated":["111216+0000"],"DigitalCreationDate":["20120501"],"By-line":["Luna Imaging"]}},"iptc":{"comments":{"IPTCEnvelope":{"CodedCharacterSet":["\u001b%G"]},"IPTCApplication":{"ApplicationRecordVersion":["\u0000\u0004"],"DateCreated":["20120501"],"TimeCreated":["111216+0000"],"DigitalCreationDate":["20120501"],"By-line":["Luna Imaging"]}},"encoding":"ISO-8859-1"},"jpg":{"exif":{"FILE":{"FileName":"a6b51b61cce1a1ccf8a9fb27026683d4.jpg","FileDateTime":1522771851,"FileSize":1133318,"FileType":2,"MimeType":"image\/jpeg","SectionsFound":"ANY_TAG, IFD0, EXIF"},"COMPUTED":{"html":"width=\"2198\" height=\"3600\"","Height":3600,"Width":2198,"IsColor":1,"ByteOrderMotorola":0,"CCDWidth":"14mm","ApertureFNumber":"f\/7.1"},"IFD0":{"Make":"Canon","Model":"Canon EOS-1Ds Mark III","Software":"Adobe Photoshop CS5 Macintosh","DateTime":"2012:05:09 10:10:35","Artist":"Luna Imaging","Exif_IFD_Pointer":180},"EXIF":{"ExposureTime":0.0166666666666669995022775907500545145012438297271728515625,"FNumber":7.0999999999999996447286321199499070644378662109375,"ExposureProgram":1,"ISOSpeedRatings":200,"ExifVersion":230,"DateTimeOriginal":"2012:05:01 11:12:16","DateTimeDigitized":"2012:05:01 11:12:16","ShutterSpeedValue":5.9068909999999998916564436512999236583709716796875,"ApertureValue":5.655637999999999721012500231154263019561767578125,"ExposureBiasValue":0,"MaxApertureValue":2.625,"MeteringMode":5,"Flash":0,"FocalLength":50,"SubSecTimeOriginal":14,"SubSecTimeDigitized":14,"ColorSpace":65535,"ExifImageWidth":2325,"ExifImageLength":3808,"FocalPlaneXResolution":3957.71670190270015154965221881866455078125,"FocalPlaneYResolution":3961.90476190480012519401498138904571533203125,"FocalPlaneResolutionUnit":2,"CustomRendered":0,"ExposureMode":1,"WhiteBalance":1,"SceneCaptureType":0,"UndefinedTag:0xA430":"Luna Imaging","UndefinedTag:0xA431":620549,"UndefinedTag:0xA432":["50\/1","50\/1","0\/0","0\/0"],"UndefinedTag:0xA434":"EF50mm f\/2.5 Compact Macro"}}}},"item":{"id":1069,"url":"https:\/\/transcribe.newberry.org\/api\/items\/1069","resource":"items"},"element_texts":[{"html":false,"text":"Completed","element_set":{"id":4,"url":"https:\/\/transcribe.newberry.org\/api\/element_sets\/4","name":"Scripto","resource":"element_sets"},"element":{"id":53,"url":"https:\/\/transcribe.newberry.org\/api\/elements\/53","name":"Status","resource":"elements"}},{"html":false,"text":"our district.  Mr. Rollde send me word that thier was nothing in his contract to prevent him from Selling Goods to come in to this part of the Mississippi.  Mr Kinsey of Chicago has Send men and horses on Rock River close to my trading house, those things is berrey injoures to us and a great disadvantage to the company and should be put a Stop to - or whe must use the same means and Send goods whear whe please, if the other traders for the company is not Restrained, this I Leave to your management as it concerns you.  I have made so many complaints and Latley one respecting good Sent to the [illegible]], that I\nshall Leave all further complaints for you to make.\n\n                                    I hope this will find you in good health\n                                           With Esteem your friend\n                                                 Geo Davenport","element_set":{"id":4,"url":"https:\/\/transcribe.newberry.org\/api\/element_sets\/4","name":"Scripto","resource":"element_sets"},"element":{"id":52,"url":"https:\/\/transcribe.newberry.org\/api\/elements\/52","name":"Transcription","resource":"elements"}}],"extended_resources":[]},{"id":72411,"url":"https:\/\/transcribe.newberry.org\/api\/files\/72411","file_urls":{"original":"https:\/\/transcribe.newberry.org\/files\/original\/903868e71abc3fc45655cc6d1b07d195.jpg","fullsize":"https:\/\/transcribe.newberry.org\/files\/fullsize\/903868e71abc3fc45655cc6d1b07d195.jpg","thumbnail":"https:\/\/transcribe.newberry.org\/files\/thumbnails\/903868e71abc3fc45655cc6d1b07d195.jpg","square_thumbnail":"https:\/\/transcribe.newberry.org\/files\/square_thumbnails\/903868e71abc3fc45655cc6d1b07d195.jpg"},"added":"2018-04-03T16:10:53+00:00","modified":"2020-01-30T17:29:14+00:00","filename":"903868e71abc3fc45655cc6d1b07d195.jpg","authentication":"cfb98adbde2d7ac5e6b58611231e4419","has_derivative_image":true,"mime_type":"image\/jpeg","order":null,"original_filename":"Ayer_MS_215_FL001_00003_o2.jpg","size":951961,"stored":true,"type_os":"JPEG image data, JFIF standard 1.01","metadata":{"mime_type":"image\/jpeg","video":{"dataformat":"jpg","lossless":false,"bits_per_sample":24,"pixel_aspect_ratio":1,"resolution_x":3600,"resolution_y":2178,"compression_ratio":0.040470402679998997153010265037664794363081455230712890625},"comments":{"IPTCEnvelope":{"CodedCharacterSet":["\u001b%G"]},"IPTCApplication":{"ApplicationRecordVersion":["\u0004"],"DateCreated":["20120501"],"TimeCreated":["111159+0000"],"DigitalCreationDate":["20120501"],"By-line":["Luna Imaging"]}},"comments_html":{"IPTCEnvelope":{"CodedCharacterSet":["\u001b%G"]},"IPTCApplication":{"ApplicationRecordVersion":["\u0004"],"DateCreated":["20120501"],"TimeCreated":["111159+0000"],"DigitalCreationDate":["20120501"],"By-line":["Luna Imaging"]}},"iptc":{"comments":{"IPTCEnvelope":{"CodedCharacterSet":["\u001b%G"]},"IPTCApplication":{"ApplicationRecordVersion":["\u0000\u0004"],"DateCreated":["20120501"],"TimeCreated":["111159+0000"],"DigitalCreationDate":["20120501"],"By-line":["Luna Imaging"]}},"encoding":"ISO-8859-1"},"jpg":{"exif":{"FILE":{"FileName":"903868e71abc3fc45655cc6d1b07d195.jpg","FileDateTime":1522771851,"FileSize":951961,"FileType":2,"MimeType":"image\/jpeg","SectionsFound":"ANY_TAG, IFD0, EXIF"},"COMPUTED":{"html":"width=\"3600\" height=\"2178\"","Height":2178,"Width":3600,"IsColor":1,"ByteOrderMotorola":0,"CCDWidth":"24mm","ApertureFNumber":"f\/7.1"},"IFD0":{"Make":"Canon","Model":"Canon EOS-1Ds Mark III","Software":"Adobe Photoshop CS5 Macintosh","DateTime":"2012:05:09 10:10:35","Artist":"Luna Imaging","Exif_IFD_Pointer":180},"EXIF":{"ExposureTime":0.0166666666666669995022775907500545145012438297271728515625,"FNumber":7.0999999999999996447286321199499070644378662109375,"ExposureProgram":1,"ISOSpeedRatings":200,"ExifVersion":230,"DateTimeOriginal":"2012:05:01 11:11:59","DateTimeDigitized":"2012:05:01 11:11:59","ShutterSpeedValue":5.9068909999999998916564436512999236583709716796875,"ApertureValue":5.655637999999999721012500231154263019561767578125,"ExposureBiasValue":0,"MaxApertureValue":2.625,"MeteringMode":5,"Flash":0,"FocalLength":50,"SubSecTimeOriginal":1,"SubSecTimeDigitized":1,"ColorSpace":65535,"ExifImageWidth":3797,"ExifImageLength":2298,"FocalPlaneXResolution":3957.71670190270015154965221881866455078125,"FocalPlaneYResolution":3961.90476190480012519401498138904571533203125,"FocalPlaneResolutionUnit":2,"CustomRendered":0,"ExposureMode":1,"WhiteBalance":1,"SceneCaptureType":0,"UndefinedTag:0xA430":"Luna Imaging","UndefinedTag:0xA431":620549,"UndefinedTag:0xA432":["50\/1","50\/1","0\/0","0\/0"],"UndefinedTag:0xA434":"EF50mm f\/2.5 Compact Macro"}}}},"item":{"id":1069,"url":"https:\/\/transcribe.newberry.org\/api\/items\/1069","resource":"items"},"element_texts":[{"html":false,"text":"Completed","element_set":{"id":4,"url":"https:\/\/transcribe.newberry.org\/api\/element_sets\/4","name":"Scripto","resource":"element_sets"},"element":{"id":53,"url":"https:\/\/transcribe.newberry.org\/api\/elements\/53","name":"Status","resource":"elements"}},{"html":false,"text":"Geo Davenport\nP. M. Rock Island                 FREE\nNov ' 19\nRussell Farnham Esqr\nSt. Louis\nMissouri\n[upside down]\nRock Island Nov 19, 1826\nGeo. Davenport\nRussell Farnham\nRec'd 6 December 1826\nAnsd","element_set":{"id":4,"url":"https:\/\/transcribe.newberry.org\/api\/element_sets\/4","name":"Scripto","resource":"element_sets"},"element":{"id":52,"url":"https:\/\/transcribe.newberry.org\/api\/elements\/52","name":"Transcription","resource":"elements"}}],"extended_resources":[]},{"id":72412,"url":"https:\/\/transcribe.newberry.org\/api\/files\/72412","file_urls":{"original":"https:\/\/transcribe.newberry.org\/files\/original\/2341a907732bc2262d4c4fedd8672d50.jpg","fullsize":"https:\/\/transcribe.newberry.org\/files\/fullsize\/2341a907732bc2262d4c4fedd8672d50.jpg","thumbnail":"https:\/\/transcribe.newberry.org\/files\/thumbnails\/2341a907732bc2262d4c4fedd8672d50.jpg","square_thumbnail":"https:\/\/transcribe.newberry.org\/files\/square_thumbnails\/2341a907732bc2262d4c4fedd8672d50.jpg"},"added":"2018-04-03T16:10:54+00:00","modified":"2020-01-30T17:29:14+00:00","filename":"2341a907732bc2262d4c4fedd8672d50.jpg","authentication":"7d58ff5771b0651eb2f3481b8bd9bb1e","has_derivative_image":true,"mime_type":"image\/jpeg","order":null,"original_filename":"Ayer_MS_215_FL001_00004_o2.jpg","size":1033349,"stored":true,"type_os":"JPEG image data, JFIF standard 1.01","metadata":{"mime_type":"image\/jpeg","video":{"dataformat":"jpg","lossless":false,"bits_per_sample":24,"pixel_aspect_ratio":1,"resolution_x":2218,"resolution_y":3600,"compression_ratio":0.043138170857963002713386657660521450452506542205810546875},"comments":{"IPTCEnvelope":{"CodedCharacterSet":["\u001b%G"]},"IPTCApplication":{"ApplicationRecordVersion":["\u0004"],"DateCreated":["20120501"],"TimeCreated":["111322+0000"],"DigitalCreationDate":["20120501"],"By-line":["Luna Imaging"]}},"comments_html":{"IPTCEnvelope":{"CodedCharacterSet":["\u001b%G"]},"IPTCApplication":{"ApplicationRecordVersion":["\u0004"],"DateCreated":["20120501"],"TimeCreated":["111322+0000"],"DigitalCreationDate":["20120501"],"By-line":["Luna Imaging"]}},"iptc":{"comments":{"IPTCEnvelope":{"CodedCharacterSet":["\u001b%G"]},"IPTCApplication":{"ApplicationRecordVersion":["\u0000\u0004"],"DateCreated":["20120501"],"TimeCreated":["111322+0000"],"DigitalCreationDate":["20120501"],"By-line":["Luna Imaging"]}},"encoding":"ISO-8859-1"},"jpg":{"exif":{"FILE":{"FileName":"2341a907732bc2262d4c4fedd8672d50.jpg","FileDateTime":1522771851,"FileSize":1033349,"FileType":2,"MimeType":"image\/jpeg","SectionsFound":"ANY_TAG, IFD0, EXIF"},"COMPUTED":{"html":"width=\"2218\" height=\"3600\"","Height":3600,"Width":2218,"IsColor":1,"ByteOrderMotorola":0,"CCDWidth":"15mm","ApertureFNumber":"f\/7.1"},"IFD0":{"Make":"Canon","Model":"Canon EOS-1Ds Mark III","Software":"Adobe Photoshop CS5 Macintosh","DateTime":"2012:05:09 10:10:37","Artist":"Luna Imaging","Exif_IFD_Pointer":180},"EXIF":{"ExposureTime":0.0166666666666669995022775907500545145012438297271728515625,"FNumber":7.0999999999999996447286321199499070644378662109375,"ExposureProgram":1,"ISOSpeedRatings":200,"ExifVersion":230,"DateTimeOriginal":"2012:05:01 11:13:22","DateTimeDigitized":"2012:05:01 11:13:22","ShutterSpeedValue":5.9068909999999998916564436512999236583709716796875,"ApertureValue":5.655637999999999721012500231154263019561767578125,"ExposureBiasValue":0,"MaxApertureValue":2.625,"MeteringMode":5,"Flash":0,"FocalLength":50,"SubSecTimeOriginal":63,"SubSecTimeDigitized":63,"ColorSpace":65535,"ExifImageWidth":2341,"ExifImageLength":3798,"FocalPlaneXResolution":3957.71670190270015154965221881866455078125,"FocalPlaneYResolution":3961.90476190480012519401498138904571533203125,"FocalPlaneResolutionUnit":2,"CustomRendered":0,"ExposureMode":1,"WhiteBalance":1,"SceneCaptureType":0,"UndefinedTag:0xA430":"Luna Imaging","UndefinedTag:0xA431":620549,"UndefinedTag:0xA432":["50\/1","50\/1","0\/0","0\/0"],"UndefinedTag:0xA434":"EF50mm f\/2.5 Compact Macro"}}}},"item":{"id":1069,"url":"https:\/\/transcribe.newberry.org\/api\/items\/1069","resource":"items"},"element_texts":[{"html":false,"text":"Completed","element_set":{"id":4,"url":"https:\/\/transcribe.newberry.org\/api\/element_sets\/4","name":"Scripto","resource":"element_sets"},"element":{"id":53,"url":"https:\/\/transcribe.newberry.org\/api\/elements\/53","name":"Status","resource":"elements"}},{"html":false,"text":"Rock Island\n9\" September 1824\nO. N. Bostwick Esqr\nAg' Am\" Fur Compy\nDear Sir,\n\n                        a war party consisting of about thirty young me Sache & Jones left this in July and was reinforsed by fifteen more from a party that was out hunting, on their way but they met a drove of Cattle on the north Side of the Desmoine River not far from the Ioway village, their appeared to be about one Hundred head of cattle, five americany and two french men and Suposed the drove was going to St Peters, non of the Drovers could Speak Indie\n                  The war party continued their route towards the Missourie for Several days but not finding a way of the Sioux thay turned their course towards the S Peters thay came on a fresh trail & followed it found whear the Sioux had dug holes to concel them Selves, and for Defence, in following the trail a short distance further thay came on the Cattle Traile found them killed and Laying in Every direction thier tailes and horns cut off.  which appeared to have been done a few days, whilst Examining the cattle thay heard a Drum and believe the Sioux was Dancing over the Scalps of the cattle drivers.\n                   The war party Conseated themselves untill Sum\n\n* box Ayer N. A. MS. 215","element_set":{"id":4,"url":"https:\/\/transcribe.newberry.org\/api\/element_sets\/4","name":"Scripto","resource":"element_sets"},"element":{"id":52,"url":"https:\/\/transcribe.newberry.org\/api\/elements\/52","name":"Transcription","resource":"elements"}}],"extended_resources":[]},{"id":72413,"url":"https:\/\/transcribe.newberry.org\/api\/files\/72413","file_urls":{"original":"https:\/\/transcribe.newberry.org\/files\/original\/3bda026f897d37089cabe377fb838a36.jpg","fullsize":"https:\/\/transcribe.newberry.org\/files\/fullsize\/3bda026f897d37089cabe377fb838a36.jpg","thumbnail":"https:\/\/transcribe.newberry.org\/files\/thumbnails\/3bda026f897d37089cabe377fb838a36.jpg","square_thumbnail":"https:\/\/transcribe.newberry.org\/files\/square_thumbnails\/3bda026f897d37089cabe377fb838a36.jpg"},"added":"2018-04-03T16:10:55+00:00","modified":"2020-01-30T17:29:14+00:00","filename":"3bda026f897d37089cabe377fb838a36.jpg","authentication":"2b7a07374ece2ab25653109ba897025f","has_derivative_image":true,"mime_type":"image\/jpeg","order":null,"original_filename":"Ayer_MS_215_FL001_00005_o2.jpg","size":1230027,"stored":true,"type_os":"JPEG image data, JFIF standard 1.01","metadata":{"mime_type":"image\/jpeg","video":{"dataformat":"jpg","lossless":false,"bits_per_sample":24,"pixel_aspect_ratio":1,"resolution_x":2248,"resolution_y":3600,"compression_ratio":0.050663429221035997940258965854809503071010112762451171875},"comments":{"IPTCEnvelope":{"CodedCharacterSet":["\u001b%G"]},"IPTCApplication":{"ApplicationRecordVersion":["\u0004"],"DateCreated":["20120501"],"TimeCreated":["111309+0000"],"DigitalCreationDate":["20120501"],"By-line":["Luna Imaging"]}},"comments_html":{"IPTCEnvelope":{"CodedCharacterSet":["\u001b%G"]},"IPTCApplication":{"ApplicationRecordVersion":["\u0004"],"DateCreated":["20120501"],"TimeCreated":["111309+0000"],"DigitalCreationDate":["20120501"],"By-line":["Luna Imaging"]}},"iptc":{"comments":{"IPTCEnvelope":{"CodedCharacterSet":["\u001b%G"]},"IPTCApplication":{"ApplicationRecordVersion":["\u0000\u0004"],"DateCreated":["20120501"],"TimeCreated":["111309+0000"],"DigitalCreationDate":["20120501"],"By-line":["Luna Imaging"]}},"encoding":"ISO-8859-1"},"jpg":{"exif":{"FILE":{"FileName":"3bda026f897d37089cabe377fb838a36.jpg","FileDateTime":1522771851,"FileSize":1230027,"FileType":2,"MimeType":"image\/jpeg","SectionsFound":"ANY_TAG, IFD0, EXIF"},"COMPUTED":{"html":"width=\"2248\" height=\"3600\"","Height":3600,"Width":2248,"IsColor":1,"ByteOrderMotorola":0,"CCDWidth":"15mm","ApertureFNumber":"f\/7.1"},"IFD0":{"Make":"Canon","Model":"Canon EOS-1Ds Mark III","Software":"Adobe Photoshop CS5 Macintosh","DateTime":"2012:05:09 10:10:37","Artist":"Luna Imaging","Exif_IFD_Pointer":180},"EXIF":{"ExposureTime":0.0166666666666669995022775907500545145012438297271728515625,"FNumber":7.0999999999999996447286321199499070644378662109375,"ExposureProgram":1,"ISOSpeedRatings":200,"ExifVersion":230,"DateTimeOriginal":"2012:05:01 11:13:09","DateTimeDigitized":"2012:05:01 11:13:09","ShutterSpeedValue":5.9068909999999998916564436512999236583709716796875,"ApertureValue":5.655637999999999721012500231154263019561767578125,"ExposureBiasValue":0,"MaxApertureValue":2.625,"MeteringMode":5,"Flash":0,"FocalLength":50,"SubSecTimeOriginal":23,"SubSecTimeDigitized":23,"ColorSpace":65535,"ExifImageWidth":2372,"ExifImageLength":3797,"FocalPlaneXResolution":3957.71670190270015154965221881866455078125,"FocalPlaneYResolution":3961.90476190480012519401498138904571533203125,"FocalPlaneResolutionUnit":2,"CustomRendered":0,"ExposureMode":1,"WhiteBalance":1,"SceneCaptureType":0,"UndefinedTag:0xA430":"Luna Imaging","UndefinedTag:0xA431":620549,"UndefinedTag:0xA432":["50\/1","50\/1","0\/0","0\/0"],"UndefinedTag:0xA434":"EF50mm f\/2.5 Compact Macro"}}}},"item":{"id":1069,"url":"https:\/\/transcribe.newberry.org\/api\/items\/1069","resource":"items"},"element_texts":[{"html":false,"text":"Completed","element_set":{"id":4,"url":"https:\/\/transcribe.newberry.org\/api\/element_sets\/4","name":"Scripto","resource":"element_sets"},"element":{"id":53,"url":"https:\/\/transcribe.newberry.org\/api\/elements\/53","name":"Status","resource":"elements"}},{"html":false,"text":"time in the night attacted the Sioux in thier Incampment, killed all the Sioux Belonging to three lodges Except a youg Girl thay took prisoner the war party\nfinding the Sioux  two Strong for thier Small party, having Descovered the Sioux to consist of about one hundred Lodges the war party made a presepet retreat, and was perused by the Sioux and Surrounded, but the war party Broke through, with the loss of Eight killed and two wounded thay had before left thier prisoners Sevral horses, Blankets, Leggins & Mockinsons in hopes of making thier Escape   thay saw the Sioux mounted on a horses and mules that thay Saw with the Drove of Cattle and found a Saddle cut up which appeared to belong to the same party.\n\n                           I have conversed with Several of the war party thay all to be of oppinion that the party of white men  with the cattle have been killed.\n           In making out my Order a few days Since I omited pipes be pleased to furnish three Bones,\n                                                I am Respectfully your Obt Servt\n                                                           George Davenport","element_set":{"id":4,"url":"https:\/\/transcribe.newberry.org\/api\/element_sets\/4","name":"Scripto","resource":"element_sets"},"element":{"id":52,"url":"https:\/\/transcribe.newberry.org\/api\/elements\/52","name":"Transcription","resource":"elements"}}],"extended_resources":[]},{"id":72414,"url":"https:\/\/transcribe.newberry.org\/api\/files\/72414","file_urls":{"original":"https:\/\/transcribe.newberry.org\/files\/original\/7a37fe35eaa4f3bd564c6fb866aa8b0a.jpg","fullsize":"https:\/\/transcribe.newberry.org\/files\/fullsize\/7a37fe35eaa4f3bd564c6fb866aa8b0a.jpg","thumbnail":"https:\/\/transcribe.newberry.org\/files\/thumbnails\/7a37fe35eaa4f3bd564c6fb866aa8b0a.jpg","square_thumbnail":"https:\/\/transcribe.newberry.org\/files\/square_thumbnails\/7a37fe35eaa4f3bd564c6fb866aa8b0a.jpg"},"added":"2018-04-03T16:10:56+00:00","modified":"2020-01-30T17:29:14+00:00","filename":"7a37fe35eaa4f3bd564c6fb866aa8b0a.jpg","authentication":"51b6fd974db1f14d2f65b476afd1b7b4","has_derivative_image":true,"mime_type":"image\/jpeg","order":null,"original_filename":"Ayer_MS_215_FL001_00006_o2.jpg","size":917266,"stored":true,"type_os":"JPEG image data, JFIF standard 1.01","metadata":{"mime_type":"image\/jpeg","video":{"dataformat":"jpg","lossless":false,"bits_per_sample":24,"pixel_aspect_ratio":1,"resolution_x":3600,"resolution_y":2218,"compression_ratio":0.038292171793074002150714107983731082640588283538818359375},"comments":{"IPTCEnvelope":{"CodedCharacterSet":["\u001b%G"]},"IPTCApplication":{"ApplicationRecordVersion":["\u0004"],"DateCreated":["20120501"],"TimeCreated":["111258+0000"],"DigitalCreationDate":["20120501"],"By-line":["Luna Imaging"]}},"comments_html":{"IPTCEnvelope":{"CodedCharacterSet":["\u001b%G"]},"IPTCApplication":{"ApplicationRecordVersion":["\u0004"],"DateCreated":["20120501"],"TimeCreated":["111258+0000"],"DigitalCreationDate":["20120501"],"By-line":["Luna Imaging"]}},"iptc":{"comments":{"IPTCEnvelope":{"CodedCharacterSet":["\u001b%G"]},"IPTCApplication":{"ApplicationRecordVersion":["\u0000\u0004"],"DateCreated":["20120501"],"TimeCreated":["111258+0000"],"DigitalCreationDate":["20120501"],"By-line":["Luna Imaging"]}},"encoding":"ISO-8859-1"},"jpg":{"exif":{"FILE":{"FileName":"7a37fe35eaa4f3bd564c6fb866aa8b0a.jpg","FileDateTime":1522771851,"FileSize":917266,"FileType":2,"MimeType":"image\/jpeg","SectionsFound":"ANY_TAG, IFD0, EXIF"},"COMPUTED":{"html":"width=\"3600\" height=\"2218\"","Height":2218,"Width":3600,"IsColor":1,"ByteOrderMotorola":0,"CCDWidth":"24mm","ApertureFNumber":"f\/7.1"},"IFD0":{"Make":"Canon","Model":"Canon EOS-1Ds Mark III","Software":"Adobe Photoshop CS5 Macintosh","DateTime":"2012:05:09 10:10:36","Artist":"Luna Imaging","Exif_IFD_Pointer":180},"EXIF":{"ExposureTime":0.0166666666666669995022775907500545145012438297271728515625,"FNumber":7.0999999999999996447286321199499070644378662109375,"ExposureProgram":1,"ISOSpeedRatings":200,"ExifVersion":230,"DateTimeOriginal":"2012:05:01 11:12:58","DateTimeDigitized":"2012:05:01 11:12:58","ShutterSpeedValue":5.9068909999999998916564436512999236583709716796875,"ApertureValue":5.655637999999999721012500231154263019561767578125,"ExposureBiasValue":0,"MaxApertureValue":2.625,"MeteringMode":5,"Flash":0,"FocalLength":50,"SubSecTimeOriginal":63,"SubSecTimeDigitized":63,"ColorSpace":65535,"ExifImageWidth":3798,"ExifImageLength":2341,"FocalPlaneXResolution":3957.71670190270015154965221881866455078125,"FocalPlaneYResolution":3961.90476190480012519401498138904571533203125,"FocalPlaneResolutionUnit":2,"CustomRendered":0,"ExposureMode":1,"WhiteBalance":1,"SceneCaptureType":0,"UndefinedTag:0xA430":"Luna Imaging","UndefinedTag:0xA431":620549,"UndefinedTag:0xA432":["50\/1","50\/1","0\/0","0\/0"],"UndefinedTag:0xA434":"EF50mm f\/2.5 Compact Macro"}}}},"item":{"id":1069,"url":"https:\/\/transcribe.newberry.org\/api\/items\/1069","resource":"items"},"element_texts":[{"html":false,"text":"Completed","element_set":{"id":4,"url":"https:\/\/transcribe.newberry.org\/api\/element_sets\/4","name":"Scripto","resource":"element_sets"},"element":{"id":53,"url":"https:\/\/transcribe.newberry.org\/api\/elements\/53","name":"Status","resource":"elements"}},{"html":false,"text":"Rock Island 8th Sept. 1829.\nGeorge Davenport.\nRecd. 17th Sept. 1829,\nAnsd   27     \"","element_set":{"id":4,"url":"https:\/\/transcribe.newberry.org\/api\/element_sets\/4","name":"Scripto","resource":"element_sets"},"element":{"id":52,"url":"https:\/\/transcribe.newberry.org\/api\/elements\/52","name":"Transcription","resource":"elements"}}],"extended_resources":[]},{"id":72415,"url":"https:\/\/transcribe.newberry.org\/api\/files\/72415","file_urls":{"original":"https:\/\/transcribe.newberry.org\/files\/original\/db87a3c5c4d115bb9a46bd6ecc2a0899.jpg","fullsize":"https:\/\/transcribe.newberry.org\/files\/fullsize\/db87a3c5c4d115bb9a46bd6ecc2a0899.jpg","thumbnail":"https:\/\/transcribe.newberry.org\/files\/thumbnails\/db87a3c5c4d115bb9a46bd6ecc2a0899.jpg","square_thumbnail":"https:\/\/transcribe.newberry.org\/files\/square_thumbnails\/db87a3c5c4d115bb9a46bd6ecc2a0899.jpg"},"added":"2018-04-03T16:10:57+00:00","modified":"2020-01-30T17:29:14+00:00","filename":"db87a3c5c4d115bb9a46bd6ecc2a0899.jpg","authentication":"9a83149a284bf83a7de4b167372a4434","has_derivative_image":true,"mime_type":"image\/jpeg","order":null,"original_filename":"Ayer_MS_215_FL002_00001_o2.jpg","size":1098090,"stored":true,"type_os":"JPEG image data, JFIF standard 1.01","metadata":{"mime_type":"image\/jpeg","video":{"dataformat":"jpg","lossless":false,"bits_per_sample":24,"pixel_aspect_ratio":1,"resolution_x":3023,"resolution_y":3600,"compression_ratio":0.033633807476016998327938978263773606158792972564697265625},"comments":{"IPTCEnvelope":{"CodedCharacterSet":["\u001b%G"]},"IPTCApplication":{"ApplicationRecordVersion":["\u0004"],"DateCreated":["20120501"],"TimeCreated":["111428+0000"],"DigitalCreationDate":["20120501"],"By-line":["Luna Imaging"]}},"comments_html":{"IPTCEnvelope":{"CodedCharacterSet":["\u001b%G"]},"IPTCApplication":{"ApplicationRecordVersion":["\u0004"],"DateCreated":["20120501"],"TimeCreated":["111428+0000"],"DigitalCreationDate":["20120501"],"By-line":["Luna Imaging"]}},"iptc":{"comments":{"IPTCEnvelope":{"CodedCharacterSet":["\u001b%G"]},"IPTCApplication":{"ApplicationRecordVersion":["\u0000\u0004"],"DateCreated":["20120501"],"TimeCreated":["111428+0000"],"DigitalCreationDate":["20120501"],"By-line":["Luna Imaging"]}},"encoding":"ISO-8859-1"},"jpg":{"exif":{"FILE":{"FileName":"db87a3c5c4d115bb9a46bd6ecc2a0899.jpg","FileDateTime":1522771851,"FileSize":1098090,"FileType":2,"MimeType":"image\/jpeg","SectionsFound":"ANY_TAG, IFD0, EXIF"},"COMPUTED":{"html":"width=\"3023\" height=\"3600\"","Height":3600,"Width":3023,"IsColor":1,"ByteOrderMotorola":0,"CCDWidth":"15mm","ApertureFNumber":"f\/7.1"},"IFD0":{"Make":"Canon","Model":"Canon EOS-1Ds Mark III","Software":"Adobe Photoshop CS5 Macintosh","DateTime":"2012:05:09 10:14:37","Artist":"Luna Imaging","Exif_IFD_Pointer":180},"EXIF":{"ExposureTime":0.0166666666666669995022775907500545145012438297271728515625,"FNumber":7.0999999999999996447286321199499070644378662109375,"ExposureProgram":1,"ISOSpeedRatings":200,"ExifVersion":230,"DateTimeOriginal":"2012:05:01 11:14:28","DateTimeDigitized":"2012:05:01 11:14:28","ShutterSpeedValue":5.9068909999999998916564436512999236583709716796875,"ApertureValue":5.655637999999999721012500231154263019561767578125,"ExposureBiasValue":0,"MaxApertureValue":2.625,"MeteringMode":5,"Flash":0,"FocalLength":50,"SubSecTimeOriginal":99,"SubSecTimeDigitized":99,"ColorSpace":65535,"ExifImageWidth":2397,"ExifImageLength":2854,"FocalPlaneXResolution":3957.71670190270015154965221881866455078125,"FocalPlaneYResolution":3961.90476190480012519401498138904571533203125,"FocalPlaneResolutionUnit":2,"CustomRendered":0,"ExposureMode":1,"WhiteBalance":1,"SceneCaptureType":0,"UndefinedTag:0xA430":"Luna Imaging","UndefinedTag:0xA431":620549,"UndefinedTag:0xA432":["50\/1","50\/1","0\/0","0\/0"],"UndefinedTag:0xA434":"EF50mm f\/2.5 Compact Macro"}}}},"item":{"id":1069,"url":"https:\/\/transcribe.newberry.org\/api\/items\/1069","resource":"items"},"element_texts":[{"html":false,"text":"Completed","element_set":{"id":4,"url":"https:\/\/transcribe.newberry.org\/api\/element_sets\/4","name":"Scripto","resource":"element_sets"},"element":{"id":53,"url":"https:\/\/transcribe.newberry.org\/api\/elements\/53","name":"Status","resource":"elements"}},{"html":false,"text":"Rock Island\nNov 22  1834\nMesses Pratte Choubeau & Co\nGentlemen\n\n                 I had expected to have been able to pay a short visit to St Louis, not with standing the absence of my family, but dificulty with those foolish son Indians in killing the Menomeses and more recently ten Winabagos, near Prairie du Chain, has prevented me from coming down I have induced the Indians to give up the murderer of the Menomancys they have been taken to Praire du Chain and expect the murders of the Winabagos will be given up in two or three days, than all will be well between the government and the natives.  I have had to alter Sum of my Locations of Trading houses, on account of the removal of the Indians, after they had killed the Winobagos, the communication respecting Ke Ohuck making way with the annuitys and only giving the natives one Barrell of Why &c all  fallse Shall be approved by a Statement on Oath of the articles delivered by me to the natives\n\non their annuitys, truth must prevail over falsehood and the motive of this pretended traviler Shall be\nexposed; the wrighter is Messrs Patterson & Phelps\n\n                              [in pencil]    * box Ayer N. A. MS 216","element_set":{"id":4,"url":"https:\/\/transcribe.newberry.org\/api\/element_sets\/4","name":"Scripto","resource":"element_sets"},"element":{"id":52,"url":"https:\/\/transcribe.newberry.org\/api\/elements\/52","name":"Transcription","resource":"elements"}}],"extended_resources":[]},{"id":72416,"url":"https:\/\/transcribe.newberry.org\/api\/files\/72416","file_urls":{"original":"https:\/\/transcribe.newberry.org\/files\/original\/d98fc613978302c77b1e3b764e69ee74.jpg","fullsize":"https:\/\/transcribe.newberry.org\/files\/fullsize\/d98fc613978302c77b1e3b764e69ee74.jpg","thumbnail":"https:\/\/transcribe.newberry.org\/files\/thumbnails\/d98fc613978302c77b1e3b764e69ee74.jpg","square_thumbnail":"https:\/\/transcribe.newberry.org\/files\/square_thumbnails\/d98fc613978302c77b1e3b764e69ee74.jpg"},"added":"2018-04-03T16:10:59+00:00","modified":"2020-01-30T17:29:14+00:00","filename":"d98fc613978302c77b1e3b764e69ee74.jpg","authentication":"6de07911682f856edc5eaff6adefa72b","has_derivative_image":true,"mime_type":"image\/jpeg","order":null,"original_filename":"Ayer_MS_215_FL002_00002_o2.jpg","size":1249320,"stored":true,"type_os":"JPEG image data, JFIF standard 1.01","metadata":{"mime_type":"image\/jpeg","video":{"dataformat":"jpg","lossless":false,"bits_per_sample":24,"pixel_aspect_ratio":1,"resolution_x":3062,"resolution_y":3600,"compression_ratio":0.03777850351984900212354290260918787680566310882568359375},"comments":{"IPTCEnvelope":{"CodedCharacterSet":["\u001b%G"]},"IPTCApplication":{"ApplicationRecordVersion":["\u0004"],"DateCreated":["20120501"],"TimeCreated":["111457+0000"],"DigitalCreationDate":["20120501"],"By-line":["Luna Imaging"]}},"comments_html":{"IPTCEnvelope":{"CodedCharacterSet":["\u001b%G"]},"IPTCApplication":{"ApplicationRecordVersion":["\u0004"],"DateCreated":["20120501"],"TimeCreated":["111457+0000"],"DigitalCreationDate":["20120501"],"By-line":["Luna Imaging"]}},"iptc":{"comments":{"IPTCEnvelope":{"CodedCharacterSet":["\u001b%G"]},"IPTCApplication":{"ApplicationRecordVersion":["\u0000\u0004"],"DateCreated":["20120501"],"TimeCreated":["111457+0000"],"DigitalCreationDate":["20120501"],"By-line":["Luna Imaging"]}},"encoding":"ISO-8859-1"},"jpg":{"exif":{"FILE":{"FileName":"d98fc613978302c77b1e3b764e69ee74.jpg","FileDateTime":1522771851,"FileSize":1249320,"FileType":2,"MimeType":"image\/jpeg","SectionsFound":"ANY_TAG, IFD0, EXIF"},"COMPUTED":{"html":"width=\"3062\" height=\"3600\"","Height":3600,"Width":3062,"IsColor":1,"ByteOrderMotorola":0,"CCDWidth":"15mm","ApertureFNumber":"f\/7.1"},"IFD0":{"Make":"Canon","Model":"Canon EOS-1Ds Mark III","Software":"Adobe Photoshop CS5 Macintosh","DateTime":"2012:05:09 10:14:38","Artist":"Luna Imaging","Exif_IFD_Pointer":180},"EXIF":{"ExposureTime":0.0166666666666669995022775907500545145012438297271728515625,"FNumber":7.0999999999999996447286321199499070644378662109375,"ExposureProgram":1,"ISOSpeedRatings":200,"ExifVersion":230,"DateTimeOriginal":"2012:05:01 11:14:57","DateTimeDigitized":"2012:05:01 11:14:57","ShutterSpeedValue":5.9068909999999998916564436512999236583709716796875,"ApertureValue":5.655637999999999721012500231154263019561767578125,"ExposureBiasValue":0,"MaxApertureValue":2.625,"MeteringMode":5,"Flash":0,"FocalLength":50,"SubSecTimeOriginal":96,"SubSecTimeDigitized":96,"ColorSpace":65535,"ExifImageWidth":2428,"ExifImageLength":2854,"FocalPlaneXResolution":3957.71670190270015154965221881866455078125,"FocalPlaneYResolution":3961.90476190480012519401498138904571533203125,"FocalPlaneResolutionUnit":2,"CustomRendered":0,"ExposureMode":1,"WhiteBalance":1,"SceneCaptureType":0,"UndefinedTag:0xA430":"Luna Imaging","UndefinedTag:0xA431":620549,"UndefinedTag:0xA432":["50\/1","50\/1","0\/0","0\/0"],"UndefinedTag:0xA434":"EF50mm f\/2.5 Compact Macro"}}}},"item":{"id":1069,"url":"https:\/\/transcribe.newberry.org\/api\/items\/1069","resource":"items"},"element_texts":[{"html":false,"text":"Completed","element_set":{"id":4,"url":"https:\/\/transcribe.newberry.org\/api\/element_sets\/4","name":"Scripto","resource":"element_sets"},"element":{"id":53,"url":"https:\/\/transcribe.newberry.org\/api\/elements\/53","name":"Status","resource":"elements"}},{"html":false,"text":"Mr Phelps is making great fuss ? armongst the Indians taking four Musk Rat Skins for a dollar and Selling three point Blankets for five dollars, I have directed my outfits to take five Rats for the dollar and to Sell the three point Blankets for Six dollars or keep them and to imploy Indians and Send Skins to purchase his Blankets, I have authorized my Men to give five dollars for a good otter\n\n                I inclose you Sum Bills wich you will please to pay two to be charged Sac outfitt the other to my Private account - you will find the Bills marked\n                My friend Mr Renshaw will oblige me if he will Send me a transcript of my Private account when he has time.\n                                           I am Gentlemen\n                                           Respectfully your Obd. Servt.\n                                                  Geo. Davenport","element_set":{"id":4,"url":"https:\/\/transcribe.newberry.org\/api\/element_sets\/4","name":"Scripto","resource":"element_sets"},"element":{"id":52,"url":"https:\/\/transcribe.newberry.org\/api\/elements\/52","name":"Transcription","resource":"elements"}}],"extended_resources":[]},{"id":72417,"url":"https:\/\/transcribe.newberry.org\/api\/files\/72417","file_urls":{"original":"https:\/\/transcribe.newberry.org\/files\/original\/84947dc32893d36d7e2d6a35c82e7df5.jpg","fullsize":"https:\/\/transcribe.newberry.org\/files\/fullsize\/84947dc32893d36d7e2d6a35c82e7df5.jpg","thumbnail":"https:\/\/transcribe.newberry.org\/files\/thumbnails\/84947dc32893d36d7e2d6a35c82e7df5.jpg","square_thumbnail":"https:\/\/transcribe.newberry.org\/files\/square_thumbnails\/84947dc32893d36d7e2d6a35c82e7df5.jpg"},"added":"2018-04-03T16:11:00+00:00","modified":"2020-01-30T17:29:14+00:00","filename":"84947dc32893d36d7e2d6a35c82e7df5.jpg","authentication":"fb361c284455368706df602c4ebf4e4b","has_derivative_image":true,"mime_type":"image\/jpeg","order":null,"original_filename":"Ayer_MS_215_FL002_00003_o2.jpg","size":817276,"stored":true,"type_os":"JPEG image data, JFIF standard 1.01","metadata":{"mime_type":"image\/jpeg","video":{"dataformat":"jpg","lossless":false,"bits_per_sample":24,"pixel_aspect_ratio":1,"resolution_x":3600,"resolution_y":3028,"compression_ratio":0.02499131562209500057036848374991677701473236083984375},"comments":{"IPTCEnvelope":{"CodedCharacterSet":["\u001b%G"]},"IPTCApplication":{"ApplicationRecordVersion":["\u0004"],"DateCreated":["20120501"],"TimeCreated":["111508+0000"],"DigitalCreationDate":["20120501"],"By-line":["Luna Imaging"]}},"comments_html":{"IPTCEnvelope":{"CodedCharacterSet":["\u001b%G"]},"IPTCApplication":{"ApplicationRecordVersion":["\u0004"],"DateCreated":["20120501"],"TimeCreated":["111508+0000"],"DigitalCreationDate":["20120501"],"By-line":["Luna Imaging"]}},"iptc":{"comments":{"IPTCEnvelope":{"CodedCharacterSet":["\u001b%G"]},"IPTCApplication":{"ApplicationRecordVersion":["\u0000\u0004"],"DateCreated":["20120501"],"TimeCreated":["111508+0000"],"DigitalCreationDate":["20120501"],"By-line":["Luna Imaging"]}},"encoding":"ISO-8859-1"},"jpg":{"exif":{"FILE":{"FileName":"84947dc32893d36d7e2d6a35c82e7df5.jpg","FileDateTime":1522771851,"FileSize":817276,"FileType":2,"MimeType":"image\/jpeg","SectionsFound":"ANY_TAG, IFD0, EXIF"},"COMPUTED":{"html":"width=\"3600\" height=\"3028\"","Height":3028,"Width":3600,"IsColor":1,"ByteOrderMotorola":0,"CCDWidth":"18mm","ApertureFNumber":"f\/7.1"},"IFD0":{"Make":"Canon","Model":"Canon EOS-1Ds Mark III","Software":"Adobe Photoshop CS5 Macintosh","DateTime":"2012:05:09 10:14:38","Artist":"Luna Imaging","Exif_IFD_Pointer":180},"EXIF":{"ExposureTime":0.0166666666666669995022775907500545145012438297271728515625,"FNumber":7.0999999999999996447286321199499070644378662109375,"ExposureProgram":1,"ISOSpeedRatings":200,"ExifVersion":230,"DateTimeOriginal":"2012:05:01 11:15:08","DateTimeDigitized":"2012:05:01 11:15:08","ShutterSpeedValue":5.9068909999999998916564436512999236583709716796875,"ApertureValue":5.655637999999999721012500231154263019561767578125,"ExposureBiasValue":0,"MaxApertureValue":2.625,"MeteringMode":5,"Flash":0,"FocalLength":50,"SubSecTimeOriginal":18,"SubSecTimeDigitized":18,"ColorSpace":65535,"ExifImageWidth":2846,"ExifImageLength":2394,"FocalPlaneXResolution":3957.71670190270015154965221881866455078125,"FocalPlaneYResolution":3961.90476190480012519401498138904571533203125,"FocalPlaneResolutionUnit":2,"CustomRendered":0,"ExposureMode":1,"WhiteBalance":1,"SceneCaptureType":0,"UndefinedTag:0xA430":"Luna Imaging","UndefinedTag:0xA431":620549,"UndefinedTag:0xA432":["50\/1","50\/1","0\/0","0\/0"],"UndefinedTag:0xA434":"EF50mm f\/2.5 Compact Macro"}}}},"item":{"id":1069,"url":"https:\/\/transcribe.newberry.org\/api\/items\/1069","resource":"items"},"element_texts":[{"html":false,"text":"Completed","element_set":{"id":4,"url":"https:\/\/transcribe.newberry.org\/api\/element_sets\/4","name":"Scripto","resource":"element_sets"},"element":{"id":53,"url":"https:\/\/transcribe.newberry.org\/api\/elements\/53","name":"Status","resource":"elements"}},{"html":false,"text":"George Davenport\nRock Island 22d. Nov. 1834\nRecd.    1st Decr. 1834\nAnswer  8     \"         \"\n\nMessrs Pratte Choubeau & Co\nSt. Louis\nMissouri","element_set":{"id":4,"url":"https:\/\/transcribe.newberry.org\/api\/element_sets\/4","name":"Scripto","resource":"element_sets"},"element":{"id":52,"url":"https:\/\/transcribe.newberry.org\/api\/elements\/52","name":"Transcription","resource":"elements"}}],"extended_resources":[]}]