[{"id":69569,"url":"https:\/\/transcribe.newberry.org\/api\/files\/69569","file_urls":{"original":"https:\/\/transcribe.newberry.org\/files\/original\/966dbf09c1433ccb41ecbccb720123ef.jpg","fullsize":"https:\/\/transcribe.newberry.org\/files\/fullsize\/966dbf09c1433ccb41ecbccb720123ef.jpg","thumbnail":"https:\/\/transcribe.newberry.org\/files\/thumbnails\/966dbf09c1433ccb41ecbccb720123ef.jpg","square_thumbnail":"https:\/\/transcribe.newberry.org\/files\/square_thumbnails\/966dbf09c1433ccb41ecbccb720123ef.jpg"},"added":"2018-03-29T17:35:25+00:00","modified":"2020-01-29T22:06:12+00:00","filename":"966dbf09c1433ccb41ecbccb720123ef.jpg","authentication":"3cf8e9d87df19e4538cd20d90609c6d0","has_derivative_image":true,"mime_type":"image\/jpeg","order":null,"original_filename":"Ayer_MS_966_FL001_00001_o2.jpg","size":1543016,"stored":true,"type_os":"JPEG image data, JFIF standard 1.01","metadata":{"mime_type":"image\/jpeg","video":{"dataformat":"jpg","lossless":false,"bits_per_sample":24,"pixel_aspect_ratio":1,"resolution_x":2298,"resolution_y":3600,"compression_ratio":0.062172259291492996957639860511335427872836589813232421875},"comments":{"IPTCEnvelope":{"CodedCharacterSet":["\u001b%G"]},"IPTCApplication":{"ApplicationRecordVersion":["\u0004"],"DateCreated":["20120510"],"TimeCreated":["080826"],"DigitalCreationDate":["20120510"],"DigitalCreationTime":["080826"],"By-line":["Luna Imaging"]}},"comments_html":{"IPTCEnvelope":{"CodedCharacterSet":["\u001b%G"]},"IPTCApplication":{"ApplicationRecordVersion":["\u0004"],"DateCreated":["20120510"],"TimeCreated":["080826"],"DigitalCreationDate":["20120510"],"DigitalCreationTime":["080826"],"By-line":["Luna Imaging"]}},"iptc":{"comments":{"IPTCEnvelope":{"CodedCharacterSet":["\u001b%G"]},"IPTCApplication":{"ApplicationRecordVersion":["\u0000\u0004"],"DateCreated":["20120510"],"TimeCreated":["080826"],"DigitalCreationDate":["20120510"],"DigitalCreationTime":["080826"],"By-line":["Luna Imaging"]}},"encoding":"ISO-8859-1"},"jpg":{"exif":{"FILE":{"FileName":"966dbf09c1433ccb41ecbccb720123ef.jpg","FileDateTime":1522344924,"FileSize":1543016,"FileType":2,"MimeType":"image\/jpeg","SectionsFound":"ANY_TAG, IFD0, EXIF"},"COMPUTED":{"html":"width=\"2298\" height=\"3600\"","Height":3600,"Width":2298,"IsColor":1,"ByteOrderMotorola":0,"ApertureFNumber":"f\/7.1"},"IFD0":{"Make":"Canon","Model":"Canon EOS-1Ds Mark III","Software":"Adobe Photoshop Camera Raw 6.5 (Macintosh)","DateTime":"2012:05:18 10:24:48","Artist":"Luna Imaging","Exif_IFD_Pointer":194},"EXIF":{"ExposureTime":0.0166666666666669995022775907500545145012438297271728515625,"FNumber":7.0999999999999996447286321199499070644378662109375,"ExposureProgram":1,"ISOSpeedRatings":200,"ExifVersion":230,"DateTimeOriginal":"2012:05:10 08:08:26","DateTimeDigitized":"2012:05:10 08:08:26","ShutterSpeedValue":5.9068909999999998916564436512999236583709716796875,"ApertureValue":5.655637999999999721012500231154263019561767578125,"ExposureBiasValue":0,"MaxApertureValue":2.625,"MeteringMode":5,"Flash":0,"FocalLength":50,"SubSecTimeOriginal":52,"SubSecTimeDigitized":52,"FocalPlaneXResolution":3957.71670190270015154965221881866455078125,"FocalPlaneYResolution":3961.90476190480012519401498138904571533203125,"FocalPlaneResolutionUnit":2,"CustomRendered":0,"ExposureMode":1,"WhiteBalance":1,"SceneCaptureType":0,"UndefinedTag:0xA430":"Luna Imaging","UndefinedTag:0xA431":620549,"UndefinedTag:0xA432":["50\/1","50\/1","0\/0","0\/0"],"UndefinedTag:0xA434":"EF50mm f\/2.5 Compact Macro"}}}},"item":{"id":1042,"url":"https:\/\/transcribe.newberry.org\/api\/items\/1042","resource":"items"},"element_texts":[{"html":false,"text":"Completed","element_set":{"id":4,"url":"https:\/\/transcribe.newberry.org\/api\/element_sets\/4","name":"Scripto","resource":"element_sets"},"element":{"id":53,"url":"https:\/\/transcribe.newberry.org\/api\/elements\/53","name":"Status","resource":"elements"}},{"html":false,"text":"Pittsburgh 3rd Oct 1792\nSir\nThis will be presented to you by Capt.\nJonathan Cass, who has been reliev'd from his \nCommand of Fort Franklin by Capt Hughes, &\nis now on his way to Philadelphia, with orders\nto wait upon you, for Recruiting instructions & \nmoney to raise a complete company for the Second \nSub Legion, he will have it in his power viva voce\nto give you such information respecting the disposition\nof the Indians, & the numbers that have gone \nto meet the Hostile tribes, &ca also of the murder of\ntwo Seneca Indians by one of Mr Phelps's people.\nI shall not at present animadvert upon the views &\nconduct of the British -- or the cause of the sudden change in\nthe minds of Capt. Brant & the Six Nations - as -\nexpressed in their letters, - any further, than that,\nit is my decided Opinion -- We shall not have\na peace until the Savages are compeled to it, in the field unless you agree to such underline a line ? \/underline, as shall\ntotally exclude you from the waters of the Lakes.\n& you'l find, strenuous advocates for such a boundary even in C------ss?","element_set":{"id":4,"url":"https:\/\/transcribe.newberry.org\/api\/element_sets\/4","name":"Scripto","resource":"element_sets"},"element":{"id":52,"url":"https:\/\/transcribe.newberry.org\/api\/elements\/52","name":"Transcription","resource":"elements"}}],"extended_resources":[]},{"id":69570,"url":"https:\/\/transcribe.newberry.org\/api\/files\/69570","file_urls":{"original":"https:\/\/transcribe.newberry.org\/files\/original\/b9e8d3bd5ee242633770d1c68eb33985.jpg","fullsize":"https:\/\/transcribe.newberry.org\/files\/fullsize\/b9e8d3bd5ee242633770d1c68eb33985.jpg","thumbnail":"https:\/\/transcribe.newberry.org\/files\/thumbnails\/b9e8d3bd5ee242633770d1c68eb33985.jpg","square_thumbnail":"https:\/\/transcribe.newberry.org\/files\/square_thumbnails\/b9e8d3bd5ee242633770d1c68eb33985.jpg"},"added":"2018-03-29T17:35:26+00:00","modified":"2020-01-29T22:06:12+00:00","filename":"b9e8d3bd5ee242633770d1c68eb33985.jpg","authentication":"69e58dac2359fb1fe1e53760c535af81","has_derivative_image":true,"mime_type":"image\/jpeg","order":null,"original_filename":"Ayer_MS_966_FL001_00002_o2.jpg","size":1341638,"stored":true,"type_os":"JPEG image data, JFIF standard 1.01","metadata":{"mime_type":"image\/jpeg","video":{"dataformat":"jpg","lossless":false,"bits_per_sample":24,"pixel_aspect_ratio":1,"resolution_x":2292,"resolution_y":3600,"compression_ratio":0.05419971236506999912041493416836601682007312774658203125},"comments":{"IPTCEnvelope":{"CodedCharacterSet":["\u001b%G"]},"IPTCApplication":{"ApplicationRecordVersion":["\u0004"],"DateCreated":["20120510"],"TimeCreated":["080842"],"DigitalCreationDate":["20120510"],"DigitalCreationTime":["080842"],"By-line":["Luna Imaging"]}},"comments_html":{"IPTCEnvelope":{"CodedCharacterSet":["\u001b%G"]},"IPTCApplication":{"ApplicationRecordVersion":["\u0004"],"DateCreated":["20120510"],"TimeCreated":["080842"],"DigitalCreationDate":["20120510"],"DigitalCreationTime":["080842"],"By-line":["Luna Imaging"]}},"iptc":{"comments":{"IPTCEnvelope":{"CodedCharacterSet":["\u001b%G"]},"IPTCApplication":{"ApplicationRecordVersion":["\u0000\u0004"],"DateCreated":["20120510"],"TimeCreated":["080842"],"DigitalCreationDate":["20120510"],"DigitalCreationTime":["080842"],"By-line":["Luna Imaging"]}},"encoding":"ISO-8859-1"},"jpg":{"exif":{"FILE":{"FileName":"b9e8d3bd5ee242633770d1c68eb33985.jpg","FileDateTime":1522344924,"FileSize":1341638,"FileType":2,"MimeType":"image\/jpeg","SectionsFound":"ANY_TAG, IFD0, EXIF"},"COMPUTED":{"html":"width=\"2292\" height=\"3600\"","Height":3600,"Width":2292,"IsColor":1,"ByteOrderMotorola":0,"ApertureFNumber":"f\/7.1"},"IFD0":{"Make":"Canon","Model":"Canon EOS-1Ds Mark III","Software":"Adobe Photoshop Camera Raw 6.5 (Macintosh)","DateTime":"2012:05:18 10:24:49","Artist":"Luna Imaging","Exif_IFD_Pointer":194},"EXIF":{"ExposureTime":0.0166666666666669995022775907500545145012438297271728515625,"FNumber":7.0999999999999996447286321199499070644378662109375,"ExposureProgram":1,"ISOSpeedRatings":200,"ExifVersion":230,"DateTimeOriginal":"2012:05:10 08:08:42","DateTimeDigitized":"2012:05:10 08:08:42","ShutterSpeedValue":5.9068909999999998916564436512999236583709716796875,"ApertureValue":5.655637999999999721012500231154263019561767578125,"ExposureBiasValue":0,"MaxApertureValue":2.625,"MeteringMode":5,"Flash":0,"FocalLength":50,"SubSecTimeOriginal":61,"SubSecTimeDigitized":61,"FocalPlaneXResolution":3957.71670190270015154965221881866455078125,"FocalPlaneYResolution":3961.90476190480012519401498138904571533203125,"FocalPlaneResolutionUnit":2,"CustomRendered":0,"ExposureMode":1,"WhiteBalance":1,"SceneCaptureType":0,"UndefinedTag:0xA430":"Luna Imaging","UndefinedTag:0xA431":620549,"UndefinedTag:0xA432":["50\/1","50\/1","0\/0","0\/0"],"UndefinedTag:0xA434":"EF50mm f\/2.5 Compact Macro"}}}},"item":{"id":1042,"url":"https:\/\/transcribe.newberry.org\/api\/items\/1042","resource":"items"},"element_texts":[{"html":false,"text":"Completed","element_set":{"id":4,"url":"https:\/\/transcribe.newberry.org\/api\/element_sets\/4","name":"Scripto","resource":"element_sets"},"element":{"id":53,"url":"https:\/\/transcribe.newberry.org\/api\/elements\/53","name":"Status","resource":"elements"}},{"html":false,"text":"I cou'd enlarge much upon this subject - & perhaps\npoint out the trueunderlined reasons why the ports on the Lakes\nhave not been deliver'd up agreeably to treaty however this may\nbe more proper, at an other period, to which I shall\ndefer it, & am Sir with sincere Esteem\nYour most Obt.\n?\nHum Svt\nAnty Wayne\n\n\nThe Honble?\nMajor Genl Knox?\nTery of Uta?","element_set":{"id":4,"url":"https:\/\/transcribe.newberry.org\/api\/element_sets\/4","name":"Scripto","resource":"element_sets"},"element":{"id":52,"url":"https:\/\/transcribe.newberry.org\/api\/elements\/52","name":"Transcription","resource":"elements"}}],"extended_resources":[]},{"id":69571,"url":"https:\/\/transcribe.newberry.org\/api\/files\/69571","file_urls":{"original":"https:\/\/transcribe.newberry.org\/files\/original\/2be794b8ea710f17dc78f26bb57f1968.jpg","fullsize":"https:\/\/transcribe.newberry.org\/files\/fullsize\/2be794b8ea710f17dc78f26bb57f1968.jpg","thumbnail":"https:\/\/transcribe.newberry.org\/files\/thumbnails\/2be794b8ea710f17dc78f26bb57f1968.jpg","square_thumbnail":"https:\/\/transcribe.newberry.org\/files\/square_thumbnails\/2be794b8ea710f17dc78f26bb57f1968.jpg"},"added":"2018-03-29T17:35:27+00:00","modified":"2020-01-29T22:06:12+00:00","filename":"2be794b8ea710f17dc78f26bb57f1968.jpg","authentication":"3fb5ce442536eb92500f44827a7b36d8","has_derivative_image":true,"mime_type":"image\/jpeg","order":null,"original_filename":"Ayer_MS_966_FL001_00004_o2.jpg","size":1690635,"stored":true,"type_os":"JPEG image data, JFIF standard 1.01","metadata":{"mime_type":"image\/jpeg","video":{"dataformat":"jpg","lossless":false,"bits_per_sample":24,"pixel_aspect_ratio":1,"resolution_x":2335,"resolution_y":3600,"compression_ratio":0.06704080418748499525793960174269159324467182159423828125},"comments":{"IPTCEnvelope":{"CodedCharacterSet":["\u001b%G"]},"IPTCApplication":{"ApplicationRecordVersion":["\u0004"],"DateCreated":["20120510"],"TimeCreated":["080905"],"DigitalCreationDate":["20120510"],"DigitalCreationTime":["080905"],"By-line":["Luna Imaging"]}},"comments_html":{"IPTCEnvelope":{"CodedCharacterSet":["\u001b%G"]},"IPTCApplication":{"ApplicationRecordVersion":["\u0004"],"DateCreated":["20120510"],"TimeCreated":["080905"],"DigitalCreationDate":["20120510"],"DigitalCreationTime":["080905"],"By-line":["Luna Imaging"]}},"iptc":{"comments":{"IPTCEnvelope":{"CodedCharacterSet":["\u001b%G"]},"IPTCApplication":{"ApplicationRecordVersion":["\u0000\u0004"],"DateCreated":["20120510"],"TimeCreated":["080905"],"DigitalCreationDate":["20120510"],"DigitalCreationTime":["080905"],"By-line":["Luna Imaging"]}},"encoding":"ISO-8859-1"},"jpg":{"exif":{"FILE":{"FileName":"2be794b8ea710f17dc78f26bb57f1968.jpg","FileDateTime":1522344924,"FileSize":1690635,"FileType":2,"MimeType":"image\/jpeg","SectionsFound":"ANY_TAG, IFD0, EXIF"},"COMPUTED":{"html":"width=\"2335\" height=\"3600\"","Height":3600,"Width":2335,"IsColor":1,"ByteOrderMotorola":0,"ApertureFNumber":"f\/7.1"},"IFD0":{"Make":"Canon","Model":"Canon EOS-1Ds Mark III","Software":"Adobe Photoshop Camera Raw 6.5 (Macintosh)","DateTime":"2012:05:18 10:24:53","Artist":"Luna Imaging","Exif_IFD_Pointer":194},"EXIF":{"ExposureTime":0.0166666666666669995022775907500545145012438297271728515625,"FNumber":7.0999999999999996447286321199499070644378662109375,"ExposureProgram":1,"ISOSpeedRatings":200,"ExifVersion":230,"DateTimeOriginal":"2012:05:10 08:09:05","DateTimeDigitized":"2012:05:10 08:09:05","ShutterSpeedValue":5.9068909999999998916564436512999236583709716796875,"ApertureValue":5.655637999999999721012500231154263019561767578125,"ExposureBiasValue":0,"MaxApertureValue":2.625,"MeteringMode":5,"Flash":0,"FocalLength":50,"SubSecTimeOriginal":53,"SubSecTimeDigitized":53,"FocalPlaneXResolution":3957.71670190270015154965221881866455078125,"FocalPlaneYResolution":3961.90476190480012519401498138904571533203125,"FocalPlaneResolutionUnit":2,"CustomRendered":0,"ExposureMode":1,"WhiteBalance":1,"SceneCaptureType":0,"UndefinedTag:0xA430":"Luna Imaging","UndefinedTag:0xA431":620549,"UndefinedTag:0xA432":["50\/1","50\/1","0\/0","0\/0"],"UndefinedTag:0xA434":"EF50mm f\/2.5 Compact Macro"}}}},"item":{"id":1042,"url":"https:\/\/transcribe.newberry.org\/api\/items\/1042","resource":"items"},"element_texts":[{"html":false,"text":"Completed","element_set":{"id":4,"url":"https:\/\/transcribe.newberry.org\/api\/element_sets\/4","name":"Scripto","resource":"element_sets"},"element":{"id":53,"url":"https:\/\/transcribe.newberry.org\/api\/elements\/53","name":"Status","resource":"elements"}},{"html":false,"text":"The undernamed General & Field Officers\nare now appointed & will in due time be commissioned\nto Command the mounted volunteers of \nKentucky-- in the interim, I hereby authorize\n& request them, or a majority of them in conjunction\nwith his Excellency Governor Shelby - who\nwill please to preside to nominate for my\napprobation 18 Captains, 18 Lieutenants and \n18 Cornets to raise & command the respective\ntroops or companies - to hold themselves in\nreadiness to march at a given period, which\nwill be announced at a proper Season\nTo serve for two months if not sooner discharged\nfrom & after crossing the Ohio\nMajor General Charles Scott\nInspector & Adjutant General - Gen'l Harrison\n\n              Brigr Genl Thos Kennedy             Robert Todd Brigr Genl\n\nLieut't   { Thos Barbee                                Wm Russell }        Lieut Colonels\ncolonels { John Adair                                  Horatio Hale }\nMajors { John Caldwell                               Wm Price }           Majors\n\n           { Saml Wells                                  Jno Obannion }\n           { -- Brown                                      Jno Grant }\n           { -- Whitley                                     Cornelius Beatty }\n           { Wm Shannon   \n       South side of Kentucky                      North side of Kentucky","element_set":{"id":4,"url":"https:\/\/transcribe.newberry.org\/api\/element_sets\/4","name":"Scripto","resource":"element_sets"},"element":{"id":52,"url":"https:\/\/transcribe.newberry.org\/api\/elements\/52","name":"Transcription","resource":"elements"}}],"extended_resources":[]},{"id":69572,"url":"https:\/\/transcribe.newberry.org\/api\/files\/69572","file_urls":{"original":"https:\/\/transcribe.newberry.org\/files\/original\/7892a98d67acd22af541fdab73a3e507.jpg","fullsize":"https:\/\/transcribe.newberry.org\/files\/fullsize\/7892a98d67acd22af541fdab73a3e507.jpg","thumbnail":"https:\/\/transcribe.newberry.org\/files\/thumbnails\/7892a98d67acd22af541fdab73a3e507.jpg","square_thumbnail":"https:\/\/transcribe.newberry.org\/files\/square_thumbnails\/7892a98d67acd22af541fdab73a3e507.jpg"},"added":"2018-03-29T17:35:28+00:00","modified":"2020-01-29T22:06:12+00:00","filename":"7892a98d67acd22af541fdab73a3e507.jpg","authentication":"b4e9666a1b0dbd93f6432d11deae0808","has_derivative_image":true,"mime_type":"image\/jpeg","order":null,"original_filename":"Ayer_MS_966_FL001_00005_o2.jpg","size":1286607,"stored":true,"type_os":"JPEG image data, JFIF standard 1.01","metadata":{"mime_type":"image\/jpeg","video":{"dataformat":"jpg","lossless":false,"bits_per_sample":24,"pixel_aspect_ratio":1,"resolution_x":2368,"resolution_y":3600,"compression_ratio":0.05030839433183199871368884714684099890291690826416015625},"comments":{"IPTCEnvelope":{"CodedCharacterSet":["\u001b%G"]},"IPTCApplication":{"ApplicationRecordVersion":["\u0004"],"DateCreated":["20120510"],"TimeCreated":["080915"],"DigitalCreationDate":["20120510"],"DigitalCreationTime":["080915"],"By-line":["Luna Imaging"]}},"comments_html":{"IPTCEnvelope":{"CodedCharacterSet":["\u001b%G"]},"IPTCApplication":{"ApplicationRecordVersion":["\u0004"],"DateCreated":["20120510"],"TimeCreated":["080915"],"DigitalCreationDate":["20120510"],"DigitalCreationTime":["080915"],"By-line":["Luna Imaging"]}},"iptc":{"comments":{"IPTCEnvelope":{"CodedCharacterSet":["\u001b%G"]},"IPTCApplication":{"ApplicationRecordVersion":["\u0000\u0004"],"DateCreated":["20120510"],"TimeCreated":["080915"],"DigitalCreationDate":["20120510"],"DigitalCreationTime":["080915"],"By-line":["Luna Imaging"]}},"encoding":"ISO-8859-1"},"jpg":{"exif":{"FILE":{"FileName":"7892a98d67acd22af541fdab73a3e507.jpg","FileDateTime":1522344925,"FileSize":1286607,"FileType":2,"MimeType":"image\/jpeg","SectionsFound":"ANY_TAG, IFD0, EXIF"},"COMPUTED":{"html":"width=\"2368\" height=\"3600\"","Height":3600,"Width":2368,"IsColor":1,"ByteOrderMotorola":0,"ApertureFNumber":"f\/7.1"},"IFD0":{"Make":"Canon","Model":"Canon EOS-1Ds Mark III","Software":"Adobe Photoshop Camera Raw 6.5 (Macintosh)","DateTime":"2012:05:18 10:24:55","Artist":"Luna Imaging","Exif_IFD_Pointer":194},"EXIF":{"ExposureTime":0.0166666666666669995022775907500545145012438297271728515625,"FNumber":7.0999999999999996447286321199499070644378662109375,"ExposureProgram":1,"ISOSpeedRatings":200,"ExifVersion":230,"DateTimeOriginal":"2012:05:10 08:09:15","DateTimeDigitized":"2012:05:10 08:09:15","ShutterSpeedValue":5.9068909999999998916564436512999236583709716796875,"ApertureValue":5.655637999999999721012500231154263019561767578125,"ExposureBiasValue":0,"MaxApertureValue":2.625,"MeteringMode":5,"Flash":0,"FocalLength":50,"SubSecTimeOriginal":45,"SubSecTimeDigitized":45,"FocalPlaneXResolution":3957.71670190270015154965221881866455078125,"FocalPlaneYResolution":3961.90476190480012519401498138904571533203125,"FocalPlaneResolutionUnit":2,"CustomRendered":0,"ExposureMode":1,"WhiteBalance":1,"SceneCaptureType":0,"UndefinedTag:0xA430":"Luna Imaging","UndefinedTag:0xA431":620549,"UndefinedTag:0xA432":["50\/1","50\/1","0\/0","0\/0"],"UndefinedTag:0xA434":"EF50mm f\/2.5 Compact Macro"}}}},"item":{"id":1042,"url":"https:\/\/transcribe.newberry.org\/api\/items\/1042","resource":"items"},"element_texts":[{"html":false,"text":"Completed","element_set":{"id":4,"url":"https:\/\/transcribe.newberry.org\/api\/element_sets\/4","name":"Scripto","resource":"element_sets"},"element":{"id":53,"url":"https:\/\/transcribe.newberry.org\/api\/elements\/53","name":"Status","resource":"elements"}},{"html":false,"text":"Given at Head Quarters Hobsons Choice\nthis 1st day of July 1793\nAnty Wayne\nMajor General & Commander\nin Chief of the Army of the\nUS of America","element_set":{"id":4,"url":"https:\/\/transcribe.newberry.org\/api\/element_sets\/4","name":"Scripto","resource":"element_sets"},"element":{"id":52,"url":"https:\/\/transcribe.newberry.org\/api\/elements\/52","name":"Transcription","resource":"elements"}}],"extended_resources":[]},{"id":69573,"url":"https:\/\/transcribe.newberry.org\/api\/files\/69573","file_urls":{"original":"https:\/\/transcribe.newberry.org\/files\/original\/0031974c85ee8322e9d39fd8dbbdcfbf.jpg","fullsize":"https:\/\/transcribe.newberry.org\/files\/fullsize\/0031974c85ee8322e9d39fd8dbbdcfbf.jpg","thumbnail":"https:\/\/transcribe.newberry.org\/files\/thumbnails\/0031974c85ee8322e9d39fd8dbbdcfbf.jpg","square_thumbnail":"https:\/\/transcribe.newberry.org\/files\/square_thumbnails\/0031974c85ee8322e9d39fd8dbbdcfbf.jpg"},"added":"2018-03-29T17:35:29+00:00","modified":"2020-01-29T22:06:12+00:00","filename":"0031974c85ee8322e9d39fd8dbbdcfbf.jpg","authentication":"728ef4dee9d92aa3730f6cd4e162df11","has_derivative_image":true,"mime_type":"image\/jpeg","order":null,"original_filename":"Ayer_MS_966_FL002_00002_o2.jpg","size":1514309,"stored":true,"type_os":"JPEG image data, JFIF standard 1.01","metadata":{"mime_type":"image\/jpeg","video":{"dataformat":"jpg","lossless":false,"bits_per_sample":24,"pixel_aspect_ratio":1,"resolution_x":2294,"resolution_y":3600,"compression_ratio":0.06112196874293600312721963518924894742667675018310546875},"comments":{"IPTCEnvelope":{"CodedCharacterSet":["\u001b%G"]},"IPTCApplication":{"ApplicationRecordVersion":["\u0004"],"DateCreated":["20120510"],"TimeCreated":["081017"],"DigitalCreationDate":["20120510"],"DigitalCreationTime":["081017"],"By-line":["Luna Imaging"]}},"comments_html":{"IPTCEnvelope":{"CodedCharacterSet":["\u001b%G"]},"IPTCApplication":{"ApplicationRecordVersion":["\u0004"],"DateCreated":["20120510"],"TimeCreated":["081017"],"DigitalCreationDate":["20120510"],"DigitalCreationTime":["081017"],"By-line":["Luna Imaging"]}},"iptc":{"comments":{"IPTCEnvelope":{"CodedCharacterSet":["\u001b%G"]},"IPTCApplication":{"ApplicationRecordVersion":["\u0000\u0004"],"DateCreated":["20120510"],"TimeCreated":["081017"],"DigitalCreationDate":["20120510"],"DigitalCreationTime":["081017"],"By-line":["Luna Imaging"]}},"encoding":"ISO-8859-1"},"jpg":{"exif":{"FILE":{"FileName":"0031974c85ee8322e9d39fd8dbbdcfbf.jpg","FileDateTime":1522344925,"FileSize":1514309,"FileType":2,"MimeType":"image\/jpeg","SectionsFound":"ANY_TAG, IFD0, EXIF"},"COMPUTED":{"html":"width=\"2294\" height=\"3600\"","Height":3600,"Width":2294,"IsColor":1,"ByteOrderMotorola":0,"ApertureFNumber":"f\/7.1"},"IFD0":{"Make":"Canon","Model":"Canon EOS-1Ds Mark III","Software":"Adobe Photoshop Camera Raw 6.5 (Macintosh)","DateTime":"2012:05:18 10:27:37","Artist":"Luna Imaging","Exif_IFD_Pointer":194},"EXIF":{"ExposureTime":0.0166666666666669995022775907500545145012438297271728515625,"FNumber":7.0999999999999996447286321199499070644378662109375,"ExposureProgram":1,"ISOSpeedRatings":200,"ExifVersion":230,"DateTimeOriginal":"2012:05:10 08:10:17","DateTimeDigitized":"2012:05:10 08:10:17","ShutterSpeedValue":5.9068909999999998916564436512999236583709716796875,"ApertureValue":5.655637999999999721012500231154263019561767578125,"ExposureBiasValue":0,"MaxApertureValue":2.625,"MeteringMode":5,"Flash":0,"FocalLength":50,"SubSecTimeOriginal":17,"SubSecTimeDigitized":17,"FocalPlaneXResolution":3957.71670190270015154965221881866455078125,"FocalPlaneYResolution":3961.90476190480012519401498138904571533203125,"FocalPlaneResolutionUnit":2,"CustomRendered":0,"ExposureMode":1,"WhiteBalance":1,"SceneCaptureType":0,"UndefinedTag:0xA430":"Luna Imaging","UndefinedTag:0xA431":620549,"UndefinedTag:0xA432":["50\/1","50\/1","0\/0","0\/0"],"UndefinedTag:0xA434":"EF50mm f\/2.5 Compact Macro"}}}},"item":{"id":1042,"url":"https:\/\/transcribe.newberry.org\/api\/items\/1042","resource":"items"},"element_texts":[{"html":false,"text":"Completed","element_set":{"id":4,"url":"https:\/\/transcribe.newberry.org\/api\/element_sets\/4","name":"Scripto","resource":"element_sets"},"element":{"id":53,"url":"https:\/\/transcribe.newberry.org\/api\/elements\/53","name":"Status","resource":"elements"}},{"html":false,"text":"Head Quarters\nHobsons Choice Sepr 4th 1793\nDear Sir           \nI have received dispatches from the\nSecretary of War, as late as the 16th Ultimo of which\nthe following is an extract viz\n\"Nothing further has been received from the\nCommissioners since my letters of the 20th of July\nexcepting the letter from Mr Wilson dated at Detroit\nthe 8th July, & from John Parish (a Quaker preacher)\nat the same place on the 9th July (both of which \nare enclosed) The result of the treaty thus remaining\ndoubtful, the arrangement for your Collateral\nforce are still to proceed, as well as all other\npreparations, which will not be inconsistant with\nthe safety of the Commissions, & the faith plighted\nagreeably to my letter of the 20th of July, which must\nbe rigidly observed.\n\"The President of the United States confides therefore\nthe whole business to you with this restriction however,\nthat no step be taken underlined inconsistant with\nthe safety of the Commisioners, or the implied\npromises to the Indians\" end of underlined\n\n                                                              there","element_set":{"id":4,"url":"https:\/\/transcribe.newberry.org\/api\/element_sets\/4","name":"Scripto","resource":"element_sets"},"element":{"id":52,"url":"https:\/\/transcribe.newberry.org\/api\/elements\/52","name":"Transcription","resource":"elements"}}],"extended_resources":[]},{"id":69574,"url":"https:\/\/transcribe.newberry.org\/api\/files\/69574","file_urls":{"original":"https:\/\/transcribe.newberry.org\/files\/original\/b417f9f7d8a782c50e39549c40cff8d6.jpg","fullsize":"https:\/\/transcribe.newberry.org\/files\/fullsize\/b417f9f7d8a782c50e39549c40cff8d6.jpg","thumbnail":"https:\/\/transcribe.newberry.org\/files\/thumbnails\/b417f9f7d8a782c50e39549c40cff8d6.jpg","square_thumbnail":"https:\/\/transcribe.newberry.org\/files\/square_thumbnails\/b417f9f7d8a782c50e39549c40cff8d6.jpg"},"added":"2018-03-29T17:35:30+00:00","modified":"2020-01-29T22:06:12+00:00","filename":"b417f9f7d8a782c50e39549c40cff8d6.jpg","authentication":"ba5775e1caf13b9069e6e09fb8c2b7a3","has_derivative_image":true,"mime_type":"image\/jpeg","order":null,"original_filename":"Ayer_MS_966_FL002_00003_o2.jpg","size":1539957,"stored":true,"type_os":"JPEG image data, JFIF standard 1.01","metadata":{"mime_type":"image\/jpeg","video":{"dataformat":"jpg","lossless":false,"bits_per_sample":24,"pixel_aspect_ratio":1,"resolution_x":2331,"resolution_y":3600,"compression_ratio":0.06117057533724200302227558267986751161515712738037109375},"comments":{"IPTCEnvelope":{"CodedCharacterSet":["\u001b%G"]},"IPTCApplication":{"ApplicationRecordVersion":["\u0004"],"DateCreated":["20120510"],"TimeCreated":["081032"],"DigitalCreationDate":["20120510"],"DigitalCreationTime":["081032"],"By-line":["Luna Imaging"]}},"comments_html":{"IPTCEnvelope":{"CodedCharacterSet":["\u001b%G"]},"IPTCApplication":{"ApplicationRecordVersion":["\u0004"],"DateCreated":["20120510"],"TimeCreated":["081032"],"DigitalCreationDate":["20120510"],"DigitalCreationTime":["081032"],"By-line":["Luna Imaging"]}},"iptc":{"comments":{"IPTCEnvelope":{"CodedCharacterSet":["\u001b%G"]},"IPTCApplication":{"ApplicationRecordVersion":["\u0000\u0004"],"DateCreated":["20120510"],"TimeCreated":["081032"],"DigitalCreationDate":["20120510"],"DigitalCreationTime":["081032"],"By-line":["Luna Imaging"]}},"encoding":"ISO-8859-1"},"jpg":{"exif":{"FILE":{"FileName":"b417f9f7d8a782c50e39549c40cff8d6.jpg","FileDateTime":1522344925,"FileSize":1539957,"FileType":2,"MimeType":"image\/jpeg","SectionsFound":"ANY_TAG, IFD0, EXIF"},"COMPUTED":{"html":"width=\"2331\" height=\"3600\"","Height":3600,"Width":2331,"IsColor":1,"ByteOrderMotorola":0,"ApertureFNumber":"f\/7.1"},"IFD0":{"Make":"Canon","Model":"Canon EOS-1Ds Mark III","Software":"Adobe Photoshop Camera Raw 6.5 (Macintosh)","DateTime":"2012:05:18 10:27:41","Artist":"Luna Imaging","Exif_IFD_Pointer":194},"EXIF":{"ExposureTime":0.0166666666666669995022775907500545145012438297271728515625,"FNumber":7.0999999999999996447286321199499070644378662109375,"ExposureProgram":1,"ISOSpeedRatings":200,"ExifVersion":230,"DateTimeOriginal":"2012:05:10 08:10:32","DateTimeDigitized":"2012:05:10 08:10:32","ShutterSpeedValue":5.9068909999999998916564436512999236583709716796875,"ApertureValue":5.655637999999999721012500231154263019561767578125,"ExposureBiasValue":0,"MaxApertureValue":2.625,"MeteringMode":5,"Flash":0,"FocalLength":50,"SubSecTimeOriginal":65,"SubSecTimeDigitized":65,"FocalPlaneXResolution":3957.71670190270015154965221881866455078125,"FocalPlaneYResolution":3961.90476190480012519401498138904571533203125,"FocalPlaneResolutionUnit":2,"CustomRendered":0,"ExposureMode":1,"WhiteBalance":1,"SceneCaptureType":0,"UndefinedTag:0xA430":"Luna Imaging","UndefinedTag:0xA431":620549,"UndefinedTag:0xA432":["50\/1","50\/1","0\/0","0\/0"],"UndefinedTag:0xA434":"EF50mm f\/2.5 Compact Macro"}}}},"item":{"id":1042,"url":"https:\/\/transcribe.newberry.org\/api\/items\/1042","resource":"items"},"element_texts":[{"html":false,"text":"Completed","element_set":{"id":4,"url":"https:\/\/transcribe.newberry.org\/api\/element_sets\/4","name":"Scripto","resource":"element_sets"},"element":{"id":53,"url":"https:\/\/transcribe.newberry.org\/api\/elements\/53","name":"Status","resource":"elements"}},{"html":false,"text":"There has been a flying? report in Camp that\nthe Commissioners are detained by the Indians\nas Hostages! but this report wants confirmation,\nfor my own part I am rather inclined to believe\nthat it is not founded in truth, otherwise I must\nhave had some information of it before this period \nthro' some of my underlined secret agents end of underlined\nLieutenant Clark has return'd safe to the \nplace after delivering the Arms Ammunition\n& Provision to the Chickasaws, at the Bluffs to the \ngreat joy & Satisfaction of that Nation, & with honor\nto himself.\nI am happy to have it in my power to promise\nyou a few Horsmans tents -- which together with\nevery necessary accommodation, that I can aford\nconsistantly with the law, shall be at your\nservice shou'd the war progress\nWith every sentiment of friendship esteem\n& respect I am Sir\nyour most\nHumble Sert\nAnty Wayne\nThe Honble\nMajor Genl Charles Scott","element_set":{"id":4,"url":"https:\/\/transcribe.newberry.org\/api\/element_sets\/4","name":"Scripto","resource":"element_sets"},"element":{"id":52,"url":"https:\/\/transcribe.newberry.org\/api\/elements\/52","name":"Transcription","resource":"elements"}}],"extended_resources":[]},{"id":69575,"url":"https:\/\/transcribe.newberry.org\/api\/files\/69575","file_urls":{"original":"https:\/\/transcribe.newberry.org\/files\/original\/bba6169f65b2abbe6254be10385243f7.jpg","fullsize":"https:\/\/transcribe.newberry.org\/files\/fullsize\/bba6169f65b2abbe6254be10385243f7.jpg","thumbnail":"https:\/\/transcribe.newberry.org\/files\/thumbnails\/bba6169f65b2abbe6254be10385243f7.jpg","square_thumbnail":"https:\/\/transcribe.newberry.org\/files\/square_thumbnails\/bba6169f65b2abbe6254be10385243f7.jpg"},"added":"2018-03-29T17:35:32+00:00","modified":"2020-01-29T22:06:12+00:00","filename":"bba6169f65b2abbe6254be10385243f7.jpg","authentication":"a08d8b03ede4b4b806fc6abc2d3bb723","has_derivative_image":true,"mime_type":"image\/jpeg","order":null,"original_filename":"Ayer_MS_966_FL003_00001_o2.jpg","size":1443773,"stored":true,"type_os":"JPEG image data, JFIF standard 1.01","metadata":{"mime_type":"image\/jpeg","video":{"dataformat":"jpg","lossless":false,"bits_per_sample":24,"pixel_aspect_ratio":1,"resolution_x":2165,"resolution_y":3600,"compression_ratio":0.06174719869985499653974869715966633521020412445068359375},"comments":{"IPTCEnvelope":{"CodedCharacterSet":["\u001b%G"]},"IPTCApplication":{"ApplicationRecordVersion":["\u0004"],"DateCreated":["20120510"],"TimeCreated":["081212"],"DigitalCreationDate":["20120510"],"DigitalCreationTime":["081212"],"By-line":["Luna Imaging"]}},"comments_html":{"IPTCEnvelope":{"CodedCharacterSet":["\u001b%G"]},"IPTCApplication":{"ApplicationRecordVersion":["\u0004"],"DateCreated":["20120510"],"TimeCreated":["081212"],"DigitalCreationDate":["20120510"],"DigitalCreationTime":["081212"],"By-line":["Luna Imaging"]}},"iptc":{"comments":{"IPTCEnvelope":{"CodedCharacterSet":["\u001b%G"]},"IPTCApplication":{"ApplicationRecordVersion":["\u0000\u0004"],"DateCreated":["20120510"],"TimeCreated":["081212"],"DigitalCreationDate":["20120510"],"DigitalCreationTime":["081212"],"By-line":["Luna Imaging"]}},"encoding":"ISO-8859-1"},"jpg":{"exif":{"FILE":{"FileName":"bba6169f65b2abbe6254be10385243f7.jpg","FileDateTime":1522344925,"FileSize":1443773,"FileType":2,"MimeType":"image\/jpeg","SectionsFound":"ANY_TAG, IFD0, EXIF"},"COMPUTED":{"html":"width=\"2165\" height=\"3600\"","Height":3600,"Width":2165,"IsColor":1,"ByteOrderMotorola":0,"ApertureFNumber":"f\/7.1"},"IFD0":{"Make":"Canon","Model":"Canon EOS-1Ds Mark III","Software":"Adobe Photoshop Camera Raw 6.5 (Macintosh)","DateTime":"2012:05:18 10:32:17","Artist":"Luna Imaging","Exif_IFD_Pointer":194},"EXIF":{"ExposureTime":0.0166666666666669995022775907500545145012438297271728515625,"FNumber":7.0999999999999996447286321199499070644378662109375,"ExposureProgram":1,"ISOSpeedRatings":200,"ExifVersion":230,"DateTimeOriginal":"2012:05:10 08:12:12","DateTimeDigitized":"2012:05:10 08:12:12","ShutterSpeedValue":5.9068909999999998916564436512999236583709716796875,"ApertureValue":5.655637999999999721012500231154263019561767578125,"ExposureBiasValue":0,"MaxApertureValue":2.625,"MeteringMode":5,"Flash":0,"FocalLength":50,"SubSecTimeOriginal":6,"SubSecTimeDigitized":6,"FocalPlaneXResolution":3957.71670190270015154965221881866455078125,"FocalPlaneYResolution":3961.90476190480012519401498138904571533203125,"FocalPlaneResolutionUnit":2,"CustomRendered":0,"ExposureMode":1,"WhiteBalance":1,"SceneCaptureType":0,"UndefinedTag:0xA430":"Luna Imaging","UndefinedTag:0xA431":620549,"UndefinedTag:0xA432":["50\/1","50\/1","0\/0","0\/0"],"UndefinedTag:0xA434":"EF50mm f\/2.5 Compact Macro"}}}},"item":{"id":1042,"url":"https:\/\/transcribe.newberry.org\/api\/items\/1042","resource":"items"},"element_texts":[{"html":false,"text":"Completed","element_set":{"id":4,"url":"https:\/\/transcribe.newberry.org\/api\/element_sets\/4","name":"Scripto","resource":"element_sets"},"element":{"id":53,"url":"https:\/\/transcribe.newberry.org\/api\/elements\/53","name":"Status","resource":"elements"}},{"html":false,"text":"Head Quarters\nGreenville 19th Aug 1795\nSir\nThis will be presented to you by Major Vego, who has been at this place for some time, & now on his way to post\nVincennes\nWhen I wrote you on the 15th Instant\nI was still beset, by the Indian Chiefs in\nfavor of a few more favorite traders, alist\nof whom I have the honor to enclose.\nTwo days since a Cherokee Chief with\nfour young warriors arrived here from the\nhead waters of the Scioto, bearing a talk?\nfrom Coona-niskey (alias) Big Spider, \nin which he solemnly promises to prevent\nall his people from doing any further\ninjury to the persons or property of any of \nthe Citizens of the United States, & that he will withdraw all the remaining Cherokees\nfrom this side of the Ohio, in the course\nof this fall & return to his own Nation!\nThat the greater part had left the Scoto","element_set":{"id":4,"url":"https:\/\/transcribe.newberry.org\/api\/element_sets\/4","name":"Scripto","resource":"element_sets"},"element":{"id":52,"url":"https:\/\/transcribe.newberry.org\/api\/elements\/52","name":"Transcription","resource":"elements"}}],"extended_resources":[]},{"id":69576,"url":"https:\/\/transcribe.newberry.org\/api\/files\/69576","file_urls":{"original":"https:\/\/transcribe.newberry.org\/files\/original\/02df0193b1476f19d5ba3cad7d36dba2.jpg","fullsize":"https:\/\/transcribe.newberry.org\/files\/fullsize\/02df0193b1476f19d5ba3cad7d36dba2.jpg","thumbnail":"https:\/\/transcribe.newberry.org\/files\/thumbnails\/02df0193b1476f19d5ba3cad7d36dba2.jpg","square_thumbnail":"https:\/\/transcribe.newberry.org\/files\/square_thumbnails\/02df0193b1476f19d5ba3cad7d36dba2.jpg"},"added":"2018-03-29T17:35:33+00:00","modified":"2020-01-29T22:06:12+00:00","filename":"02df0193b1476f19d5ba3cad7d36dba2.jpg","authentication":"a7558aa45918a89cda665ad5ab785ba9","has_derivative_image":true,"mime_type":"image\/jpeg","order":null,"original_filename":"Ayer_MS_966_FL003_00002_o2.jpg","size":1459978,"stored":true,"type_os":"JPEG image data, JFIF standard 1.01","metadata":{"mime_type":"image\/jpeg","video":{"dataformat":"jpg","lossless":false,"bits_per_sample":24,"pixel_aspect_ratio":1,"resolution_x":2165,"resolution_y":3600,"compression_ratio":0.062440253186211998326360372857379843480885028839111328125},"comments":{"IPTCEnvelope":{"CodedCharacterSet":["\u001b%G"]},"IPTCApplication":{"ApplicationRecordVersion":["\u0004"],"DateCreated":["20120510"],"TimeCreated":["081222"],"DigitalCreationDate":["20120510"],"DigitalCreationTime":["081222"],"By-line":["Luna Imaging"]}},"comments_html":{"IPTCEnvelope":{"CodedCharacterSet":["\u001b%G"]},"IPTCApplication":{"ApplicationRecordVersion":["\u0004"],"DateCreated":["20120510"],"TimeCreated":["081222"],"DigitalCreationDate":["20120510"],"DigitalCreationTime":["081222"],"By-line":["Luna Imaging"]}},"iptc":{"comments":{"IPTCEnvelope":{"CodedCharacterSet":["\u001b%G"]},"IPTCApplication":{"ApplicationRecordVersion":["\u0000\u0004"],"DateCreated":["20120510"],"TimeCreated":["081222"],"DigitalCreationDate":["20120510"],"DigitalCreationTime":["081222"],"By-line":["Luna Imaging"]}},"encoding":"ISO-8859-1"},"jpg":{"exif":{"FILE":{"FileName":"02df0193b1476f19d5ba3cad7d36dba2.jpg","FileDateTime":1522344925,"FileSize":1459978,"FileType":2,"MimeType":"image\/jpeg","SectionsFound":"ANY_TAG, IFD0, EXIF"},"COMPUTED":{"html":"width=\"2165\" height=\"3600\"","Height":3600,"Width":2165,"IsColor":1,"ByteOrderMotorola":0,"ApertureFNumber":"f\/7.1"},"IFD0":{"Make":"Canon","Model":"Canon EOS-1Ds Mark III","Software":"Adobe Photoshop Camera Raw 6.5 (Macintosh)","DateTime":"2012:05:18 10:32:18","Artist":"Luna Imaging","Exif_IFD_Pointer":194},"EXIF":{"ExposureTime":0.0166666666666669995022775907500545145012438297271728515625,"FNumber":7.0999999999999996447286321199499070644378662109375,"ExposureProgram":1,"ISOSpeedRatings":200,"ExifVersion":230,"DateTimeOriginal":"2012:05:10 08:12:22","DateTimeDigitized":"2012:05:10 08:12:22","ShutterSpeedValue":5.9068909999999998916564436512999236583709716796875,"ApertureValue":5.655637999999999721012500231154263019561767578125,"ExposureBiasValue":0,"MaxApertureValue":2.625,"MeteringMode":5,"Flash":0,"FocalLength":50,"SubSecTimeOriginal":50,"SubSecTimeDigitized":50,"FocalPlaneXResolution":3957.71670190270015154965221881866455078125,"FocalPlaneYResolution":3961.90476190480012519401498138904571533203125,"FocalPlaneResolutionUnit":2,"CustomRendered":0,"ExposureMode":1,"WhiteBalance":1,"SceneCaptureType":0,"UndefinedTag:0xA430":"Luna Imaging","UndefinedTag:0xA431":620549,"UndefinedTag:0xA432":["50\/1","50\/1","0\/0","0\/0"],"UndefinedTag:0xA434":"EF50mm f\/2.5 Compact Macro"}}}},"item":{"id":1042,"url":"https:\/\/transcribe.newberry.org\/api\/items\/1042","resource":"items"},"element_texts":[{"html":false,"text":"Completed","element_set":{"id":4,"url":"https:\/\/transcribe.newberry.org\/api\/element_sets\/4","name":"Scripto","resource":"element_sets"},"element":{"id":53,"url":"https:\/\/transcribe.newberry.org\/api\/elements\/53","name":"Status","resource":"elements"}},{"html":false,"text":"Sioto, very early in the Spring, in order\nto settle in their own Country!\nThis part of his message I know to be\ntrue, by an extract of a letter from Govr.\nBlount, to the Secretary of War, in which\nhe says \"a considerable number of Cheokee\nwarriors with their families, arrived on the 27th of May at the Tellico Block House\nthat they had forever abandoned the Hostile\ntribes NW of the Ohio, determined to remain\npeaceable in future\"\nAll the mischief that has been done up\nthe Ohio for some time past, was by the\nparty of Shawanoes, mentioned in my\nletter to your Excellency, of the 28th of June \nin retalliation for the aggression of Mr\nMassey;\nThis disagreeable business will now terminate, \nthe Shawanoes Chiefs have Solemnly\npromised to call that party to a severe\naccount, & the other Nations have also determined \nto assist in their total extermination\nshou'd they continue hostile\nBlue Jacket","element_set":{"id":4,"url":"https:\/\/transcribe.newberry.org\/api\/element_sets\/4","name":"Scripto","resource":"element_sets"},"element":{"id":52,"url":"https:\/\/transcribe.newberry.org\/api\/elements\/52","name":"Transcription","resource":"elements"}}],"extended_resources":[]},{"id":69577,"url":"https:\/\/transcribe.newberry.org\/api\/files\/69577","file_urls":{"original":"https:\/\/transcribe.newberry.org\/files\/original\/ff0e37f242c1e2560a80c1fc13df10f4.jpg","fullsize":"https:\/\/transcribe.newberry.org\/files\/fullsize\/ff0e37f242c1e2560a80c1fc13df10f4.jpg","thumbnail":"https:\/\/transcribe.newberry.org\/files\/thumbnails\/ff0e37f242c1e2560a80c1fc13df10f4.jpg","square_thumbnail":"https:\/\/transcribe.newberry.org\/files\/square_thumbnails\/ff0e37f242c1e2560a80c1fc13df10f4.jpg"},"added":"2018-03-29T17:35:34+00:00","modified":"2020-01-29T22:06:12+00:00","filename":"ff0e37f242c1e2560a80c1fc13df10f4.jpg","authentication":"e1df2d19cc60243ba01c9269a1fd038d","has_derivative_image":true,"mime_type":"image\/jpeg","order":null,"original_filename":"Ayer_MS_966_FL003_00003_o2.jpg","size":1440889,"stored":true,"type_os":"JPEG image data, JFIF standard 1.01","metadata":{"mime_type":"image\/jpeg","video":{"dataformat":"jpg","lossless":false,"bits_per_sample":24,"pixel_aspect_ratio":1,"resolution_x":2185,"resolution_y":3600,"compression_ratio":0.06105979320281400279935013486465322785079479217529296875},"comments":{"IPTCEnvelope":{"CodedCharacterSet":["\u001b%G"]},"IPTCApplication":{"ApplicationRecordVersion":["\u0004"],"DateCreated":["20120510"],"TimeCreated":["081240"],"DigitalCreationDate":["20120510"],"DigitalCreationTime":["081240"],"By-line":["Luna Imaging"]}},"comments_html":{"IPTCEnvelope":{"CodedCharacterSet":["\u001b%G"]},"IPTCApplication":{"ApplicationRecordVersion":["\u0004"],"DateCreated":["20120510"],"TimeCreated":["081240"],"DigitalCreationDate":["20120510"],"DigitalCreationTime":["081240"],"By-line":["Luna Imaging"]}},"iptc":{"comments":{"IPTCEnvelope":{"CodedCharacterSet":["\u001b%G"]},"IPTCApplication":{"ApplicationRecordVersion":["\u0000\u0004"],"DateCreated":["20120510"],"TimeCreated":["081240"],"DigitalCreationDate":["20120510"],"DigitalCreationTime":["081240"],"By-line":["Luna Imaging"]}},"encoding":"ISO-8859-1"},"jpg":{"exif":{"FILE":{"FileName":"ff0e37f242c1e2560a80c1fc13df10f4.jpg","FileDateTime":1522344925,"FileSize":1440889,"FileType":2,"MimeType":"image\/jpeg","SectionsFound":"ANY_TAG, IFD0, EXIF"},"COMPUTED":{"html":"width=\"2185\" height=\"3600\"","Height":3600,"Width":2185,"IsColor":1,"ByteOrderMotorola":0,"ApertureFNumber":"f\/7.1"},"IFD0":{"Make":"Canon","Model":"Canon EOS-1Ds Mark III","Software":"Adobe Photoshop Camera Raw 6.5 (Macintosh)","DateTime":"2012:05:18 10:32:21","Artist":"Luna Imaging","Exif_IFD_Pointer":194},"EXIF":{"ExposureTime":0.0166666666666669995022775907500545145012438297271728515625,"FNumber":7.0999999999999996447286321199499070644378662109375,"ExposureProgram":1,"ISOSpeedRatings":200,"ExifVersion":230,"DateTimeOriginal":"2012:05:10 08:12:40","DateTimeDigitized":"2012:05:10 08:12:40","ShutterSpeedValue":5.9068909999999998916564436512999236583709716796875,"ApertureValue":5.655637999999999721012500231154263019561767578125,"ExposureBiasValue":0,"MaxApertureValue":2.625,"MeteringMode":5,"Flash":0,"FocalLength":50,"SubSecTimeOriginal":23,"SubSecTimeDigitized":23,"FocalPlaneXResolution":3957.71670190270015154965221881866455078125,"FocalPlaneYResolution":3961.90476190480012519401498138904571533203125,"FocalPlaneResolutionUnit":2,"CustomRendered":0,"ExposureMode":1,"WhiteBalance":1,"SceneCaptureType":0,"UndefinedTag:0xA430":"Luna Imaging","UndefinedTag:0xA431":620549,"UndefinedTag:0xA432":["50\/1","50\/1","0\/0","0\/0"],"UndefinedTag:0xA434":"EF50mm f\/2.5 Compact Macro"}}}},"item":{"id":1042,"url":"https:\/\/transcribe.newberry.org\/api\/items\/1042","resource":"items"},"element_texts":[{"html":false,"text":"Completed","element_set":{"id":4,"url":"https:\/\/transcribe.newberry.org\/api\/element_sets\/4","name":"Scripto","resource":"element_sets"},"element":{"id":53,"url":"https:\/\/transcribe.newberry.org\/api\/elements\/53","name":"Status","resource":"elements"}},{"html":false,"text":"Blue Jacket, left this place on the 15th\nInstant, with a message to that party - to\ncease from all kind of Hostillity towards\nthe people of the United States, & immediately\nto deliver up all prisoners in their possession\nor abide the fate that awaits them in case\nof noncompliance with this demand\nhence I trust that peace with all it's\ntrain of blessings will attend the citizens on\nthe frontiers of the United States in future\nunless prevented by their own misconduct;\nWith these? sentiments & with the sincerest\nwishes for your safety health & happiness\nI have the honor to be\nYour Excellency's\nMost Obt\nHuml Sert\nAnty Wayne\nHis Excellency\nArtr St Clair Esqr\nGovernor &ca &ca of the Territory\nNW of the Ohio","element_set":{"id":4,"url":"https:\/\/transcribe.newberry.org\/api\/element_sets\/4","name":"Scripto","resource":"element_sets"},"element":{"id":52,"url":"https:\/\/transcribe.newberry.org\/api\/elements\/52","name":"Transcription","resource":"elements"}}],"extended_resources":[]}]