[{"id":72362,"url":"https:\/\/transcribe.newberry.org\/api\/files\/72362","file_urls":{"original":"https:\/\/transcribe.newberry.org\/files\/original\/8a4224caf7cb8add0bed7cb4b6995a90.jpg","fullsize":"https:\/\/transcribe.newberry.org\/files\/fullsize\/8a4224caf7cb8add0bed7cb4b6995a90.jpg","thumbnail":"https:\/\/transcribe.newberry.org\/files\/thumbnails\/8a4224caf7cb8add0bed7cb4b6995a90.jpg","square_thumbnail":"https:\/\/transcribe.newberry.org\/files\/square_thumbnails\/8a4224caf7cb8add0bed7cb4b6995a90.jpg"},"added":"2018-04-03T16:05:41+00:00","modified":"2020-04-25T21:16:56+00:00","filename":"8a4224caf7cb8add0bed7cb4b6995a90.jpg","authentication":"943aae3199ce60974bd9e23ab779501c","has_derivative_image":true,"mime_type":"image\/jpeg","order":null,"original_filename":"Ayer_MS_121_00001_o2.jpg","size":1259609,"stored":true,"type_os":"JPEG image data, JFIF standard 1.01","metadata":{"mime_type":"image\/jpeg","video":{"dataformat":"jpg","lossless":false,"bits_per_sample":24,"pixel_aspect_ratio":1,"resolution_x":2161,"resolution_y":3600,"compression_ratio":0.053970598316965996688043816220670123584568500518798828125},"comments":{"IPTCEnvelope":{"CodedCharacterSet":["\u001b%G"]},"IPTCApplication":{"ApplicationRecordVersion":[""],"DateCreated":["20120501"],"TimeCreated":["084124+0000"]}},"comments_html":{"IPTCEnvelope":{"CodedCharacterSet":["\u001b%G"]},"IPTCApplication":{"ApplicationRecordVersion":[""],"DateCreated":["20120501"],"TimeCreated":["084124+0000"]}},"iptc":{"comments":{"IPTCEnvelope":{"CodedCharacterSet":["\u001b%G"]},"IPTCApplication":{"ApplicationRecordVersion":["\u0000\u0000"],"DateCreated":["20120501"],"TimeCreated":["084124+0000"]}},"encoding":"ISO-8859-1"},"jpg":{"exif":{"FILE":{"FileName":"8a4224caf7cb8add0bed7cb4b6995a90.jpg","FileDateTime":1522771541,"FileSize":1259609,"FileType":2,"MimeType":"image\/jpeg","SectionsFound":"ANY_TAG, IFD0, EXIF"},"COMPUTED":{"html":"width=\"2161\" height=\"3600\"","Height":3600,"Width":2161,"IsColor":1,"ByteOrderMotorola":0,"CCDWidth":"14mm","ApertureFNumber":"f\/7.1"},"IFD0":{"Make":"Canon","Model":"Canon EOS 5D Mark II","Software":"Adobe Photoshop CS5.1 Macintosh","DateTime":"2012:05:10 07:52:54","Exif_IFD_Pointer":154},"EXIF":{"ExposureTime":0.0166666666666669995022775907500545145012438297271728515625,"FNumber":7.0999999999999996447286321199499070644378662109375,"ExposureProgram":1,"ISOSpeedRatings":200,"ExifVersion":221,"DateTimeOriginal":"2012:05:01 08:41:24","DateTimeDigitized":"2012:05:01 08:41:24","ShutterSpeedValue":5.9068909999999998916564436512999236583709716796875,"ApertureValue":5.655637999999999721012500231154263019561767578125,"ExposureBiasValue":0,"MaxApertureValue":2.625,"MeteringMode":5,"Flash":16,"FocalLength":50,"SubSecTime":39,"SubSecTimeOriginal":39,"SubSecTimeDigitized":39,"ColorSpace":65535,"ExifImageWidth":2152,"ExifImageLength":3584,"FocalPlaneXResolution":3849.21178889649991106125526130199432373046875,"FocalPlaneYResolution":3908.14196242170010009431280195713043212890625,"FocalPlaneResolutionUnit":2,"CustomRendered":0,"ExposureMode":1,"WhiteBalance":1,"SceneCaptureType":0,"UndefinedTag:0xA431":3021505797,"UndefinedTag:0xA432":["50\/1","50\/1","0\/0","0\/0"],"UndefinedTag:0xA434":"EF50mm f\/2.5 Compact Macro"}}}},"item":{"id":1065,"url":"https:\/\/transcribe.newberry.org\/api\/items\/1065","resource":"items"},"element_texts":[{"html":false,"text":"Completed","element_set":{"id":4,"url":"https:\/\/transcribe.newberry.org\/api\/element_sets\/4","name":"Scripto","resource":"element_sets"},"element":{"id":53,"url":"https:\/\/transcribe.newberry.org\/api\/elements\/53","name":"Status","resource":"elements"}},{"html":false,"text":"Mackana October 1899 -\nI have called you together to inform you \nof an unfortunate affair that happened at this place \nwhich I am very sorry for_ One of your young men \nwithout any provocation or cause whatsoever attempted\nthe life of one of my soldiers _ I never heard that any\nof my people have you any trouble or interfered in the \nleast in your concern. at least you have always \ntold me they [\"did\" is crossed out] never not _ you have always had\nfree intercourse on the island to go and come when\nyou please. _ The gates of the village are not shut\nagainst you either by day or night _ neither have you\nbeen prevented from coming in or going out at pleas-ure\n\n   As peace was agreed too and settled between you\n\nand the white people and the Hatchet buried all\nfurther disputes are at an end with white people.\nwhatever friend. Father. brother, or any other relation\nare lost in War, revenge is never fought for by the \nWhites _ they are buried with the Hatchet _ And \nyou the chiefs aught to instruct your young men\nand perticular your young boys. That after a peace\nis made with the Whites that no further revenge\nis fought for, and provided is has not that good\neffect you wish_Sir its your duty to inform\nit on all occasions_and you are the people that are \nand must be answerable for the good conduct of soul","element_set":{"id":4,"url":"https:\/\/transcribe.newberry.org\/api\/element_sets\/4","name":"Scripto","resource":"element_sets"},"element":{"id":52,"url":"https:\/\/transcribe.newberry.org\/api\/elements\/52","name":"Transcription","resource":"elements"}}],"extended_resources":[]},{"id":72363,"url":"https:\/\/transcribe.newberry.org\/api\/files\/72363","file_urls":{"original":"https:\/\/transcribe.newberry.org\/files\/original\/fd74e41cf96da87ec2c4ea51ad913ef8.jpg","fullsize":"https:\/\/transcribe.newberry.org\/files\/fullsize\/fd74e41cf96da87ec2c4ea51ad913ef8.jpg","thumbnail":"https:\/\/transcribe.newberry.org\/files\/thumbnails\/fd74e41cf96da87ec2c4ea51ad913ef8.jpg","square_thumbnail":"https:\/\/transcribe.newberry.org\/files\/square_thumbnails\/fd74e41cf96da87ec2c4ea51ad913ef8.jpg"},"added":"2018-04-03T16:05:42+00:00","modified":"2020-04-08T16:46:23+00:00","filename":"fd74e41cf96da87ec2c4ea51ad913ef8.jpg","authentication":"dd8d27abb595f4e25d3cedc436792edb","has_derivative_image":true,"mime_type":"image\/jpeg","order":null,"original_filename":"Ayer_MS_121_00002_o2.jpg","size":1165423,"stored":true,"type_os":"JPEG image data, JFIF standard 1.01","metadata":{"mime_type":"image\/jpeg","video":{"dataformat":"jpg","lossless":false,"bits_per_sample":24,"pixel_aspect_ratio":1,"resolution_x":2161,"resolution_y":3600,"compression_ratio":0.049935000942635997256413560307919397018849849700927734375},"comments":{"IPTCEnvelope":{"CodedCharacterSet":["\u001b%G"]},"IPTCApplication":{"ApplicationRecordVersion":[""],"DateCreated":["20120501"],"TimeCreated":["084141+0000"]}},"comments_html":{"IPTCEnvelope":{"CodedCharacterSet":["\u001b%G"]},"IPTCApplication":{"ApplicationRecordVersion":[""],"DateCreated":["20120501"],"TimeCreated":["084141+0000"]}},"iptc":{"comments":{"IPTCEnvelope":{"CodedCharacterSet":["\u001b%G"]},"IPTCApplication":{"ApplicationRecordVersion":["\u0000\u0000"],"DateCreated":["20120501"],"TimeCreated":["084141+0000"]}},"encoding":"ISO-8859-1"},"jpg":{"exif":{"FILE":{"FileName":"fd74e41cf96da87ec2c4ea51ad913ef8.jpg","FileDateTime":1522771541,"FileSize":1165423,"FileType":2,"MimeType":"image\/jpeg","SectionsFound":"ANY_TAG, IFD0, EXIF"},"COMPUTED":{"html":"width=\"2161\" height=\"3600\"","Height":3600,"Width":2161,"IsColor":1,"ByteOrderMotorola":0,"CCDWidth":"14mm","ApertureFNumber":"f\/7.1"},"IFD0":{"Make":"Canon","Model":"Canon EOS 5D Mark II","Software":"Adobe Photoshop CS5.1 Macintosh","DateTime":"2012:05:10 07:53:08","Exif_IFD_Pointer":154},"EXIF":{"ExposureTime":0.0166666666666669995022775907500545145012438297271728515625,"FNumber":7.0999999999999996447286321199499070644378662109375,"ExposureProgram":1,"ISOSpeedRatings":200,"ExifVersion":221,"DateTimeOriginal":"2012:05:01 08:41:41","DateTimeDigitized":"2012:05:01 08:41:41","ShutterSpeedValue":5.9068909999999998916564436512999236583709716796875,"ApertureValue":5.655637999999999721012500231154263019561767578125,"ExposureBiasValue":0,"MaxApertureValue":2.625,"MeteringMode":5,"Flash":16,"FocalLength":50,"SubSecTime":22,"SubSecTimeOriginal":22,"SubSecTimeDigitized":22,"ColorSpace":65535,"ExifImageWidth":2152,"ExifImageLength":3584,"FocalPlaneXResolution":3849.21178889649991106125526130199432373046875,"FocalPlaneYResolution":3908.14196242170010009431280195713043212890625,"FocalPlaneResolutionUnit":2,"CustomRendered":0,"ExposureMode":1,"WhiteBalance":1,"SceneCaptureType":0,"UndefinedTag:0xA431":3021505797,"UndefinedTag:0xA432":["50\/1","50\/1","0\/0","0\/0"],"UndefinedTag:0xA434":"EF50mm f\/2.5 Compact Macro"}}}},"item":{"id":1065,"url":"https:\/\/transcribe.newberry.org\/api\/items\/1065","resource":"items"},"element_texts":[{"html":false,"text":"Completed","element_set":{"id":4,"url":"https:\/\/transcribe.newberry.org\/api\/element_sets\/4","name":"Scripto","resource":"element_sets"},"element":{"id":53,"url":"https:\/\/transcribe.newberry.org\/api\/elements\/53","name":"Status","resource":"elements"}},{"html":false,"text":"your young men_ And provided the prisoner had \nmade his escape. Some one of your Chiefs must\nhave been [kehteo, kept?] in Confinement until the offender\ncould have been secured _ _ From what observations \nI have made, its appear to me that peace is a blessing\nas desirable to Indians as W. [white] people and I think\nmore so - for when your houses on cornfields are destroyed\nyou have no provisions made to [unknown] them, but\nare thrown into the greatest distress and misery - in\nshort its the W. people that you have to depend on\nand to apply too for all your wants - and in hand you\nin hand to be on the most friendly terms with them. And\nabide strictly by the Treaty. And [unknown] expected by the\n16 greater Fines that obedience is payed to in. After your\n[unknown] from the British Garrison. And the chiefs becoming \nanswerable for the prisoner good conduct. - and his not being [unknown]\nto come on the island for two years. I may consent to this being\nrelesed - \n\nSpeech to the Indians\nOctober 1799","element_set":{"id":4,"url":"https:\/\/transcribe.newberry.org\/api\/element_sets\/4","name":"Scripto","resource":"element_sets"},"element":{"id":52,"url":"https:\/\/transcribe.newberry.org\/api\/elements\/52","name":"Transcription","resource":"elements"}}],"extended_resources":[]},{"id":72364,"url":"https:\/\/transcribe.newberry.org\/api\/files\/72364","file_urls":{"original":"https:\/\/transcribe.newberry.org\/files\/original\/e88e082fb5492f2e85bb34c305c64be0.jpg","fullsize":"https:\/\/transcribe.newberry.org\/files\/fullsize\/e88e082fb5492f2e85bb34c305c64be0.jpg","thumbnail":"https:\/\/transcribe.newberry.org\/files\/thumbnails\/e88e082fb5492f2e85bb34c305c64be0.jpg","square_thumbnail":"https:\/\/transcribe.newberry.org\/files\/square_thumbnails\/e88e082fb5492f2e85bb34c305c64be0.jpg"},"added":"2018-04-03T16:05:43+00:00","modified":"2020-04-24T23:24:17+00:00","filename":"e88e082fb5492f2e85bb34c305c64be0.jpg","authentication":"bf53cec89ec68d48790dccc0d11196dc","has_derivative_image":true,"mime_type":"image\/jpeg","order":null,"original_filename":"Ayer_MS_121_00003_o2.jpg","size":1699309,"stored":true,"type_os":"JPEG image data, JFIF standard 1.01","metadata":{"mime_type":"image\/jpeg","video":{"dataformat":"jpg","lossless":false,"bits_per_sample":24,"pixel_aspect_ratio":1,"resolution_x":2242,"resolution_y":3600,"compression_ratio":0.07017994019889599310868533166285487823188304901123046875},"comments":{"IPTCEnvelope":{"CodedCharacterSet":["\u001b%G"]},"IPTCApplication":{"ApplicationRecordVersion":[""],"DateCreated":["20120501"],"TimeCreated":["084208+0000"]}},"comments_html":{"IPTCEnvelope":{"CodedCharacterSet":["\u001b%G"]},"IPTCApplication":{"ApplicationRecordVersion":[""],"DateCreated":["20120501"],"TimeCreated":["084208+0000"]}},"iptc":{"comments":{"IPTCEnvelope":{"CodedCharacterSet":["\u001b%G"]},"IPTCApplication":{"ApplicationRecordVersion":["\u0000\u0000"],"DateCreated":["20120501"],"TimeCreated":["084208+0000"]}},"encoding":"ISO-8859-1"},"jpg":{"exif":{"FILE":{"FileName":"e88e082fb5492f2e85bb34c305c64be0.jpg","FileDateTime":1522771541,"FileSize":1699309,"FileType":2,"MimeType":"image\/jpeg","SectionsFound":"ANY_TAG, IFD0, EXIF"},"COMPUTED":{"html":"width=\"2242\" height=\"3600\"","Height":3600,"Width":2242,"IsColor":1,"ByteOrderMotorola":0,"CCDWidth":"14mm","ApertureFNumber":"f\/7.1"},"IFD0":{"Make":"Canon","Model":"Canon EOS 5D Mark II","Software":"Adobe Photoshop CS5.1 Macintosh","DateTime":"2012:05:10 07:54:11","Exif_IFD_Pointer":154},"EXIF":{"ExposureTime":0.0166666666666669995022775907500545145012438297271728515625,"FNumber":7.0999999999999996447286321199499070644378662109375,"ExposureProgram":1,"ISOSpeedRatings":200,"ExifVersion":221,"DateTimeOriginal":"2012:05:01 08:42:08","DateTimeDigitized":"2012:05:01 08:42:08","ShutterSpeedValue":5.9068909999999998916564436512999236583709716796875,"ApertureValue":5.655637999999999721012500231154263019561767578125,"ExposureBiasValue":0,"MaxApertureValue":2.625,"MeteringMode":5,"Flash":16,"FocalLength":50,"SubSecTime":98,"SubSecTimeOriginal":98,"SubSecTimeDigitized":98,"ColorSpace":65535,"ExifImageWidth":2229,"ExifImageLength":3579,"FocalPlaneXResolution":3849.21178889649991106125526130199432373046875,"FocalPlaneYResolution":3908.14196242170010009431280195713043212890625,"FocalPlaneResolutionUnit":2,"CustomRendered":0,"ExposureMode":1,"WhiteBalance":1,"SceneCaptureType":0,"UndefinedTag:0xA431":3021505797,"UndefinedTag:0xA432":["50\/1","50\/1","0\/0","0\/0"],"UndefinedTag:0xA434":"EF50mm f\/2.5 Compact Macro"}}}},"item":{"id":1065,"url":"https:\/\/transcribe.newberry.org\/api\/items\/1065","resource":"items"},"element_texts":[{"html":false,"text":"Completed","element_set":{"id":4,"url":"https:\/\/transcribe.newberry.org\/api\/element_sets\/4","name":"Scripto","resource":"element_sets"},"element":{"id":53,"url":"https:\/\/transcribe.newberry.org\/api\/elements\/53","name":"Status","resource":"elements"}},{"html":false,"text":"That the President their father had heard of persons having\nbeen with them sent by the Shaniands and the French, who have\nendeavoured to lead them from the path which they have found\nso pleasant into another path full of thorns & briars, and \nto persuade them to lift up the Floate her  against his white\nChildren , That i am required to sell them that he has\nunderstood at the same time that most of his red children\nhave had wisdom enough to shut their ears against those\nbad talks _ that this circumstamces hos given him pleas-\n-ure by fleeving him that he may defend upon fidelity\n\n  That he recommendes it to them to continue to live in\n\npeace with aall nations and each other and to plant their\ncorn and hunt as usual without fear of being hurt,He\nStrength of the United States being more than equal\nto their protection and if they close to emp lay it to drive\nThe Spaniards from the Banks of the Mifsifsifpi Has\nnot with standing this power of the United States the President\nwill use his best endeavoures to prevent War, which however\nsucceseful is always a great evil to any country , that \nwith this View and in order to preserve peace he has directed\nyou to seize every person without distinction of nation\nor Character who shall come among his red children\nwith talks to poision their minds against the United\nStates , or stir them up to War ,and that he has further\nauthorised you to pay to any of his good and faithfull Indians","element_set":{"id":4,"url":"https:\/\/transcribe.newberry.org\/api\/element_sets\/4","name":"Scripto","resource":"element_sets"},"element":{"id":52,"url":"https:\/\/transcribe.newberry.org\/api\/elements\/52","name":"Transcription","resource":"elements"}}],"extended_resources":[]},{"id":72365,"url":"https:\/\/transcribe.newberry.org\/api\/files\/72365","file_urls":{"original":"https:\/\/transcribe.newberry.org\/files\/original\/53acf11589e546a2ccd34344a35d281e.jpg","fullsize":"https:\/\/transcribe.newberry.org\/files\/fullsize\/53acf11589e546a2ccd34344a35d281e.jpg","thumbnail":"https:\/\/transcribe.newberry.org\/files\/thumbnails\/53acf11589e546a2ccd34344a35d281e.jpg","square_thumbnail":"https:\/\/transcribe.newberry.org\/files\/square_thumbnails\/53acf11589e546a2ccd34344a35d281e.jpg"},"added":"2018-04-03T16:05:44+00:00","modified":"2020-01-30T17:24:44+00:00","filename":"53acf11589e546a2ccd34344a35d281e.jpg","authentication":"ca558544d98e45caba1350f3c20dcd55","has_derivative_image":true,"mime_type":"image\/jpeg","order":null,"original_filename":"Ayer_MS_121_00004_o2.jpg","size":1416819,"stored":true,"type_os":"JPEG image data, JFIF standard 1.01","metadata":{"mime_type":"image\/jpeg","video":{"dataformat":"jpg","lossless":false,"bits_per_sample":24,"pixel_aspect_ratio":1,"resolution_x":2240,"resolution_y":3600,"compression_ratio":0.058565600198412996746366587785814772360026836395263671875},"comments":{"IPTCEnvelope":{"CodedCharacterSet":["\u001b%G"]},"IPTCApplication":{"ApplicationRecordVersion":[""],"DateCreated":["20120501"],"TimeCreated":["084223+0000"]}},"comments_html":{"IPTCEnvelope":{"CodedCharacterSet":["\u001b%G"]},"IPTCApplication":{"ApplicationRecordVersion":[""],"DateCreated":["20120501"],"TimeCreated":["084223+0000"]}},"iptc":{"comments":{"IPTCEnvelope":{"CodedCharacterSet":["\u001b%G"]},"IPTCApplication":{"ApplicationRecordVersion":["\u0000\u0000"],"DateCreated":["20120501"],"TimeCreated":["084223+0000"]}},"encoding":"ISO-8859-1"},"jpg":{"exif":{"FILE":{"FileName":"53acf11589e546a2ccd34344a35d281e.jpg","FileDateTime":1522771541,"FileSize":1416819,"FileType":2,"MimeType":"image\/jpeg","SectionsFound":"ANY_TAG, IFD0, EXIF"},"COMPUTED":{"html":"width=\"2240\" height=\"3600\"","Height":3600,"Width":2240,"IsColor":1,"ByteOrderMotorola":0,"CCDWidth":"14mm","ApertureFNumber":"f\/7.1"},"IFD0":{"Make":"Canon","Model":"Canon EOS 5D Mark II","Software":"Adobe Photoshop CS5.1 Macintosh","DateTime":"2012:05:10 07:54:25","Exif_IFD_Pointer":154},"EXIF":{"ExposureTime":0.0166666666666669995022775907500545145012438297271728515625,"FNumber":7.0999999999999996447286321199499070644378662109375,"ExposureProgram":1,"ISOSpeedRatings":200,"ExifVersion":221,"DateTimeOriginal":"2012:05:01 08:42:23","DateTimeDigitized":"2012:05:01 08:42:23","ShutterSpeedValue":5.9068909999999998916564436512999236583709716796875,"ApertureValue":5.655637999999999721012500231154263019561767578125,"ExposureBiasValue":0,"MaxApertureValue":2.625,"MeteringMode":5,"Flash":16,"FocalLength":50,"SubSecTime":17,"SubSecTimeOriginal":17,"SubSecTimeDigitized":17,"ColorSpace":65535,"ExifImageWidth":2224,"ExifImageLength":3573,"FocalPlaneXResolution":3849.21178889649991106125526130199432373046875,"FocalPlaneYResolution":3908.14196242170010009431280195713043212890625,"FocalPlaneResolutionUnit":2,"CustomRendered":0,"ExposureMode":1,"WhiteBalance":1,"SceneCaptureType":0,"UndefinedTag:0xA431":3021505797,"UndefinedTag:0xA432":["50\/1","50\/1","0\/0","0\/0"],"UndefinedTag:0xA434":"EF50mm f\/2.5 Compact Macro"}}}},"item":{"id":1065,"url":"https:\/\/transcribe.newberry.org\/api\/items\/1065","resource":"items"},"element_texts":[{"html":false,"text":"Completed","element_set":{"id":4,"url":"https:\/\/transcribe.newberry.org\/api\/element_sets\/4","name":"Scripto","resource":"element_sets"},"element":{"id":53,"url":"https:\/\/transcribe.newberry.org\/api\/elements\/53","name":"Status","resource":"elements"}},{"html":false,"text":"For every such unclear and his unclear and papers which they may seize and bring to any of his posts one Rifle, two pounds of powder a proportion? of Lead, Fifty Dollars beside a Medal, which the President will send to the Indian performing such service to be kept by him as a Testimony of his fidelity to the United States.","element_set":{"id":4,"url":"https:\/\/transcribe.newberry.org\/api\/element_sets\/4","name":"Scripto","resource":"element_sets"},"element":{"id":52,"url":"https:\/\/transcribe.newberry.org\/api\/elements\/52","name":"Transcription","resource":"elements"}}],"extended_resources":[]}]