[{"id":69566,"url":"https:\/\/transcribe.newberry.org\/api\/files\/69566","file_urls":{"original":"https:\/\/transcribe.newberry.org\/files\/original\/57f8adcafd3eb9c2739ba5babdde447e.jpg","fullsize":"https:\/\/transcribe.newberry.org\/files\/fullsize\/57f8adcafd3eb9c2739ba5babdde447e.jpg","thumbnail":"https:\/\/transcribe.newberry.org\/files\/thumbnails\/57f8adcafd3eb9c2739ba5babdde447e.jpg","square_thumbnail":"https:\/\/transcribe.newberry.org\/files\/square_thumbnails\/57f8adcafd3eb9c2739ba5babdde447e.jpg"},"added":"2018-03-29T17:32:41+00:00","modified":"2020-03-30T17:46:46+00:00","filename":"57f8adcafd3eb9c2739ba5babdde447e.jpg","authentication":"151a5484a0c1f2343ab25afd5bab6e5e","has_derivative_image":true,"mime_type":"image\/jpeg","order":null,"original_filename":"Ayer_MS_962_00004_o2.jpg","size":1754827,"stored":true,"type_os":"JPEG image data, JFIF standard 1.01","metadata":{"mime_type":"image\/jpeg","video":{"dataformat":"jpg","lossless":false,"bits_per_sample":24,"pixel_aspect_ratio":1,"resolution_x":2316,"resolution_y":3600,"compression_ratio":0.0701571595343180032244845278910361230373382568359375},"comments":{"IPTCEnvelope":{"CodedCharacterSet":["\u001b%G"]},"IPTCApplication":{"ApplicationRecordVersion":["\u0004"],"DateCreated":["20120510"],"TimeCreated":["080245"],"DigitalCreationDate":["20120510"],"DigitalCreationTime":["080245"],"By-line":["Luna Imaging"]}},"comments_html":{"IPTCEnvelope":{"CodedCharacterSet":["\u001b%G"]},"IPTCApplication":{"ApplicationRecordVersion":["\u0004"],"DateCreated":["20120510"],"TimeCreated":["080245"],"DigitalCreationDate":["20120510"],"DigitalCreationTime":["080245"],"By-line":["Luna Imaging"]}},"iptc":{"comments":{"IPTCEnvelope":{"CodedCharacterSet":["\u001b%G"]},"IPTCApplication":{"ApplicationRecordVersion":["\u0000\u0004"],"DateCreated":["20120510"],"TimeCreated":["080245"],"DigitalCreationDate":["20120510"],"DigitalCreationTime":["080245"],"By-line":["Luna Imaging"]}},"encoding":"ISO-8859-1"},"jpg":{"exif":{"FILE":{"FileName":"57f8adcafd3eb9c2739ba5babdde447e.jpg","FileDateTime":1522344761,"FileSize":1754827,"FileType":2,"MimeType":"image\/jpeg","SectionsFound":"ANY_TAG, IFD0, EXIF"},"COMPUTED":{"html":"width=\"2316\" height=\"3600\"","Height":3600,"Width":2316,"IsColor":1,"ByteOrderMotorola":0,"ApertureFNumber":"f\/7.1"},"IFD0":{"Make":"Canon","Model":"Canon EOS-1Ds Mark III","Software":"Adobe Photoshop Camera Raw 6.5 (Macintosh)","DateTime":"2012:05:18 10:16:45","Artist":"Luna Imaging","Exif_IFD_Pointer":194},"EXIF":{"ExposureTime":0.0166666666666669995022775907500545145012438297271728515625,"FNumber":7.0999999999999996447286321199499070644378662109375,"ExposureProgram":1,"ISOSpeedRatings":200,"ExifVersion":230,"DateTimeOriginal":"2012:05:10 08:02:45","DateTimeDigitized":"2012:05:10 08:02:45","ShutterSpeedValue":5.9068909999999998916564436512999236583709716796875,"ApertureValue":5.655637999999999721012500231154263019561767578125,"ExposureBiasValue":0,"MaxApertureValue":2.625,"MeteringMode":5,"Flash":0,"FocalLength":50,"SubSecTimeOriginal":98,"SubSecTimeDigitized":98,"FocalPlaneXResolution":3957.71670190270015154965221881866455078125,"FocalPlaneYResolution":3961.90476190480012519401498138904571533203125,"FocalPlaneResolutionUnit":2,"CustomRendered":0,"ExposureMode":1,"WhiteBalance":1,"SceneCaptureType":0,"UndefinedTag:0xA430":"Luna Imaging","UndefinedTag:0xA431":620549,"UndefinedTag:0xA432":["50\/1","50\/1","0\/0","0\/0"],"UndefinedTag:0xA434":"EF50mm f\/2.5 Compact Macro"}}}},"item":{"id":1041,"url":"https:\/\/transcribe.newberry.org\/api\/items\/1041","resource":"items"},"element_texts":[{"html":false,"text":"Completed","element_set":{"id":4,"url":"https:\/\/transcribe.newberry.org\/api\/element_sets\/4","name":"Scripto","resource":"element_sets"},"element":{"id":53,"url":"https:\/\/transcribe.newberry.org\/api\/elements\/53","name":"Status","resource":"elements"}},{"html":false,"text":"To the Hono. Generall Court Assembled at Boston May 23, 1677  The Remonstrances of Richard Waldron humbly sheweth That in the month of August 1675 he receiving an order from the Hono. Council for the raysing and sending away a party of 50 or 60 men to meete with Captain Mosely by such a day as Pennicoste for the disreste of the comon Enemy, in observances whereof did crave the advice and assitance of Major Robt Pike who at that time was in other parts upon the Country's Service, he having also received an order from the Major Generall to assist therein; and not knowing where to have a Chyrurgion that was fitted with medicine or might be serviceable in that expedition, was necessitated and did together with Major Pike signd an order to the Keeper of Hampton prison for the release of Captain Barefoot, being at that time a prisoner there upon Execution, who was the onely man we knew of that had medicine by him and was fitted for that expedition it admitting of no delay; who hath ever since almost to this day been imploied in the Service & receiving new orders for the impressing of a Chyrurgion for one and another expedition.  Now so it is that one Christopher Palmer; whose prisoner it seemeth Barefoot was at that time comenced an action against Major Pike my selfe and the prison keeper at Salisbury Court & obtained judgement of 75 li against us for setting this J. Barefoot at liberty.\nMy humble request therefore is that this Honored Court would please to have cognisance of the case and to order therein as in your wisdom you shall think fit either for renweall of the Execution or other wise whereby the Creditor may be satisfied and we who were the Country's Servants therein and acted according to our best discretion for the promoving of the comon good may not be damnified.  Your Honoured & the Country's most humble servant, Richard Walden","element_set":{"id":4,"url":"https:\/\/transcribe.newberry.org\/api\/element_sets\/4","name":"Scripto","resource":"element_sets"},"element":{"id":52,"url":"https:\/\/transcribe.newberry.org\/api\/elements\/52","name":"Transcription","resource":"elements"}}],"extended_resources":[]},{"id":69567,"url":"https:\/\/transcribe.newberry.org\/api\/files\/69567","file_urls":{"original":"https:\/\/transcribe.newberry.org\/files\/original\/fd2d8dc74c5711671f58c93d986910ef.jpg","fullsize":"https:\/\/transcribe.newberry.org\/files\/fullsize\/fd2d8dc74c5711671f58c93d986910ef.jpg","thumbnail":"https:\/\/transcribe.newberry.org\/files\/thumbnails\/fd2d8dc74c5711671f58c93d986910ef.jpg","square_thumbnail":"https:\/\/transcribe.newberry.org\/files\/square_thumbnails\/fd2d8dc74c5711671f58c93d986910ef.jpg"},"added":"2018-03-29T17:32:42+00:00","modified":"2020-03-26T16:08:38+00:00","filename":"fd2d8dc74c5711671f58c93d986910ef.jpg","authentication":"e3f686465a0bd41d759e41efc6dc60e1","has_derivative_image":true,"mime_type":"image\/jpeg","order":null,"original_filename":"Ayer_MS_962_00006_o2.jpg","size":1626642,"stored":true,"type_os":"JPEG image data, JFIF standard 1.01","metadata":{"mime_type":"image\/jpeg","video":{"dataformat":"jpg","lossless":false,"bits_per_sample":24,"pixel_aspect_ratio":1,"resolution_x":2410,"resolution_y":3600,"compression_ratio":0.062495850622406999563818175147389410994946956634521484375},"comments":{"IPTCEnvelope":{"CodedCharacterSet":["\u001b%G"]},"IPTCApplication":{"ApplicationRecordVersion":["\u0004"],"DateCreated":["20120510"],"TimeCreated":["080323"],"DigitalCreationDate":["20120510"],"DigitalCreationTime":["080323"],"By-line":["Luna Imaging"]}},"comments_html":{"IPTCEnvelope":{"CodedCharacterSet":["\u001b%G"]},"IPTCApplication":{"ApplicationRecordVersion":["\u0004"],"DateCreated":["20120510"],"TimeCreated":["080323"],"DigitalCreationDate":["20120510"],"DigitalCreationTime":["080323"],"By-line":["Luna Imaging"]}},"iptc":{"comments":{"IPTCEnvelope":{"CodedCharacterSet":["\u001b%G"]},"IPTCApplication":{"ApplicationRecordVersion":["\u0000\u0004"],"DateCreated":["20120510"],"TimeCreated":["080323"],"DigitalCreationDate":["20120510"],"DigitalCreationTime":["080323"],"By-line":["Luna Imaging"]}},"encoding":"ISO-8859-1"},"jpg":{"exif":{"FILE":{"FileName":"fd2d8dc74c5711671f58c93d986910ef.jpg","FileDateTime":1522344761,"FileSize":1626642,"FileType":2,"MimeType":"image\/jpeg","SectionsFound":"ANY_TAG, IFD0, EXIF"},"COMPUTED":{"html":"width=\"2410\" height=\"3600\"","Height":3600,"Width":2410,"IsColor":1,"ByteOrderMotorola":0,"ApertureFNumber":"f\/7.1"},"IFD0":{"Make":"Canon","Model":"Canon EOS-1Ds Mark III","Software":"Adobe Photoshop Camera Raw 6.5 (Macintosh)","DateTime":"2012:05:18 10:16:49","Artist":"Luna Imaging","Exif_IFD_Pointer":194},"EXIF":{"ExposureTime":0.0166666666666669995022775907500545145012438297271728515625,"FNumber":7.0999999999999996447286321199499070644378662109375,"ExposureProgram":1,"ISOSpeedRatings":200,"ExifVersion":230,"DateTimeOriginal":"2012:05:10 08:03:23","DateTimeDigitized":"2012:05:10 08:03:23","ShutterSpeedValue":5.9068909999999998916564436512999236583709716796875,"ApertureValue":5.655637999999999721012500231154263019561767578125,"ExposureBiasValue":0,"MaxApertureValue":2.625,"MeteringMode":5,"Flash":0,"FocalLength":50,"SubSecTimeOriginal":34,"SubSecTimeDigitized":34,"FocalPlaneXResolution":3957.71670190270015154965221881866455078125,"FocalPlaneYResolution":3961.90476190480012519401498138904571533203125,"FocalPlaneResolutionUnit":2,"CustomRendered":0,"ExposureMode":1,"WhiteBalance":1,"SceneCaptureType":0,"UndefinedTag:0xA430":"Luna Imaging","UndefinedTag:0xA431":620549,"UndefinedTag:0xA432":["50\/1","50\/1","0\/0","0\/0"],"UndefinedTag:0xA434":"EF50mm f\/2.5 Compact Macro"}}}},"item":{"id":1041,"url":"https:\/\/transcribe.newberry.org\/api\/items\/1041","resource":"items"},"element_texts":[{"html":false,"text":"Completed","element_set":{"id":4,"url":"https:\/\/transcribe.newberry.org\/api\/element_sets\/4","name":"Scripto","resource":"element_sets"},"element":{"id":53,"url":"https:\/\/transcribe.newberry.org\/api\/elements\/53","name":"Status","resource":"elements"}},{"html":false,"text":"Portsmouth ye 2 Sept 1676\nMay it please your honor These are to accompany Sagamore Sam, with one man Indian, who, owned himself to be with him at Nashaway, Malborough, Watchuset  and came from him to mee 2 days since & Informed mee of his comeing, ye manner of his comeing was voluntary, asking him werefore hee came to mee, Answered he heard there might be peace obtained.  I replyed hee came to late but now hee was come, I must secure him, and send him to ye Governor at Boston, to which he Answered hee willingly Submitted himself to there mercy, asking what more Company hee had, said, one more man and 3 Squaws, ye man now lying very sick with mee, and one gun which hee unclear mee.  Wanalanset, Sampson, and Mr Williams much beggd in his behalfe to save his life, if it be possible.  as yet cannot prosecute my Intentions, referring to our Indians here for want of ye forces designed hither, which I hope this night may Randevous with mee, from Black Point I received Intelligence last night that as yet no Enimie there appears, and that all ye English have Deserted ye Country farther East, Lt. Creek is safe arrived at Wells with his souldiers, which are very acceptable.  So wishing a blessing upon all your undertakings, Comitt you to God, remaining your Honored humble Servant Richard Waldron","element_set":{"id":4,"url":"https:\/\/transcribe.newberry.org\/api\/element_sets\/4","name":"Scripto","resource":"element_sets"},"element":{"id":52,"url":"https:\/\/transcribe.newberry.org\/api\/elements\/52","name":"Transcription","resource":"elements"}}],"extended_resources":[]},{"id":69568,"url":"https:\/\/transcribe.newberry.org\/api\/files\/69568","file_urls":{"original":"https:\/\/transcribe.newberry.org\/files\/original\/50ec2bb46a734c21f675c7fa9f943374.jpg","fullsize":"https:\/\/transcribe.newberry.org\/files\/fullsize\/50ec2bb46a734c21f675c7fa9f943374.jpg","thumbnail":"https:\/\/transcribe.newberry.org\/files\/thumbnails\/50ec2bb46a734c21f675c7fa9f943374.jpg","square_thumbnail":"https:\/\/transcribe.newberry.org\/files\/square_thumbnails\/50ec2bb46a734c21f675c7fa9f943374.jpg"},"added":"2018-03-29T17:32:43+00:00","modified":"2020-03-26T16:09:21+00:00","filename":"50ec2bb46a734c21f675c7fa9f943374.jpg","authentication":"dbeef8f326d92a5a8d4439955e2a69ee","has_derivative_image":true,"mime_type":"image\/jpeg","order":null,"original_filename":"Ayer_MS_962_00007_o2.jpg","size":1474205,"stored":true,"type_os":"JPEG image data, JFIF standard 1.01","metadata":{"mime_type":"image\/jpeg","video":{"dataformat":"jpg","lossless":false,"bits_per_sample":24,"pixel_aspect_ratio":1,"resolution_x":2424,"resolution_y":3600,"compression_ratio":0.056312072179440002261952002982070553116500377655029296875},"comments":{"IPTCEnvelope":{"CodedCharacterSet":["\u001b%G"]},"IPTCApplication":{"ApplicationRecordVersion":["\u0004"],"DateCreated":["20120510"],"TimeCreated":["080423"],"DigitalCreationDate":["20120510"],"DigitalCreationTime":["080423"],"By-line":["Luna Imaging"]}},"comments_html":{"IPTCEnvelope":{"CodedCharacterSet":["\u001b%G"]},"IPTCApplication":{"ApplicationRecordVersion":["\u0004"],"DateCreated":["20120510"],"TimeCreated":["080423"],"DigitalCreationDate":["20120510"],"DigitalCreationTime":["080423"],"By-line":["Luna Imaging"]}},"iptc":{"comments":{"IPTCEnvelope":{"CodedCharacterSet":["\u001b%G"]},"IPTCApplication":{"ApplicationRecordVersion":["\u0000\u0004"],"DateCreated":["20120510"],"TimeCreated":["080423"],"DigitalCreationDate":["20120510"],"DigitalCreationTime":["080423"],"By-line":["Luna Imaging"]}},"encoding":"ISO-8859-1"},"jpg":{"exif":{"FILE":{"FileName":"50ec2bb46a734c21f675c7fa9f943374.jpg","FileDateTime":1522344761,"FileSize":1474205,"FileType":2,"MimeType":"image\/jpeg","SectionsFound":"ANY_TAG, IFD0, EXIF"},"COMPUTED":{"html":"width=\"2424\" height=\"3600\"","Height":3600,"Width":2424,"IsColor":1,"ByteOrderMotorola":0,"ApertureFNumber":"f\/7.1"},"IFD0":{"Make":"Canon","Model":"Canon EOS-1Ds Mark III","Software":"Adobe Photoshop Camera Raw 6.5 (Macintosh)","DateTime":"2012:05:18 10:16:51","Artist":"Luna Imaging","Exif_IFD_Pointer":194},"EXIF":{"ExposureTime":0.0166666666666669995022775907500545145012438297271728515625,"FNumber":7.0999999999999996447286321199499070644378662109375,"ExposureProgram":1,"ISOSpeedRatings":200,"ExifVersion":230,"DateTimeOriginal":"2012:05:10 08:04:23","DateTimeDigitized":"2012:05:10 08:04:23","ShutterSpeedValue":5.9068909999999998916564436512999236583709716796875,"ApertureValue":5.655637999999999721012500231154263019561767578125,"ExposureBiasValue":0,"MaxApertureValue":2.625,"MeteringMode":5,"Flash":0,"FocalLength":50,"SubSecTimeOriginal":56,"SubSecTimeDigitized":56,"FocalPlaneXResolution":3957.71670190270015154965221881866455078125,"FocalPlaneYResolution":3961.90476190480012519401498138904571533203125,"FocalPlaneResolutionUnit":2,"CustomRendered":0,"ExposureMode":1,"WhiteBalance":1,"SceneCaptureType":0,"UndefinedTag:0xA430":"Luna Imaging","UndefinedTag:0xA431":620549,"UndefinedTag:0xA432":["50\/1","50\/1","0\/0","0\/0"],"UndefinedTag:0xA434":"EF50mm f\/2.5 Compact Macro"}}}},"item":{"id":1041,"url":"https:\/\/transcribe.newberry.org\/api\/items\/1041","resource":"items"},"element_texts":[{"html":false,"text":"Completed","element_set":{"id":4,"url":"https:\/\/transcribe.newberry.org\/api\/element_sets\/4","name":"Scripto","resource":"element_sets"},"element":{"id":53,"url":"https:\/\/transcribe.newberry.org\/api\/elements\/53","name":"Status","resource":"elements"}},{"html":false,"text":"To the honored governor & council of the Masatchusetts in Boston\n\n\n  Gnll\n\nBoston","element_set":{"id":4,"url":"https:\/\/transcribe.newberry.org\/api\/element_sets\/4","name":"Scripto","resource":"element_sets"},"element":{"id":52,"url":"https:\/\/transcribe.newberry.org\/api\/elements\/52","name":"Transcription","resource":"elements"}}],"extended_resources":[]}]