[{"id":69806,"url":"https:\/\/transcribe.newberry.org\/api\/files\/69806","file_urls":{"original":"https:\/\/transcribe.newberry.org\/files\/original\/5736fbb004ec1284880ed11ab5184b51.jpg","fullsize":"https:\/\/transcribe.newberry.org\/files\/fullsize\/5736fbb004ec1284880ed11ab5184b51.jpg","thumbnail":"https:\/\/transcribe.newberry.org\/files\/thumbnails\/5736fbb004ec1284880ed11ab5184b51.jpg","square_thumbnail":"https:\/\/transcribe.newberry.org\/files\/square_thumbnails\/5736fbb004ec1284880ed11ab5184b51.jpg"},"added":"2018-03-29T18:02:04+00:00","modified":"2020-03-18T01:49:13+00:00","filename":"5736fbb004ec1284880ed11ab5184b51.jpg","authentication":"f9188ec35d6a3d3cc0305b4eda893969","has_derivative_image":true,"mime_type":"image\/jpeg","order":null,"original_filename":"Ayer_MS_3217_00001_o2.jpg","size":1499300,"stored":true,"type_os":"JPEG image data, JFIF standard 1.01","metadata":{"mime_type":"image\/jpeg","video":{"dataformat":"jpg","lossless":false,"bits_per_sample":24,"pixel_aspect_ratio":1,"resolution_x":2483,"resolution_y":3600,"compression_ratio":0.055909816381021000541995391586169716902077198028564453125},"comments":{"IPTCEnvelope":{"CodedCharacterSet":["\u001b%G"]},"IPTCApplication":{"ApplicationRecordVersion":["\u0004"],"DateCreated":["20120521"],"TimeCreated":["090850"],"DigitalCreationDate":["20120521"],"DigitalCreationTime":["090850"],"By-line":["Luna Imaging"]}},"comments_html":{"IPTCEnvelope":{"CodedCharacterSet":["\u001b%G"]},"IPTCApplication":{"ApplicationRecordVersion":["\u0004"],"DateCreated":["20120521"],"TimeCreated":["090850"],"DigitalCreationDate":["20120521"],"DigitalCreationTime":["090850"],"By-line":["Luna Imaging"]}},"iptc":{"comments":{"IPTCEnvelope":{"CodedCharacterSet":["\u001b%G"]},"IPTCApplication":{"ApplicationRecordVersion":["\u0000\u0004"],"DateCreated":["20120521"],"TimeCreated":["090850"],"DigitalCreationDate":["20120521"],"DigitalCreationTime":["090850"],"By-line":["Luna Imaging"]}},"encoding":"ISO-8859-1"},"jpg":{"exif":{"FILE":{"FileName":"5736fbb004ec1284880ed11ab5184b51.jpg","FileDateTime":1522346523,"FileSize":1499300,"FileType":2,"MimeType":"image\/jpeg","SectionsFound":"ANY_TAG, IFD0, EXIF"},"COMPUTED":{"html":"width=\"2483\" height=\"3600\"","Height":3600,"Width":2483,"IsColor":1,"ByteOrderMotorola":0,"ApertureFNumber":"f\/7.1"},"IFD0":{"Make":"Canon","Model":"Canon EOS-1Ds Mark III","Software":"Adobe Photoshop Camera Raw 6.6 (Macintosh)","DateTime":"2012:06:11 12:50:53","Artist":"Luna Imaging","Exif_IFD_Pointer":194},"EXIF":{"ExposureTime":0.0166666666666669995022775907500545145012438297271728515625,"FNumber":7.0999999999999996447286321199499070644378662109375,"ExposureProgram":1,"ISOSpeedRatings":200,"ExifVersion":230,"DateTimeOriginal":"2012:05:21 09:08:50","DateTimeDigitized":"2012:05:21 09:08:50","ShutterSpeedValue":5.9068909999999998916564436512999236583709716796875,"ApertureValue":5.655637999999999721012500231154263019561767578125,"ExposureBiasValue":0,"MaxApertureValue":2.625,"MeteringMode":5,"Flash":0,"FocalLength":50,"SubSecTimeOriginal":85,"SubSecTimeDigitized":85,"FocalPlaneXResolution":3957.71670190270015154965221881866455078125,"FocalPlaneYResolution":3961.90476190480012519401498138904571533203125,"FocalPlaneResolutionUnit":2,"CustomRendered":0,"ExposureMode":1,"WhiteBalance":1,"SceneCaptureType":0,"UndefinedTag:0xA430":"Luna Imaging","UndefinedTag:0xA431":620549,"UndefinedTag:0xA432":["50\/1","50\/1","0\/0","0\/0"],"UndefinedTag:0xA434":"EF50mm f\/2.5 Compact Macro"}}}},"item":{"id":1047,"url":"https:\/\/transcribe.newberry.org\/api\/items\/1047","resource":"items"},"element_texts":[{"html":false,"text":"Completed","element_set":{"id":4,"url":"https:\/\/transcribe.newberry.org\/api\/element_sets\/4","name":"Scripto","resource":"element_sets"},"element":{"id":53,"url":"https:\/\/transcribe.newberry.org\/api\/elements\/53","name":"Status","resource":"elements"}},{"html":false,"text":"Creek Indians\nSubstance of a \"Talk\"\nbetween\nHis Excellency Clement C Clay\nGovernor of the State of Alabama\nand\nHopoethle Yoholo Chief of the Creek Nation,\nin the presence of the following Officers\nMajor Genl.   Patteson, Colonel's John B Hogan, John A Campbell,\nAlbert J Pickett, & James E Belser; Judge Benson,\nMajor's T.J. Abbott & Donegan\nand other Gentlemen;\ntogether with the undermentiond Chiefs of Tuckabatchie towns\nYoung-King, Little Doctor, Yarja Sich-e Colonels, Mad Blue\nMad Deer, (Osooche Fixico, or Hatchee chubba Tom, struck through)\nand others\nOn the 30th May 1836.\nHo-poe-thle Yoholo said at the City of Washington in the\nWinter of 1832 he saw and conversed with the President of the\nUnited States Genl. Andrew Jackson. The President there informed\nhim after the making of their treaty, that by the terms of it at the\nexpiration of Five Years from the date of its conclusion, if his People the Creeks\ncontinued to reside where they then were, they must necessarily become\nsubject to the jurisdiction of the State of Alabama and be govern'd\nby its Laws, otherwise they must move beyond the bounds of the\nMississippi and settle themselves in a new Home. Which course,\nhe thought, would be most beneficial for them. Before the expiration\nof this term of Five Years however, the Whites had come in, in great\nnumbers among them and thenceforward there had been much trouble\n\nand confusion. In consequence of this State of things he\n\nhad in the mean time, in accordance with the counsel of friends\ngone to look  a home beyond the Mississippi: during his absence\ngreater troubles had grown up, and more confusion among his\npeople arisen on account of the transfer and sale of their\nreservations, for, on his return he found that the Whites were swindling\n\nthem out of them; on that account he had requested Dr.\n\nMcHenry at that time certifying Agent, to forbear from certifying\n\nto contracts for the Sale of them, for he had discovered","element_set":{"id":4,"url":"https:\/\/transcribe.newberry.org\/api\/element_sets\/4","name":"Scripto","resource":"element_sets"},"element":{"id":52,"url":"https:\/\/transcribe.newberry.org\/api\/elements\/52","name":"Transcription","resource":"elements"}}],"extended_resources":[]},{"id":69807,"url":"https:\/\/transcribe.newberry.org\/api\/files\/69807","file_urls":{"original":"https:\/\/transcribe.newberry.org\/files\/original\/03387821a78fffa6f5ed0d598ffa522b.jpg","fullsize":"https:\/\/transcribe.newberry.org\/files\/fullsize\/03387821a78fffa6f5ed0d598ffa522b.jpg","thumbnail":"https:\/\/transcribe.newberry.org\/files\/thumbnails\/03387821a78fffa6f5ed0d598ffa522b.jpg","square_thumbnail":"https:\/\/transcribe.newberry.org\/files\/square_thumbnails\/03387821a78fffa6f5ed0d598ffa522b.jpg"},"added":"2018-03-29T18:02:05+00:00","modified":"2020-03-18T02:00:41+00:00","filename":"03387821a78fffa6f5ed0d598ffa522b.jpg","authentication":"8b1e09df197c9a7653b4df089da2ae9a","has_derivative_image":true,"mime_type":"image\/jpeg","order":null,"original_filename":"Ayer_MS_3217_00002_o2.jpg","size":1334737,"stored":true,"type_os":"JPEG image data, JFIF standard 1.01","metadata":{"mime_type":"image\/jpeg","video":{"dataformat":"jpg","lossless":false,"bits_per_sample":24,"pixel_aspect_ratio":1,"resolution_x":2483,"resolution_y":3600,"compression_ratio":0.0497731611998629974724650537609704770147800445556640625},"comments":{"IPTCEnvelope":{"CodedCharacterSet":["\u001b%G"]},"IPTCApplication":{"ApplicationRecordVersion":["\u0004"],"DateCreated":["20120521"],"TimeCreated":["090910"],"DigitalCreationDate":["20120521"],"DigitalCreationTime":["090910"],"By-line":["Luna Imaging"]}},"comments_html":{"IPTCEnvelope":{"CodedCharacterSet":["\u001b%G"]},"IPTCApplication":{"ApplicationRecordVersion":["\u0004"],"DateCreated":["20120521"],"TimeCreated":["090910"],"DigitalCreationDate":["20120521"],"DigitalCreationTime":["090910"],"By-line":["Luna Imaging"]}},"iptc":{"comments":{"IPTCEnvelope":{"CodedCharacterSet":["\u001b%G"]},"IPTCApplication":{"ApplicationRecordVersion":["\u0000\u0004"],"DateCreated":["20120521"],"TimeCreated":["090910"],"DigitalCreationDate":["20120521"],"DigitalCreationTime":["090910"],"By-line":["Luna Imaging"]}},"encoding":"ISO-8859-1"},"jpg":{"exif":{"FILE":{"FileName":"03387821a78fffa6f5ed0d598ffa522b.jpg","FileDateTime":1522346523,"FileSize":1334737,"FileType":2,"MimeType":"image\/jpeg","SectionsFound":"ANY_TAG, IFD0, EXIF"},"COMPUTED":{"html":"width=\"2483\" height=\"3600\"","Height":3600,"Width":2483,"IsColor":1,"ByteOrderMotorola":0,"ApertureFNumber":"f\/7.1"},"IFD0":{"Make":"Canon","Model":"Canon EOS-1Ds Mark III","Software":"Adobe Photoshop Camera Raw 6.6 (Macintosh)","DateTime":"2012:06:11 12:50:57","Artist":"Luna Imaging","Exif_IFD_Pointer":194},"EXIF":{"ExposureTime":0.0166666666666669995022775907500545145012438297271728515625,"FNumber":7.0999999999999996447286321199499070644378662109375,"ExposureProgram":1,"ISOSpeedRatings":200,"ExifVersion":230,"DateTimeOriginal":"2012:05:21 09:09:10","DateTimeDigitized":"2012:05:21 09:09:10","ShutterSpeedValue":5.9068909999999998916564436512999236583709716796875,"ApertureValue":5.655637999999999721012500231154263019561767578125,"ExposureBiasValue":0,"MaxApertureValue":2.625,"MeteringMode":5,"Flash":0,"FocalLength":50,"SubSecTimeOriginal":48,"SubSecTimeDigitized":48,"FocalPlaneXResolution":3957.71670190270015154965221881866455078125,"FocalPlaneYResolution":3961.90476190480012519401498138904571533203125,"FocalPlaneResolutionUnit":2,"CustomRendered":0,"ExposureMode":1,"WhiteBalance":1,"SceneCaptureType":0,"UndefinedTag:0xA430":"Luna Imaging","UndefinedTag:0xA431":620549,"UndefinedTag:0xA432":["50\/1","50\/1","0\/0","0\/0"],"UndefinedTag:0xA434":"EF50mm f\/2.5 Compact Macro"}}}},"item":{"id":1047,"url":"https:\/\/transcribe.newberry.org\/api\/items\/1047","resource":"items"},"element_texts":[{"html":false,"text":"Completed","element_set":{"id":4,"url":"https:\/\/transcribe.newberry.org\/api\/element_sets\/4","name":"Scripto","resource":"element_sets"},"element":{"id":53,"url":"https:\/\/transcribe.newberry.org\/api\/elements\/53","name":"Status","resource":"elements"}},{"html":false,"text":"that it was no uncommon thing for one Indian to be instigated to\nassume the name of, and personate another, and sometimes to sell and\nstand up to be certified to several tracks of Land, of not one of\nwhich he was in reality the owner. He had written to the President\n\non this subject: he had asked for an investigation and desired\n\nenquiry to be made into it; he had also in order to prevent a repetition\nof such conduct, requested the President not to permit of certifying\nto contracts, except in the presence of discreet Chiefs, and was much\ngratified to find that latterly that source had been adopted.\nThe land Speculators in order to get the Indians' reservations\nof land would harden the people against the Counsel of the\nChiefs and sell to the Indians Pistols and Powder, Knives and Lead,\nwould give bad counsel to them, and say to them, \"if the Chiefs attempt\nto restrain or interfere with you, Kill them; and that in this way\nthe late depredations and disturbances, that had so suddenly and\nin so unlooked for a manner broken out in the Nation, had been\ncreated and produced.\nAt the time of the Meeting that had been appointed to take\nplace at Dr. McHenrys' for the holding of the investigation asked\nfor, concerning the frauds that had been committed upon the\nIndians in the Sale of their lands, he was himself Sick and unable\nto attend, but sent word that the Chiefs generally, and for the most part\nwere apprised of the affairs of their people, and therefore Knowing who\namong them had actually sold, and who not, could assist in\nmaking a proper report of them. Tuskehenehaw of \nTuckabatchee was present at this meeting hiding about in the bushes\nand General Woodward and Captain Walker were also there putting\nit into Tuskehenehaws head to make the Indians beleive that\nthose among them who went before the Agent to make complaint\nabout the fraudulent sale of their lands would be the very persons\nwho would be taken, and sent immediately off to Arkansas.\nWalker and Woodward were furthermore at the same time\nmaking papers also, out in the bushes for the Indians there, telling\nthem that what the Agent might do for them would be of no account,\nbut that the papers they were making for them would Secure them.\nBy their treaty made with the President it remained with\ntheir people, after the expiration of the Five Years either to stay\nupon their lands under the Law of the State, or remove Westward\nto a new Home; in either event he had been anxious for the people","element_set":{"id":4,"url":"https:\/\/transcribe.newberry.org\/api\/element_sets\/4","name":"Scripto","resource":"element_sets"},"element":{"id":52,"url":"https:\/\/transcribe.newberry.org\/api\/elements\/52","name":"Transcription","resource":"elements"}}],"extended_resources":[]},{"id":69808,"url":"https:\/\/transcribe.newberry.org\/api\/files\/69808","file_urls":{"original":"https:\/\/transcribe.newberry.org\/files\/original\/9bb81ae56e1341d549251094593d6c4a.jpg","fullsize":"https:\/\/transcribe.newberry.org\/files\/fullsize\/9bb81ae56e1341d549251094593d6c4a.jpg","thumbnail":"https:\/\/transcribe.newberry.org\/files\/thumbnails\/9bb81ae56e1341d549251094593d6c4a.jpg","square_thumbnail":"https:\/\/transcribe.newberry.org\/files\/square_thumbnails\/9bb81ae56e1341d549251094593d6c4a.jpg"},"added":"2018-03-29T18:02:06+00:00","modified":"2020-05-16T02:56:10+00:00","filename":"9bb81ae56e1341d549251094593d6c4a.jpg","authentication":"95f13ae093954f65b60b4fd2517f0a01","has_derivative_image":true,"mime_type":"image\/jpeg","order":null,"original_filename":"Ayer_MS_3217_00003_o2.jpg","size":1542155,"stored":true,"type_os":"JPEG image data, JFIF standard 1.01","metadata":{"mime_type":"image\/jpeg","video":{"dataformat":"jpg","lossless":false,"bits_per_sample":24,"pixel_aspect_ratio":1,"resolution_x":2518,"resolution_y":3600,"compression_ratio":0.05670855028976599931933577636300469748675823211669921875},"comments":{"IPTCEnvelope":{"CodedCharacterSet":["\u001b%G"]},"IPTCApplication":{"ApplicationRecordVersion":["\u0004"],"DateCreated":["20120521"],"TimeCreated":["090920"],"DigitalCreationDate":["20120521"],"DigitalCreationTime":["090920"],"By-line":["Luna Imaging"]}},"comments_html":{"IPTCEnvelope":{"CodedCharacterSet":["\u001b%G"]},"IPTCApplication":{"ApplicationRecordVersion":["\u0004"],"DateCreated":["20120521"],"TimeCreated":["090920"],"DigitalCreationDate":["20120521"],"DigitalCreationTime":["090920"],"By-line":["Luna Imaging"]}},"iptc":{"comments":{"IPTCEnvelope":{"CodedCharacterSet":["\u001b%G"]},"IPTCApplication":{"ApplicationRecordVersion":["\u0000\u0004"],"DateCreated":["20120521"],"TimeCreated":["090920"],"DigitalCreationDate":["20120521"],"DigitalCreationTime":["090920"],"By-line":["Luna Imaging"]}},"encoding":"ISO-8859-1"},"jpg":{"exif":{"FILE":{"FileName":"9bb81ae56e1341d549251094593d6c4a.jpg","FileDateTime":1522346523,"FileSize":1542155,"FileType":2,"MimeType":"image\/jpeg","SectionsFound":"ANY_TAG, IFD0, EXIF"},"COMPUTED":{"html":"width=\"2518\" height=\"3600\"","Height":3600,"Width":2518,"IsColor":1,"ByteOrderMotorola":0,"ApertureFNumber":"f\/7.1"},"IFD0":{"Make":"Canon","Model":"Canon EOS-1Ds Mark III","Software":"Adobe Photoshop Camera Raw 6.6 (Macintosh)","DateTime":"2012:06:11 12:50:59","Artist":"Luna Imaging","Exif_IFD_Pointer":194},"EXIF":{"ExposureTime":0.0166666666666669995022775907500545145012438297271728515625,"FNumber":7.0999999999999996447286321199499070644378662109375,"ExposureProgram":1,"ISOSpeedRatings":200,"ExifVersion":230,"DateTimeOriginal":"2012:05:21 09:09:20","DateTimeDigitized":"2012:05:21 09:09:20","ShutterSpeedValue":5.9068909999999998916564436512999236583709716796875,"ApertureValue":5.655637999999999721012500231154263019561767578125,"ExposureBiasValue":0,"MaxApertureValue":2.625,"MeteringMode":5,"Flash":0,"FocalLength":50,"SubSecTimeOriginal":62,"SubSecTimeDigitized":62,"FocalPlaneXResolution":3957.71670190270015154965221881866455078125,"FocalPlaneYResolution":3961.90476190480012519401498138904571533203125,"FocalPlaneResolutionUnit":2,"CustomRendered":0,"ExposureMode":1,"WhiteBalance":1,"SceneCaptureType":0,"UndefinedTag:0xA430":"Luna Imaging","UndefinedTag:0xA431":620549,"UndefinedTag:0xA432":["50\/1","50\/1","0\/0","0\/0"],"UndefinedTag:0xA434":"EF50mm f\/2.5 Compact Macro"}}}},"item":{"id":1047,"url":"https:\/\/transcribe.newberry.org\/api\/items\/1047","resource":"items"},"element_texts":[{"html":false,"text":"Completed","element_set":{"id":4,"url":"https:\/\/transcribe.newberry.org\/api\/element_sets\/4","name":"Scripto","resource":"element_sets"},"element":{"id":53,"url":"https:\/\/transcribe.newberry.org\/api\/elements\/53","name":"Status","resource":"elements"}},{"html":false,"text":"to be allowed the benefit of what was rightfully their own and to this end, the investigation was desired by him and it had been his earnest hope that it would have effected it.   He had oftentimes attempted to procure a general meeting of the Tribe of Tallagee having a desire to talk with them, but was as often failed, they appearing mohave an idea of what he wished to converse about and being also more immediately under the influences of Tuskehonohaw anxious to avoid it.  An opportunity being at length afforded, he appeared unexpectedly at their\n[paper pasted over 14 lines of original text follows:]\n\n The paper alluded to by Opothleyahola, was of crossed out: treasons the talk\nascertained to be some old proclamation ?from during the last\nwar with England by Sir Geo. Cockburn commanding the\nEnglish fleet, & was highly inflamatory & addressed to the\nCreek Indians and was no doubt the cause at that time of\nexciting them to make war on the Whites. Where these old\nproclamations could have been lying all this time is not yet\ndiscovered: But an Englishman who is a silversmith & ?resided\nfor some time in Columbus Geo. was the man who rode among the\nIndians & read & explained these papers but took care to conceal\nthe date, he is now in prison in Montgomery jail, this man says\nhe is the natural son of Francis the Prophet, hung by order of Gen. Jackson\nand was borne in London at the time Francis visited England.*\n[end of pasted paper]\nthe astounding facts had book out upon them.   He had received information of a matter which he had been unable properly to comprehend:  it was concerning a paper or letter said, or pretended to have been sent from People beyond the Seas; this  it was said had been circulated in some of the Indian towns:  he had heard that it had been sent to Kun-char-le-Micco, to Enhar-Marth-looche, to Neah-Micco and that Tus-ke-hene-haw had also received it: he was informed that runners had come from Nehar-Mecco to Tuskehenehaw bringing four broken sticks to him, and word that \"they were ready\" and it appeared that it was about the time of the last of these broken sticks that these hostilities had commenced among them.*\n\n   The circumstance of the paper said to have been circulated could not, as he had before said, well understand, it could not have been the work of Indians, for they cannot read or write - the only way in which he can account for it is, that White people must have been at the bottom of it.","element_set":{"id":4,"url":"https:\/\/transcribe.newberry.org\/api\/element_sets\/4","name":"Scripto","resource":"element_sets"},"element":{"id":52,"url":"https:\/\/transcribe.newberry.org\/api\/elements\/52","name":"Transcription","resource":"elements"}}],"extended_resources":[]},{"id":69809,"url":"https:\/\/transcribe.newberry.org\/api\/files\/69809","file_urls":{"original":"https:\/\/transcribe.newberry.org\/files\/original\/87fa2a9d039080851ab567b1f9e4607a.jpg","fullsize":"https:\/\/transcribe.newberry.org\/files\/fullsize\/87fa2a9d039080851ab567b1f9e4607a.jpg","thumbnail":"https:\/\/transcribe.newberry.org\/files\/thumbnails\/87fa2a9d039080851ab567b1f9e4607a.jpg","square_thumbnail":"https:\/\/transcribe.newberry.org\/files\/square_thumbnails\/87fa2a9d039080851ab567b1f9e4607a.jpg"},"added":"2018-03-29T18:02:07+00:00","modified":"2020-04-01T20:45:05+00:00","filename":"87fa2a9d039080851ab567b1f9e4607a.jpg","authentication":"f4b54486a858654505405cbe39914cd8","has_derivative_image":true,"mime_type":"image\/jpeg","order":null,"original_filename":"Ayer_MS_3217_00004_o2.jpg","size":1410984,"stored":true,"type_os":"JPEG image data, JFIF standard 1.01","metadata":{"mime_type":"image\/jpeg","video":{"dataformat":"jpg","lossless":false,"bits_per_sample":24,"pixel_aspect_ratio":1,"resolution_x":2494,"resolution_y":3600,"compression_ratio":0.052384389200747998038831809708426590077579021453857421875},"comments":{"IPTCEnvelope":{"CodedCharacterSet":["\u001b%G"]},"IPTCApplication":{"ApplicationRecordVersion":["\u0004"],"DateCreated":["20120521"],"TimeCreated":["090932"],"DigitalCreationDate":["20120521"],"DigitalCreationTime":["090932"],"By-line":["Luna Imaging"]}},"comments_html":{"IPTCEnvelope":{"CodedCharacterSet":["\u001b%G"]},"IPTCApplication":{"ApplicationRecordVersion":["\u0004"],"DateCreated":["20120521"],"TimeCreated":["090932"],"DigitalCreationDate":["20120521"],"DigitalCreationTime":["090932"],"By-line":["Luna Imaging"]}},"iptc":{"comments":{"IPTCEnvelope":{"CodedCharacterSet":["\u001b%G"]},"IPTCApplication":{"ApplicationRecordVersion":["\u0000\u0004"],"DateCreated":["20120521"],"TimeCreated":["090932"],"DigitalCreationDate":["20120521"],"DigitalCreationTime":["090932"],"By-line":["Luna Imaging"]}},"encoding":"ISO-8859-1"},"jpg":{"exif":{"FILE":{"FileName":"87fa2a9d039080851ab567b1f9e4607a.jpg","FileDateTime":1522346523,"FileSize":1410984,"FileType":2,"MimeType":"image\/jpeg","SectionsFound":"ANY_TAG, IFD0, EXIF"},"COMPUTED":{"html":"width=\"2494\" height=\"3600\"","Height":3600,"Width":2494,"IsColor":1,"ByteOrderMotorola":0,"ApertureFNumber":"f\/7.1"},"IFD0":{"Make":"Canon","Model":"Canon EOS-1Ds Mark III","Software":"Adobe Photoshop Camera Raw 6.6 (Macintosh)","DateTime":"2012:06:11 12:51:02","Artist":"Luna Imaging","Exif_IFD_Pointer":194},"EXIF":{"ExposureTime":0.0166666666666669995022775907500545145012438297271728515625,"FNumber":7.0999999999999996447286321199499070644378662109375,"ExposureProgram":1,"ISOSpeedRatings":200,"ExifVersion":230,"DateTimeOriginal":"2012:05:21 09:09:32","DateTimeDigitized":"2012:05:21 09:09:32","ShutterSpeedValue":5.9068909999999998916564436512999236583709716796875,"ApertureValue":5.655637999999999721012500231154263019561767578125,"ExposureBiasValue":0,"MaxApertureValue":2.625,"MeteringMode":5,"Flash":0,"FocalLength":50,"SubSecTimeOriginal":45,"SubSecTimeDigitized":45,"FocalPlaneXResolution":3957.71670190270015154965221881866455078125,"FocalPlaneYResolution":3961.90476190480012519401498138904571533203125,"FocalPlaneResolutionUnit":2,"CustomRendered":0,"ExposureMode":1,"WhiteBalance":1,"SceneCaptureType":0,"UndefinedTag:0xA430":"Luna Imaging","UndefinedTag:0xA431":620549,"UndefinedTag:0xA432":["50\/1","50\/1","0\/0","0\/0"],"UndefinedTag:0xA434":"EF50mm f\/2.5 Compact Macro"}}}},"item":{"id":1047,"url":"https:\/\/transcribe.newberry.org\/api\/items\/1047","resource":"items"},"element_texts":[{"html":false,"text":"Completed","element_set":{"id":4,"url":"https:\/\/transcribe.newberry.org\/api\/element_sets\/4","name":"Scripto","resource":"element_sets"},"element":{"id":53,"url":"https:\/\/transcribe.newberry.org\/api\/elements\/53","name":"Status","resource":"elements"}},{"html":false,"text":"to be allowed the benefit of what was rightfully their own\nand to this end, the investigation was desired by him, and it had\nbeen his earnest hope that it would have effected it. He had oftentimes\nattempted to procure a general meeting of the Tribe of Tallassee\nhaving a desire to talk with them, but was as often foiled, they\nappearing to have an idea of what he wished to converse about:\nand being also more immediately under the influence of Tuske-\nhenehaw anxious to avoid it. An opportunity being at length\nafforded, he appeared unexpectedly at their meeting and finding Tuskehe=\n=nehaw with them remonstrated with him about the evil course\nhe was pursuing, telling him that the pernicious talks he was making to\nthe Indians, were not his own talks and did not originate with\nhim, but were derived from others of whom he was the dupe, and\nthat if he thus obstinately persever'd in such course it must\nnecessarily end in consequences that would be ruinous, and that\nall would be afflicted with sorrow for. Tuskehenehaw not=\n=withstanding continued stubborn, and afterwards proceeded in\nthe same way he had begun, disregarding his friendly remonstrance;\nand the events which he had so much fear'd on account of\nit, had unhappily of late become realized. Flying rumours\nof contemplated disturbances had occasionally passed amongst\nhis people, but they were considered by them as unworthy of\ntheir beleif: they did not open their ears to them. Now indeed the as=\n=tounding facts had broke out upon them. He had received\ninformation of a matter which he had been unable properly to compre=\n=hend: it was concerning a paper or letter, said, or pretended to have been\nsent from People beyond the Seas; this it was said had been circu=\n=lated in some of the Indian towns: he had heard that it had been\nsent to Kun-char-te-Micco, to Enehar-Marth-looche, to Neah-Micco, and\nthat Tuskehenehaw had also received it: he was informed\nthat runners had come from Nehar Micco to Tuskehenehaw bring=\n=ing four broken sticks to him, and word that \"they were ready,\"\nand it appeared that it was about the time of the last of these\nbroken sticks that hostilities had commenced among them. *\nThe circumstance of the paper said to have been circu=\n=lated he could not, as he had before said, well understand; it\ncould not have been the work of Indians, for they cannot read\nor write, the only way in which he can account for it is, that\nWhite people must have been at the bottom of it. His people","element_set":{"id":4,"url":"https:\/\/transcribe.newberry.org\/api\/element_sets\/4","name":"Scripto","resource":"element_sets"},"element":{"id":52,"url":"https:\/\/transcribe.newberry.org\/api\/elements\/52","name":"Transcription","resource":"elements"}}],"extended_resources":[]},{"id":69810,"url":"https:\/\/transcribe.newberry.org\/api\/files\/69810","file_urls":{"original":"https:\/\/transcribe.newberry.org\/files\/original\/7bc7617e71bdcce69dfd3d78321b0379.jpg","fullsize":"https:\/\/transcribe.newberry.org\/files\/fullsize\/7bc7617e71bdcce69dfd3d78321b0379.jpg","thumbnail":"https:\/\/transcribe.newberry.org\/files\/thumbnails\/7bc7617e71bdcce69dfd3d78321b0379.jpg","square_thumbnail":"https:\/\/transcribe.newberry.org\/files\/square_thumbnails\/7bc7617e71bdcce69dfd3d78321b0379.jpg"},"added":"2018-03-29T18:02:08+00:00","modified":"2020-05-16T03:07:15+00:00","filename":"7bc7617e71bdcce69dfd3d78321b0379.jpg","authentication":"3700e79e3d970d473e4d92e2382c1b2f","has_derivative_image":true,"mime_type":"image\/jpeg","order":null,"original_filename":"Ayer_MS_3217_00005_o2.jpg","size":1375464,"stored":true,"type_os":"JPEG image data, JFIF standard 1.01","metadata":{"mime_type":"image\/jpeg","video":{"dataformat":"jpg","lossless":false,"bits_per_sample":24,"pixel_aspect_ratio":1,"resolution_x":2482,"resolution_y":3600,"compression_ratio":0.0513125615543019997222273786974255926907062530517578125},"comments":{"IPTCEnvelope":{"CodedCharacterSet":["\u001b%G"]},"IPTCApplication":{"ApplicationRecordVersion":["\u0004"],"DateCreated":["20120521"],"TimeCreated":["090951"],"DigitalCreationDate":["20120521"],"DigitalCreationTime":["090951"],"By-line":["Luna Imaging"]}},"comments_html":{"IPTCEnvelope":{"CodedCharacterSet":["\u001b%G"]},"IPTCApplication":{"ApplicationRecordVersion":["\u0004"],"DateCreated":["20120521"],"TimeCreated":["090951"],"DigitalCreationDate":["20120521"],"DigitalCreationTime":["090951"],"By-line":["Luna Imaging"]}},"iptc":{"comments":{"IPTCEnvelope":{"CodedCharacterSet":["\u001b%G"]},"IPTCApplication":{"ApplicationRecordVersion":["\u0000\u0004"],"DateCreated":["20120521"],"TimeCreated":["090951"],"DigitalCreationDate":["20120521"],"DigitalCreationTime":["090951"],"By-line":["Luna Imaging"]}},"encoding":"ISO-8859-1"},"jpg":{"exif":{"FILE":{"FileName":"7bc7617e71bdcce69dfd3d78321b0379.jpg","FileDateTime":1522346523,"FileSize":1375464,"FileType":2,"MimeType":"image\/jpeg","SectionsFound":"ANY_TAG, IFD0, EXIF"},"COMPUTED":{"html":"width=\"2482\" height=\"3600\"","Height":3600,"Width":2482,"IsColor":1,"ByteOrderMotorola":0,"ApertureFNumber":"f\/7.1"},"IFD0":{"Make":"Canon","Model":"Canon EOS-1Ds Mark III","Software":"Adobe Photoshop Camera Raw 6.6 (Macintosh)","DateTime":"2012:06:11 12:51:04","Artist":"Luna Imaging","Exif_IFD_Pointer":194},"EXIF":{"ExposureTime":0.0166666666666669995022775907500545145012438297271728515625,"FNumber":7.0999999999999996447286321199499070644378662109375,"ExposureProgram":1,"ISOSpeedRatings":200,"ExifVersion":230,"DateTimeOriginal":"2012:05:21 09:09:51","DateTimeDigitized":"2012:05:21 09:09:51","ShutterSpeedValue":5.9068909999999998916564436512999236583709716796875,"ApertureValue":5.655637999999999721012500231154263019561767578125,"ExposureBiasValue":0,"MaxApertureValue":2.625,"MeteringMode":5,"Flash":0,"FocalLength":50,"SubSecTimeOriginal":99,"SubSecTimeDigitized":99,"FocalPlaneXResolution":3957.71670190270015154965221881866455078125,"FocalPlaneYResolution":3961.90476190480012519401498138904571533203125,"FocalPlaneResolutionUnit":2,"CustomRendered":0,"ExposureMode":1,"WhiteBalance":1,"SceneCaptureType":0,"UndefinedTag:0xA430":"Luna Imaging","UndefinedTag:0xA431":620549,"UndefinedTag:0xA432":["50\/1","50\/1","0\/0","0\/0"],"UndefinedTag:0xA434":"EF50mm f\/2.5 Compact Macro"}}}},"item":{"id":1047,"url":"https:\/\/transcribe.newberry.org\/api\/items\/1047","resource":"items"},"element_texts":[{"html":false,"text":"Completed","element_set":{"id":4,"url":"https:\/\/transcribe.newberry.org\/api\/element_sets\/4","name":"Scripto","resource":"element_sets"},"element":{"id":53,"url":"https:\/\/transcribe.newberry.org\/api\/elements\/53","name":"Status","resource":"elements"}},{"html":false,"text":"had agreed with Colonel Hogan the Superintendant and Agent,\nthat they would emigrate with him during the present Spring; some\nof them however had been desirous of making a crop first and\nputting off going untill fall afterwards; this had been suggested to\nColl. Hogan but he would not listen to it, and said they must not\ndefer the time of their removing beyond the Spring, that the grass\nwould be sufficiently grown then to feed their Poneys upon - they\nmust prepare to start by that time; it would be the best season\nfor them and they ought to avail themselves of the advantage of\nit and be off. That to facilitate their removal he had pro=\n\nmised to interest himself in the procuring if possible the pay\n=ment of their annuity for the present year by that time, but although\nas they had been informed he had endeavored to do so, he had\nnot been successfull, no law having then been past authorising\nand appropriating it. The time contemplated for their removal\nhad also passed, the people in expectation of it had not planted\nand were already in a state of great want on account of it;\nthey were generally both willing and desirous of emigrating, and would\ngo into Camp if the opportunity was afforded them: that owing to\nthat diversity of sentiment ever entertained by men in regard\nto the propriety of particular measures, it was not to be expected\nthat all would be unanimous in the matter, but he thought\nthat those who had hitherto said they would not go might\nby possibility be influenced by the example of the others\ngoing into Camp, if Camps were open'd for them: and although\nsome of this mind might be reluctant yet, he did not think they\nwere spoiled, that is, that their repugnance to emigrating was invincible,\nbut might by such means be overcome.\nHe wished to make particular remarks on one subject\nwhich deeply affected their condition as a people and interests, it\nwas in regard to the quantity of Ardent Spirits that was continually\nintroduced among them. Beyond doubt it was one of the leading\ncauses of their debasement and misery, and tended infinitely\nto the procreation of mischief and disturbance. He was\ndesirous in the event of their going into Camp that the dealers in\nthe commodity might not be allowed to bring or sell it among them;\nin the absence of the cause they would of course be releived from\nthe banefull and destructive effect.\nAnother subject too, he would also invite attention towards.","element_set":{"id":4,"url":"https:\/\/transcribe.newberry.org\/api\/element_sets\/4","name":"Scripto","resource":"element_sets"},"element":{"id":52,"url":"https:\/\/transcribe.newberry.org\/api\/elements\/52","name":"Transcription","resource":"elements"}}],"extended_resources":[]},{"id":69811,"url":"https:\/\/transcribe.newberry.org\/api\/files\/69811","file_urls":{"original":"https:\/\/transcribe.newberry.org\/files\/original\/61ef94bf7425adbd1d66c42c547f1aab.jpg","fullsize":"https:\/\/transcribe.newberry.org\/files\/fullsize\/61ef94bf7425adbd1d66c42c547f1aab.jpg","thumbnail":"https:\/\/transcribe.newberry.org\/files\/thumbnails\/61ef94bf7425adbd1d66c42c547f1aab.jpg","square_thumbnail":"https:\/\/transcribe.newberry.org\/files\/square_thumbnails\/61ef94bf7425adbd1d66c42c547f1aab.jpg"},"added":"2018-03-29T18:02:09+00:00","modified":"2020-04-18T04:47:12+00:00","filename":"61ef94bf7425adbd1d66c42c547f1aab.jpg","authentication":"48cb34be954c6cf79da957128106f0af","has_derivative_image":true,"mime_type":"image\/jpeg","order":null,"original_filename":"Ayer_MS_3217_00006_o2.jpg","size":1406024,"stored":true,"type_os":"JPEG image data, JFIF standard 1.01","metadata":{"mime_type":"image\/jpeg","video":{"dataformat":"jpg","lossless":false,"bits_per_sample":24,"pixel_aspect_ratio":1,"resolution_x":2497,"resolution_y":3600,"compression_ratio":0.052137527996558998000242723946939804591238498687744140625},"comments":{"IPTCEnvelope":{"CodedCharacterSet":["\u001b%G"]},"IPTCApplication":{"ApplicationRecordVersion":["\u0004"],"DateCreated":["20120521"],"TimeCreated":["091006"],"DigitalCreationDate":["20120521"],"DigitalCreationTime":["091006"],"By-line":["Luna Imaging"]}},"comments_html":{"IPTCEnvelope":{"CodedCharacterSet":["\u001b%G"]},"IPTCApplication":{"ApplicationRecordVersion":["\u0004"],"DateCreated":["20120521"],"TimeCreated":["091006"],"DigitalCreationDate":["20120521"],"DigitalCreationTime":["091006"],"By-line":["Luna Imaging"]}},"iptc":{"comments":{"IPTCEnvelope":{"CodedCharacterSet":["\u001b%G"]},"IPTCApplication":{"ApplicationRecordVersion":["\u0000\u0004"],"DateCreated":["20120521"],"TimeCreated":["091006"],"DigitalCreationDate":["20120521"],"DigitalCreationTime":["091006"],"By-line":["Luna Imaging"]}},"encoding":"ISO-8859-1"},"jpg":{"exif":{"FILE":{"FileName":"61ef94bf7425adbd1d66c42c547f1aab.jpg","FileDateTime":1522346523,"FileSize":1406024,"FileType":2,"MimeType":"image\/jpeg","SectionsFound":"ANY_TAG, IFD0, EXIF"},"COMPUTED":{"html":"width=\"2497\" height=\"3600\"","Height":3600,"Width":2497,"IsColor":1,"ByteOrderMotorola":0,"ApertureFNumber":"f\/7.1"},"IFD0":{"Make":"Canon","Model":"Canon EOS-1Ds Mark III","Software":"Adobe Photoshop Camera Raw 6.6 (Macintosh)","DateTime":"2012:06:11 12:51:07","Artist":"Luna Imaging","Exif_IFD_Pointer":194},"EXIF":{"ExposureTime":0.0166666666666669995022775907500545145012438297271728515625,"FNumber":7.0999999999999996447286321199499070644378662109375,"ExposureProgram":1,"ISOSpeedRatings":200,"ExifVersion":230,"DateTimeOriginal":"2012:05:21 09:10:06","DateTimeDigitized":"2012:05:21 09:10:06","ShutterSpeedValue":5.9068909999999998916564436512999236583709716796875,"ApertureValue":5.655637999999999721012500231154263019561767578125,"ExposureBiasValue":0,"MaxApertureValue":2.625,"MeteringMode":5,"Flash":0,"FocalLength":50,"SubSecTimeOriginal":44,"SubSecTimeDigitized":44,"FocalPlaneXResolution":3957.71670190270015154965221881866455078125,"FocalPlaneYResolution":3961.90476190480012519401498138904571533203125,"FocalPlaneResolutionUnit":2,"CustomRendered":0,"ExposureMode":1,"WhiteBalance":1,"SceneCaptureType":0,"UndefinedTag:0xA430":"Luna Imaging","UndefinedTag:0xA431":620549,"UndefinedTag:0xA432":["50\/1","50\/1","0\/0","0\/0"],"UndefinedTag:0xA434":"EF50mm f\/2.5 Compact Macro"}}}},"item":{"id":1047,"url":"https:\/\/transcribe.newberry.org\/api\/items\/1047","resource":"items"},"element_texts":[{"html":false,"text":"Completed","element_set":{"id":4,"url":"https:\/\/transcribe.newberry.org\/api\/element_sets\/4","name":"Scripto","resource":"element_sets"},"element":{"id":53,"url":"https:\/\/transcribe.newberry.org\/api\/elements\/53","name":"Status","resource":"elements"}},{"html":false,"text":"also invite attention towards. Claims were not unfrequently\nset up by their White brethren against the Indians: these too\noften were founded neither in truth nor justice, often where\nnot a cent was due on account of them. To satisfy such demands\ntheir Horses were sometimes seized upon, sometimes their money;\nthis too arbitrarily and without sanction of Law: at other\ntimes they were threatened with the consequences of the Law or\nthe confinement of a Jail, and in such manner their substance\nwas extorted out of them. Oak-fuske Yoholo the prisoner\nlately Killed in Tallassee while attempting to effect his escape,\nhe had every reason to beleive had been excited to anger\nand made mad by some circumstance of this kind.\nTo proceedings so arbitrary and the introducing, and\nselling such floods of Liquor amongst them, he thought a stop\nshould be put; they could then in more order and quiet complete \ntheir necessary arrangements for going away.\nWhen the late hostilities broke out his people were\nengaged in gathering up their Cattle that were dispersed in\nthe woods in order to dispose of them in expectation of their\ndeparture. They had not finished this gathering when news\nof the hostilities reached them, nevertheless they immediately\nquit hunting their Cattle and hastened to the relief of their\nwhite friends; nor did they cease from aiding them untill\nby their exertions most of the deluded and guilty depredators\nupon the lives and property of the Whites in that section\nof country had been either made prisoners and turned over\nto the custody of the Whites, or expelled the neighbourhood\nthrough fear, to places remote and unknown to them, and\nwhere as was supposed the main body of their enemies\nhad secreted themselves and absconded.\n(Hopoethle Yoholo being here asked by the Governor whether he would\nbe willing to continue to lend his usefull aid to the Commanding Genl.\nPatteson, then present at the interview, answer'd) Neah-Micco and\nTuskehenehaw are responsible for the influence of the evil counsels\nthey have been instrumental in disseminating among the Red People:\nby their conduct they have become deeply involved in the creating\nof the present passing events, have been actors in them, and ought\ntherefore to be chargeable with some of the troubles and burthens of\nallaying them. He thought it was in the full power of these","element_set":{"id":4,"url":"https:\/\/transcribe.newberry.org\/api\/element_sets\/4","name":"Scripto","resource":"element_sets"},"element":{"id":52,"url":"https:\/\/transcribe.newberry.org\/api\/elements\/52","name":"Transcription","resource":"elements"}}],"extended_resources":[]},{"id":69812,"url":"https:\/\/transcribe.newberry.org\/api\/files\/69812","file_urls":{"original":"https:\/\/transcribe.newberry.org\/files\/original\/6f16a7d526c4c682df6edf90d2c9f90d.jpg","fullsize":"https:\/\/transcribe.newberry.org\/files\/fullsize\/6f16a7d526c4c682df6edf90d2c9f90d.jpg","thumbnail":"https:\/\/transcribe.newberry.org\/files\/thumbnails\/6f16a7d526c4c682df6edf90d2c9f90d.jpg","square_thumbnail":"https:\/\/transcribe.newberry.org\/files\/square_thumbnails\/6f16a7d526c4c682df6edf90d2c9f90d.jpg"},"added":"2018-03-29T18:02:10+00:00","modified":"2020-05-17T20:02:04+00:00","filename":"6f16a7d526c4c682df6edf90d2c9f90d.jpg","authentication":"f060807b4e83715590e2a0e7efe4ef75","has_derivative_image":true,"mime_type":"image\/jpeg","order":null,"original_filename":"Ayer_MS_3217_00007_o2.jpg","size":1375618,"stored":true,"type_os":"JPEG image data, JFIF standard 1.01","metadata":{"mime_type":"image\/jpeg","video":{"dataformat":"jpg","lossless":false,"bits_per_sample":24,"pixel_aspect_ratio":1,"resolution_x":2511,"resolution_y":3600,"compression_ratio":0.050725622077672997967123791340782190673053264617919921875},"comments":{"IPTCEnvelope":{"CodedCharacterSet":["\u001b%G"]},"IPTCApplication":{"ApplicationRecordVersion":["\u0004"],"DateCreated":["20120521"],"TimeCreated":["091021"],"DigitalCreationDate":["20120521"],"DigitalCreationTime":["091021"],"By-line":["Luna Imaging"]}},"comments_html":{"IPTCEnvelope":{"CodedCharacterSet":["\u001b%G"]},"IPTCApplication":{"ApplicationRecordVersion":["\u0004"],"DateCreated":["20120521"],"TimeCreated":["091021"],"DigitalCreationDate":["20120521"],"DigitalCreationTime":["091021"],"By-line":["Luna Imaging"]}},"iptc":{"comments":{"IPTCEnvelope":{"CodedCharacterSet":["\u001b%G"]},"IPTCApplication":{"ApplicationRecordVersion":["\u0000\u0004"],"DateCreated":["20120521"],"TimeCreated":["091021"],"DigitalCreationDate":["20120521"],"DigitalCreationTime":["091021"],"By-line":["Luna Imaging"]}},"encoding":"ISO-8859-1"},"jpg":{"exif":{"FILE":{"FileName":"6f16a7d526c4c682df6edf90d2c9f90d.jpg","FileDateTime":1522346523,"FileSize":1375618,"FileType":2,"MimeType":"image\/jpeg","SectionsFound":"ANY_TAG, IFD0, EXIF"},"COMPUTED":{"html":"width=\"2511\" height=\"3600\"","Height":3600,"Width":2511,"IsColor":1,"ByteOrderMotorola":0,"ApertureFNumber":"f\/7.1"},"IFD0":{"Make":"Canon","Model":"Canon EOS-1Ds Mark III","Software":"Adobe Photoshop Camera Raw 6.6 (Macintosh)","DateTime":"2012:06:11 12:51:09","Artist":"Luna Imaging","Exif_IFD_Pointer":194},"EXIF":{"ExposureTime":0.0166666666666669995022775907500545145012438297271728515625,"FNumber":7.0999999999999996447286321199499070644378662109375,"ExposureProgram":1,"ISOSpeedRatings":200,"ExifVersion":230,"DateTimeOriginal":"2012:05:21 09:10:21","DateTimeDigitized":"2012:05:21 09:10:21","ShutterSpeedValue":5.9068909999999998916564436512999236583709716796875,"ApertureValue":5.655637999999999721012500231154263019561767578125,"ExposureBiasValue":0,"MaxApertureValue":2.625,"MeteringMode":5,"Flash":0,"FocalLength":50,"SubSecTimeOriginal":63,"SubSecTimeDigitized":63,"FocalPlaneXResolution":3957.71670190270015154965221881866455078125,"FocalPlaneYResolution":3961.90476190480012519401498138904571533203125,"FocalPlaneResolutionUnit":2,"CustomRendered":0,"ExposureMode":1,"WhiteBalance":1,"SceneCaptureType":0,"UndefinedTag:0xA430":"Luna Imaging","UndefinedTag:0xA431":620549,"UndefinedTag:0xA432":["50\/1","50\/1","0\/0","0\/0"],"UndefinedTag:0xA434":"EF50mm f\/2.5 Compact Macro"}}}},"item":{"id":1047,"url":"https:\/\/transcribe.newberry.org\/api\/items\/1047","resource":"items"},"element_texts":[{"html":false,"text":"Completed","element_set":{"id":4,"url":"https:\/\/transcribe.newberry.org\/api\/element_sets\/4","name":"Scripto","resource":"element_sets"},"element":{"id":53,"url":"https:\/\/transcribe.newberry.org\/api\/elements\/53","name":"Status","resource":"elements"}},{"html":false,"text":"by proper exertion to cause the apprehension and delivery of the\nmurderers and other depredators who had been concerned in the\nlate rash, and lamentable outbreak upon their White Brethren of the\nCreek Nation; this exertion ought to be first required and demanded\nof them, after which if they turned a deaf ear and refused, and the\nGeneral called upon him, although the Horses belonging to his people\nwere much worsted by the fatigues of their late service and enter=\n\nprize, they would again nevertheless cheerfully turn out to his as\n=sistance and help to subdue and take them.\n(Reverting to the subject of their removal beyond the\nMississippi Hopoethla Yoholo said) Captain Walker one of the\nCompany of the contractors who had engaged with the Govern=\n=ment to emigrate them, had conversed some time back with\nhim about their emigration, and had offerd to open Camps for them\nto assemble in, upon condition, that they should only remain in\nCamp one week prior to the commencement of their journey, saying,\nthat he could not keep them in Camp and feed and furnish provi=\n=sions for them longer than that space: that his people would not\nagree to go into Camp upon such conditions, the time limited to them\nwas too short to make their needfull preparations in, therefore\nthey were unwilling to agree to it: lately Captn. Walker had again\nmade his people similar proposals, but as before, they could come\nto no understanding about it. On that occasion Coll. Hogan\nbeing absent they had obtained an interview with Captn. Page; at\nthis interview mention was made to him about the state of their\nLand matters which, although investigations had already been had\nabout them, it appeared by the order of the Government were to be\nhad over again: Captn. Page on that occasion had said to him\nthat there were so many Agents sent by the Government amongst\nthem to hold investigations about the stolen lands they made complaint\nof, and for other purposes, that he did not think it was going\nto do them any good: they would be kept by them untill fall before\ntheir business would be settled; that his people therefore had better\nsell their claims to these controverted lands for whatsoever they\nwere able, even though they might not be able to get the worth\nof them, they had best get something; something was better than no=\n-thing. Then a man with whom at the time he was unac=\n-quainted of middling height and rather thick came up and\naccosted him, saying, he had heard what had been said in the","element_set":{"id":4,"url":"https:\/\/transcribe.newberry.org\/api\/element_sets\/4","name":"Scripto","resource":"element_sets"},"element":{"id":52,"url":"https:\/\/transcribe.newberry.org\/api\/elements\/52","name":"Transcription","resource":"elements"}}],"extended_resources":[]},{"id":69813,"url":"https:\/\/transcribe.newberry.org\/api\/files\/69813","file_urls":{"original":"https:\/\/transcribe.newberry.org\/files\/original\/4eb8127b7ccb1916cfac63a1d0bdae20.jpg","fullsize":"https:\/\/transcribe.newberry.org\/files\/fullsize\/4eb8127b7ccb1916cfac63a1d0bdae20.jpg","thumbnail":"https:\/\/transcribe.newberry.org\/files\/thumbnails\/4eb8127b7ccb1916cfac63a1d0bdae20.jpg","square_thumbnail":"https:\/\/transcribe.newberry.org\/files\/square_thumbnails\/4eb8127b7ccb1916cfac63a1d0bdae20.jpg"},"added":"2018-03-29T18:02:12+00:00","modified":"2020-05-18T04:23:21+00:00","filename":"4eb8127b7ccb1916cfac63a1d0bdae20.jpg","authentication":"344ec66da8bc87c9d97caf4bd6224528","has_derivative_image":true,"mime_type":"image\/jpeg","order":null,"original_filename":"Ayer_MS_3217_00008_o2.jpg","size":1204117,"stored":true,"type_os":"JPEG image data, JFIF standard 1.01","metadata":{"mime_type":"image\/jpeg","video":{"dataformat":"jpg","lossless":false,"bits_per_sample":24,"pixel_aspect_ratio":1,"resolution_x":2493,"resolution_y":3600,"compression_ratio":0.044722147940157996881538338129757903516292572021484375},"comments":{"IPTCEnvelope":{"CodedCharacterSet":["\u001b%G"]},"IPTCApplication":{"ApplicationRecordVersion":["\u0004"],"DateCreated":["20120521"],"TimeCreated":["091031"],"DigitalCreationDate":["20120521"],"DigitalCreationTime":["091031"],"By-line":["Luna Imaging"]}},"comments_html":{"IPTCEnvelope":{"CodedCharacterSet":["\u001b%G"]},"IPTCApplication":{"ApplicationRecordVersion":["\u0004"],"DateCreated":["20120521"],"TimeCreated":["091031"],"DigitalCreationDate":["20120521"],"DigitalCreationTime":["091031"],"By-line":["Luna Imaging"]}},"iptc":{"comments":{"IPTCEnvelope":{"CodedCharacterSet":["\u001b%G"]},"IPTCApplication":{"ApplicationRecordVersion":["\u0000\u0004"],"DateCreated":["20120521"],"TimeCreated":["091031"],"DigitalCreationDate":["20120521"],"DigitalCreationTime":["091031"],"By-line":["Luna Imaging"]}},"encoding":"ISO-8859-1"},"jpg":{"exif":{"FILE":{"FileName":"4eb8127b7ccb1916cfac63a1d0bdae20.jpg","FileDateTime":1522346523,"FileSize":1204117,"FileType":2,"MimeType":"image\/jpeg","SectionsFound":"ANY_TAG, IFD0, EXIF"},"COMPUTED":{"html":"width=\"2493\" height=\"3600\"","Height":3600,"Width":2493,"IsColor":1,"ByteOrderMotorola":0,"ApertureFNumber":"f\/7.1"},"IFD0":{"Make":"Canon","Model":"Canon EOS-1Ds Mark III","Software":"Adobe Photoshop Camera Raw 6.6 (Macintosh)","DateTime":"2012:06:11 12:51:12","Artist":"Luna Imaging","Exif_IFD_Pointer":194},"EXIF":{"ExposureTime":0.0166666666666669995022775907500545145012438297271728515625,"FNumber":7.0999999999999996447286321199499070644378662109375,"ExposureProgram":1,"ISOSpeedRatings":200,"ExifVersion":230,"DateTimeOriginal":"2012:05:21 09:10:31","DateTimeDigitized":"2012:05:21 09:10:31","ShutterSpeedValue":5.9068909999999998916564436512999236583709716796875,"ApertureValue":5.655637999999999721012500231154263019561767578125,"ExposureBiasValue":0,"MaxApertureValue":2.625,"MeteringMode":5,"Flash":0,"FocalLength":50,"SubSecTimeOriginal":41,"SubSecTimeDigitized":41,"FocalPlaneXResolution":3957.71670190270015154965221881866455078125,"FocalPlaneYResolution":3961.90476190480012519401498138904571533203125,"FocalPlaneResolutionUnit":2,"CustomRendered":0,"ExposureMode":1,"WhiteBalance":1,"SceneCaptureType":0,"UndefinedTag:0xA430":"Luna Imaging","UndefinedTag:0xA431":620549,"UndefinedTag:0xA432":["50\/1","50\/1","0\/0","0\/0"],"UndefinedTag:0xA434":"EF50mm f\/2.5 Compact Macro"}}}},"item":{"id":1047,"url":"https:\/\/transcribe.newberry.org\/api\/items\/1047","resource":"items"},"element_texts":[{"html":false,"text":"Completed","element_set":{"id":4,"url":"https:\/\/transcribe.newberry.org\/api\/element_sets\/4","name":"Scripto","resource":"element_sets"},"element":{"id":53,"url":"https:\/\/transcribe.newberry.org\/api\/elements\/53","name":"Status","resource":"elements"}},{"html":false,"text":"matter of their land claims by Captn. Page, and if he liked the talk\nand would sell him the claims he would buy them, doubtfull\nas might be the chances of their recovery: nevertheless he said\nin the event of their selling to him, that he would incur the risk\nof this. Here Captn. Walker who was then present interfered\nand counsel'd his people to agree to this proposal and sell\ntheir claims as was desired, and it was at this period that he\nmade his second offer as last mention'd to open Camps for emi=\n=gration.\n(Being asked what Towns he thought were now willing\nto emigrate he replied) The Town of Tuck-a-batchee, for the most\npart, these were his people, they were in general willing except\nthose about Tuskehenehaw and under his influence, these\nobjected. The other Towns so far as he could learn were those\nof Au-to-see, Cle-wal-la, Tuskegee, Coosawda, Ki-a-\nli-gee, Hatchee-chub-ba, Au-tau-ga, To-war-sa, Part of\nU-fau-la on Tallapoosa, Hickory ground, Little Oak-choi,\nWe-wo-ka, Wockoy, Pok-en-tal-la-has-see, We-o-guf-ka,\nHil-la-bee, Part of Fish Pond, and part of Talla-dega.\nHopoethla Yoholo added in conclusion, that some of the\nCreeks had passed over among the Cherokees, they were composed\nprincipally of Sok-a-pa-toy, Kun-char-tee, Tallassee Hatchee,\nand a portion of Talladega.","element_set":{"id":4,"url":"https:\/\/transcribe.newberry.org\/api\/element_sets\/4","name":"Scripto","resource":"element_sets"},"element":{"id":52,"url":"https:\/\/transcribe.newberry.org\/api\/elements\/52","name":"Transcription","resource":"elements"}}],"extended_resources":[]},{"id":69814,"url":"https:\/\/transcribe.newberry.org\/api\/files\/69814","file_urls":{"original":"https:\/\/transcribe.newberry.org\/files\/original\/c7c396497f8d5f7e6fd197814877ba90.jpg","fullsize":"https:\/\/transcribe.newberry.org\/files\/fullsize\/c7c396497f8d5f7e6fd197814877ba90.jpg","thumbnail":"https:\/\/transcribe.newberry.org\/files\/thumbnails\/c7c396497f8d5f7e6fd197814877ba90.jpg","square_thumbnail":"https:\/\/transcribe.newberry.org\/files\/square_thumbnails\/c7c396497f8d5f7e6fd197814877ba90.jpg"},"added":"2018-03-29T18:02:13+00:00","modified":"2020-03-26T01:45:44+00:00","filename":"c7c396497f8d5f7e6fd197814877ba90.jpg","authentication":"528f902e6baa9650ba4d40f5d22237ee","has_derivative_image":true,"mime_type":"image\/jpeg","order":null,"original_filename":"Ayer_MS_3217_00009_o2.jpg","size":1334294,"stored":true,"type_os":"JPEG image data, JFIF standard 1.01","metadata":{"mime_type":"image\/jpeg","video":{"dataformat":"jpg","lossless":false,"bits_per_sample":24,"pixel_aspect_ratio":1,"resolution_x":3600,"resolution_y":2482,"compression_ratio":0.049776688453159002867298710270915762521326541900634765625},"comments":{"IPTCEnvelope":{"CodedCharacterSet":["\u001b%G"]},"IPTCApplication":{"ApplicationRecordVersion":["\u0004"],"DateCreated":["20120521"],"TimeCreated":["091042"],"DigitalCreationDate":["20120521"],"DigitalCreationTime":["091042"],"By-line":["Luna Imaging"]}},"comments_html":{"IPTCEnvelope":{"CodedCharacterSet":["\u001b%G"]},"IPTCApplication":{"ApplicationRecordVersion":["\u0004"],"DateCreated":["20120521"],"TimeCreated":["091042"],"DigitalCreationDate":["20120521"],"DigitalCreationTime":["091042"],"By-line":["Luna Imaging"]}},"iptc":{"comments":{"IPTCEnvelope":{"CodedCharacterSet":["\u001b%G"]},"IPTCApplication":{"ApplicationRecordVersion":["\u0000\u0004"],"DateCreated":["20120521"],"TimeCreated":["091042"],"DigitalCreationDate":["20120521"],"DigitalCreationTime":["091042"],"By-line":["Luna Imaging"]}},"encoding":"ISO-8859-1"},"jpg":{"exif":{"FILE":{"FileName":"c7c396497f8d5f7e6fd197814877ba90.jpg","FileDateTime":1522346523,"FileSize":1334294,"FileType":2,"MimeType":"image\/jpeg","SectionsFound":"ANY_TAG, IFD0, EXIF"},"COMPUTED":{"html":"width=\"3600\" height=\"2482\"","Height":2482,"Width":3600,"IsColor":1,"ByteOrderMotorola":0,"ApertureFNumber":"f\/7.1"},"IFD0":{"Make":"Canon","Model":"Canon EOS-1Ds Mark III","Software":"Adobe Photoshop Camera Raw 6.6 (Macintosh)","DateTime":"2012:06:11 12:51:14","Artist":"Luna Imaging","Exif_IFD_Pointer":194},"EXIF":{"ExposureTime":0.0166666666666669995022775907500545145012438297271728515625,"FNumber":7.0999999999999996447286321199499070644378662109375,"ExposureProgram":1,"ISOSpeedRatings":200,"ExifVersion":230,"DateTimeOriginal":"2012:05:21 09:10:42","DateTimeDigitized":"2012:05:21 09:10:42","ShutterSpeedValue":5.9068909999999998916564436512999236583709716796875,"ApertureValue":5.655637999999999721012500231154263019561767578125,"ExposureBiasValue":0,"MaxApertureValue":2.625,"MeteringMode":5,"Flash":0,"FocalLength":50,"SubSecTimeOriginal":41,"SubSecTimeDigitized":41,"FocalPlaneXResolution":3957.71670190270015154965221881866455078125,"FocalPlaneYResolution":3961.90476190480012519401498138904571533203125,"FocalPlaneResolutionUnit":2,"CustomRendered":0,"ExposureMode":1,"WhiteBalance":1,"SceneCaptureType":0,"UndefinedTag:0xA430":"Luna Imaging","UndefinedTag:0xA431":620549,"UndefinedTag:0xA432":["50\/1","50\/1","0\/0","0\/0"],"UndefinedTag:0xA434":"EF50mm f\/2.5 Compact Macro"}}}},"item":{"id":1047,"url":"https:\/\/transcribe.newberry.org\/api\/items\/1047","resource":"items"},"element_texts":[{"html":false,"text":"Completed","element_set":{"id":4,"url":"https:\/\/transcribe.newberry.org\/api\/element_sets\/4","name":"Scripto","resource":"element_sets"},"element":{"id":53,"url":"https:\/\/transcribe.newberry.org\/api\/elements\/53","name":"Status","resource":"elements"}},{"html":false,"text":"Substance of a Talk\nbetween\nGovernor C. C. Clay\nand\nHopoethla Yoholo\n30th May 1836\nthis document worthy of a place in his\npaper he is at liberty to publish it\nit contains some fine traits of Indian\nEloquence.","element_set":{"id":4,"url":"https:\/\/transcribe.newberry.org\/api\/element_sets\/4","name":"Scripto","resource":"element_sets"},"element":{"id":52,"url":"https:\/\/transcribe.newberry.org\/api\/elements\/52","name":"Transcription","resource":"elements"}}],"extended_resources":[]}]