[{"id":72418,"url":"https:\/\/transcribe.newberry.org\/api\/files\/72418","file_urls":{"original":"https:\/\/transcribe.newberry.org\/files\/original\/29ac2e29193d1460f08b81ce9f24b5f9.jpg","fullsize":"https:\/\/transcribe.newberry.org\/files\/fullsize\/29ac2e29193d1460f08b81ce9f24b5f9.jpg","thumbnail":"https:\/\/transcribe.newberry.org\/files\/thumbnails\/29ac2e29193d1460f08b81ce9f24b5f9.jpg","square_thumbnail":"https:\/\/transcribe.newberry.org\/files\/square_thumbnails\/29ac2e29193d1460f08b81ce9f24b5f9.jpg"},"added":"2018-04-03T16:12:04+00:00","modified":"2020-04-09T22:16:40+00:00","filename":"29ac2e29193d1460f08b81ce9f24b5f9.jpg","authentication":"747bdc4aa23b6e6b63766217d4ebc5e3","has_derivative_image":true,"mime_type":"image\/jpeg","order":null,"original_filename":"Ayer_MS_374_00001_o2.jpg","size":1433833,"stored":true,"type_os":"JPEG image data, JFIF standard 1.01","metadata":{"mime_type":"image\/jpeg","video":{"dataformat":"jpg","lossless":false,"bits_per_sample":24,"pixel_aspect_ratio":1,"resolution_x":2150,"resolution_y":3600,"compression_ratio":0.061749913867356003016606535993560100905597209930419921875},"comments":{"IPTCEnvelope":{"CodedCharacterSet":["\u001b%G"]},"IPTCApplication":{"ApplicationRecordVersion":[""],"DateCreated":["20120501"],"TimeCreated":["132753+0000"]}},"comments_html":{"IPTCEnvelope":{"CodedCharacterSet":["\u001b%G"]},"IPTCApplication":{"ApplicationRecordVersion":[""],"DateCreated":["20120501"],"TimeCreated":["132753+0000"]}},"iptc":{"comments":{"IPTCEnvelope":{"CodedCharacterSet":["\u001b%G"]},"IPTCApplication":{"ApplicationRecordVersion":["\u0000\u0000"],"DateCreated":["20120501"],"TimeCreated":["132753+0000"]}},"encoding":"ISO-8859-1"},"jpg":{"exif":{"FILE":{"FileName":"29ac2e29193d1460f08b81ce9f24b5f9.jpg","FileDateTime":1522771924,"FileSize":1433833,"FileType":2,"MimeType":"image\/jpeg","SectionsFound":"ANY_TAG, IFD0, EXIF"},"COMPUTED":{"html":"width=\"2150\" height=\"3600\"","Height":3600,"Width":2150,"IsColor":1,"ByteOrderMotorola":0,"CCDWidth":"13mm","ApertureFNumber":"f\/7.1"},"IFD0":{"Make":"Canon","Model":"Canon EOS 5D Mark II","Software":"Adobe Photoshop CS5.1 Macintosh","DateTime":"2012:05:11 13:33:13","Exif_IFD_Pointer":154},"EXIF":{"ExposureTime":0.0166666666666669995022775907500545145012438297271728515625,"FNumber":7.0999999999999996447286321199499070644378662109375,"ExposureProgram":1,"ISOSpeedRatings":200,"ExifVersion":221,"DateTimeOriginal":"2012:05:01 13:27:53","DateTimeDigitized":"2012:05:01 13:27:53","ShutterSpeedValue":5.9068909999999998916564436512999236583709716796875,"ApertureValue":5.655637999999999721012500231154263019561767578125,"ExposureBiasValue":0,"MaxApertureValue":2.625,"MeteringMode":5,"Flash":16,"FocalLength":50,"SubSecTime":20,"SubSecTimeOriginal":20,"SubSecTimeDigitized":20,"ColorSpace":65535,"ExifImageWidth":2082,"ExifImageLength":3486,"FocalPlaneXResolution":3849.21178889649991106125526130199432373046875,"FocalPlaneYResolution":3908.14196242170010009431280195713043212890625,"FocalPlaneResolutionUnit":2,"CustomRendered":0,"ExposureMode":1,"WhiteBalance":1,"SceneCaptureType":0,"UndefinedTag:0xA431":3021505797,"UndefinedTag:0xA432":["50\/1","50\/1","0\/0","0\/0"],"UndefinedTag:0xA434":"EF50mm f\/2.5 Compact Macro"}}}},"item":{"id":1070,"url":"https:\/\/transcribe.newberry.org\/api\/items\/1070","resource":"items"},"element_texts":[{"html":false,"text":"Completed","element_set":{"id":4,"url":"https:\/\/transcribe.newberry.org\/api\/element_sets\/4","name":"Scripto","resource":"element_sets"},"element":{"id":53,"url":"https:\/\/transcribe.newberry.org\/api\/elements\/53","name":"Status","resource":"elements"}},{"html":false,"text":"Mashpee 10 Aug 1775\nRevd & Hond Sir,\nMr Saml Gilbert your Pupil applied to me last fall for Liberty to preach to the Yarmoutth & Portem...ient? Indians which I readily allowed and he hath beheaved in his publick & private character in such a manner as to do honer to your College.\nThe state of our publick affairs have hitherto prevented his receiving any stipend for his services which is 30 ll i.e. pounds word unclear but I hope that in this journey he will meet with Mr. Phillips the Commissioners Treasurer at Norwich and if he has received any money a bill of \u00a322:20 which will be due the 13th of this instant will be paid to M. Gilbert. I write in the greatest haste and can only add that I am with the greatest regard yr. most humb Servt,\nGid. Hawley\nRev.\nDr. Wheelock Presidt. of Dartmouth College.","element_set":{"id":4,"url":"https:\/\/transcribe.newberry.org\/api\/element_sets\/4","name":"Scripto","resource":"element_sets"},"element":{"id":52,"url":"https:\/\/transcribe.newberry.org\/api\/elements\/52","name":"Transcription","resource":"elements"}}],"extended_resources":[]},{"id":72419,"url":"https:\/\/transcribe.newberry.org\/api\/files\/72419","file_urls":{"original":"https:\/\/transcribe.newberry.org\/files\/original\/a0ff415a587bc4eff074628acd65b69d.jpg","fullsize":"https:\/\/transcribe.newberry.org\/files\/fullsize\/a0ff415a587bc4eff074628acd65b69d.jpg","thumbnail":"https:\/\/transcribe.newberry.org\/files\/thumbnails\/a0ff415a587bc4eff074628acd65b69d.jpg","square_thumbnail":"https:\/\/transcribe.newberry.org\/files\/square_thumbnails\/a0ff415a587bc4eff074628acd65b69d.jpg"},"added":"2018-04-03T16:12:05+00:00","modified":"2020-04-09T22:20:25+00:00","filename":"a0ff415a587bc4eff074628acd65b69d.jpg","authentication":"186da3d9af08a121675a896fdfa31223","has_derivative_image":true,"mime_type":"image\/jpeg","order":null,"original_filename":"Ayer_MS_374_00002_o2.jpg","size":1383589,"stored":true,"type_os":"JPEG image data, JFIF standard 1.01","metadata":{"mime_type":"image\/jpeg","video":{"dataformat":"jpg","lossless":false,"bits_per_sample":24,"pixel_aspect_ratio":1,"resolution_x":2150,"resolution_y":3600,"compression_ratio":0.0595860895779500021607333337669842876493930816650390625},"comments":{"IPTCEnvelope":{"CodedCharacterSet":["\u001b%G"]},"IPTCApplication":{"ApplicationRecordVersion":[""],"DateCreated":["20120501"],"TimeCreated":["132802+0000"]}},"comments_html":{"IPTCEnvelope":{"CodedCharacterSet":["\u001b%G"]},"IPTCApplication":{"ApplicationRecordVersion":[""],"DateCreated":["20120501"],"TimeCreated":["132802+0000"]}},"iptc":{"comments":{"IPTCEnvelope":{"CodedCharacterSet":["\u001b%G"]},"IPTCApplication":{"ApplicationRecordVersion":["\u0000\u0000"],"DateCreated":["20120501"],"TimeCreated":["132802+0000"]}},"encoding":"ISO-8859-1"},"jpg":{"exif":{"FILE":{"FileName":"a0ff415a587bc4eff074628acd65b69d.jpg","FileDateTime":1522771924,"FileSize":1383589,"FileType":2,"MimeType":"image\/jpeg","SectionsFound":"ANY_TAG, IFD0, EXIF"},"COMPUTED":{"html":"width=\"2150\" height=\"3600\"","Height":3600,"Width":2150,"IsColor":1,"ByteOrderMotorola":0,"CCDWidth":"13mm","ApertureFNumber":"f\/7.1"},"IFD0":{"Make":"Canon","Model":"Canon EOS 5D Mark II","Software":"Adobe Photoshop CS5.1 Macintosh","DateTime":"2012:05:11 13:33:14","Exif_IFD_Pointer":154},"EXIF":{"ExposureTime":0.0166666666666669995022775907500545145012438297271728515625,"FNumber":7.0999999999999996447286321199499070644378662109375,"ExposureProgram":1,"ISOSpeedRatings":200,"ExifVersion":221,"DateTimeOriginal":"2012:05:01 13:28:02","DateTimeDigitized":"2012:05:01 13:28:02","ShutterSpeedValue":5.9068909999999998916564436512999236583709716796875,"ApertureValue":5.655637999999999721012500231154263019561767578125,"ExposureBiasValue":0,"MaxApertureValue":2.625,"MeteringMode":5,"Flash":16,"FocalLength":50,"SubSecTime":91,"SubSecTimeOriginal":91,"SubSecTimeDigitized":91,"ColorSpace":65535,"ExifImageWidth":2082,"ExifImageLength":3486,"FocalPlaneXResolution":3849.21178889649991106125526130199432373046875,"FocalPlaneYResolution":3908.14196242170010009431280195713043212890625,"FocalPlaneResolutionUnit":2,"CustomRendered":0,"ExposureMode":1,"WhiteBalance":1,"SceneCaptureType":0,"UndefinedTag:0xA431":3021505797,"UndefinedTag:0xA432":["50\/1","50\/1","0\/0","0\/0"],"UndefinedTag:0xA434":"EF50mm f\/2.5 Compact Macro"}}}},"item":{"id":1070,"url":"https:\/\/transcribe.newberry.org\/api\/items\/1070","resource":"items"},"element_texts":[{"html":false,"text":"Completed","element_set":{"id":4,"url":"https:\/\/transcribe.newberry.org\/api\/element_sets\/4","name":"Scripto","resource":"element_sets"},"element":{"id":53,"url":"https:\/\/transcribe.newberry.org\/api\/elements\/53","name":"Status","resource":"elements"}},{"html":false,"text":"To\nThe Rev.\nDr. Wheelock Presidt.\nDartmouth College\np[er] Favor\nMr Gilbert\nFrom Mr Gid Hawley\nAug. 10. 1775 written vertically on right","element_set":{"id":4,"url":"https:\/\/transcribe.newberry.org\/api\/element_sets\/4","name":"Scripto","resource":"element_sets"},"element":{"id":52,"url":"https:\/\/transcribe.newberry.org\/api\/elements\/52","name":"Transcription","resource":"elements"}}],"extended_resources":[]},{"id":72420,"url":"https:\/\/transcribe.newberry.org\/api\/files\/72420","file_urls":{"original":"https:\/\/transcribe.newberry.org\/files\/original\/c25e402cfdf46582eca2e6e289484129.jpg","fullsize":"https:\/\/transcribe.newberry.org\/files\/fullsize\/c25e402cfdf46582eca2e6e289484129.jpg","thumbnail":"https:\/\/transcribe.newberry.org\/files\/thumbnails\/c25e402cfdf46582eca2e6e289484129.jpg","square_thumbnail":"https:\/\/transcribe.newberry.org\/files\/square_thumbnails\/c25e402cfdf46582eca2e6e289484129.jpg"},"added":"2018-04-03T16:12:06+00:00","modified":"2020-04-09T22:29:27+00:00","filename":"c25e402cfdf46582eca2e6e289484129.jpg","authentication":"9da3d6182d99d0360bb61efc5f3533d6","has_derivative_image":true,"mime_type":"image\/jpeg","order":null,"original_filename":"Ayer_MS_374_00003_o2.jpg","size":1479169,"stored":true,"type_os":"JPEG image data, JFIF standard 1.01","metadata":{"mime_type":"image\/jpeg","video":{"dataformat":"jpg","lossless":false,"bits_per_sample":24,"pixel_aspect_ratio":1,"resolution_x":2283,"resolution_y":3600,"compression_ratio":0.059991280154443001049191508400326711125671863555908203125},"comments":{"IPTCEnvelope":{"CodedCharacterSet":["\u001b%G"]},"IPTCApplication":{"ApplicationRecordVersion":[""],"DateCreated":["20120501"],"TimeCreated":["132820+0000"]}},"comments_html":{"IPTCEnvelope":{"CodedCharacterSet":["\u001b%G"]},"IPTCApplication":{"ApplicationRecordVersion":[""],"DateCreated":["20120501"],"TimeCreated":["132820+0000"]}},"iptc":{"comments":{"IPTCEnvelope":{"CodedCharacterSet":["\u001b%G"]},"IPTCApplication":{"ApplicationRecordVersion":["\u0000\u0000"],"DateCreated":["20120501"],"TimeCreated":["132820+0000"]}},"encoding":"ISO-8859-1"},"jpg":{"exif":{"FILE":{"FileName":"c25e402cfdf46582eca2e6e289484129.jpg","FileDateTime":1522771924,"FileSize":1479169,"FileType":2,"MimeType":"image\/jpeg","SectionsFound":"ANY_TAG, IFD0, EXIF"},"COMPUTED":{"html":"width=\"2283\" height=\"3600\"","Height":3600,"Width":2283,"IsColor":1,"ByteOrderMotorola":0,"CCDWidth":"14mm","ApertureFNumber":"f\/7.1"},"IFD0":{"Make":"Canon","Model":"Canon EOS 5D Mark II","Software":"Adobe Photoshop CS5.1 Macintosh","DateTime":"2012:05:11 13:33:15","Exif_IFD_Pointer":154},"EXIF":{"ExposureTime":0.0166666666666669995022775907500545145012438297271728515625,"FNumber":7.0999999999999996447286321199499070644378662109375,"ExposureProgram":1,"ISOSpeedRatings":200,"ExifVersion":221,"DateTimeOriginal":"2012:05:01 13:28:20","DateTimeDigitized":"2012:05:01 13:28:20","ShutterSpeedValue":5.9068909999999998916564436512999236583709716796875,"ApertureValue":5.655637999999999721012500231154263019561767578125,"ExposureBiasValue":0,"MaxApertureValue":2.625,"MeteringMode":5,"Flash":16,"FocalLength":50,"SubSecTime":34,"SubSecTimeOriginal":34,"SubSecTimeDigitized":34,"ColorSpace":65535,"ExifImageWidth":2235,"ExifImageLength":3524,"FocalPlaneXResolution":3849.21178889649991106125526130199432373046875,"FocalPlaneYResolution":3908.14196242170010009431280195713043212890625,"FocalPlaneResolutionUnit":2,"CustomRendered":0,"ExposureMode":1,"WhiteBalance":1,"SceneCaptureType":0,"UndefinedTag:0xA431":3021505797,"UndefinedTag:0xA432":["50\/1","50\/1","0\/0","0\/0"],"UndefinedTag:0xA434":"EF50mm f\/2.5 Compact Macro"}}}},"item":{"id":1070,"url":"https:\/\/transcribe.newberry.org\/api\/items\/1070","resource":"items"},"element_texts":[{"html":false,"text":"Completed","element_set":{"id":4,"url":"https:\/\/transcribe.newberry.org\/api\/element_sets\/4","name":"Scripto","resource":"element_sets"},"element":{"id":53,"url":"https:\/\/transcribe.newberry.org\/api\/elements\/53","name":"Status","resource":"elements"}},{"html":false,"text":"Mashpee, Dec. 31, 1770\nSir,\nI once promised to give you some instances of longevity, which I have known among the Indians of my acquaintance, and therefore make no apology for troubling you with the following account of the long lives of some of my people. I may first observe that Indians keep no register of their births, but their ages may be determined with in a year or two by comparing with them the ages of their English neighbours or some remarkable event, which we can ascertain the date of. This is the measure I have used.\nThe Popmunnuck family in first in dignity among my people and affords the most instances of longevity. \nPopmunnuck appeared as first of this tribe in the year 1648 and lived till after 1680. He left at least three sons, but I am \"not\" crossed out able to give the christian names of only Simon and Caleb.\nSimon succeeded Mr. Richard Bourn as pastor to this Church and lived till \"about\" crossed off 1720 when he was a very old man. Three of his children were living when I came here in 1757 viz Isaac, Experience and Josiah. Issac for many years\nx Simon might live till 1727. Mr. Joseph Boum succeeded him and he was not ordained before Dec. 1729. Simon was not able to preach sometime before his Death--Mr. Bourn relinquish'd his Mission in 1742, at his own request--- written vertically in left margin","element_set":{"id":4,"url":"https:\/\/transcribe.newberry.org\/api\/element_sets\/4","name":"Scripto","resource":"element_sets"},"element":{"id":52,"url":"https:\/\/transcribe.newberry.org\/api\/elements\/52","name":"Transcription","resource":"elements"}}],"extended_resources":[]},{"id":72421,"url":"https:\/\/transcribe.newberry.org\/api\/files\/72421","file_urls":{"original":"https:\/\/transcribe.newberry.org\/files\/original\/65c6871bdbcf2cc61e73a16d0c140e65.jpg","fullsize":"https:\/\/transcribe.newberry.org\/files\/fullsize\/65c6871bdbcf2cc61e73a16d0c140e65.jpg","thumbnail":"https:\/\/transcribe.newberry.org\/files\/thumbnails\/65c6871bdbcf2cc61e73a16d0c140e65.jpg","square_thumbnail":"https:\/\/transcribe.newberry.org\/files\/square_thumbnails\/65c6871bdbcf2cc61e73a16d0c140e65.jpg"},"added":"2018-04-03T16:12:07+00:00","modified":"2020-04-09T22:42:01+00:00","filename":"65c6871bdbcf2cc61e73a16d0c140e65.jpg","authentication":"b2acc57a4a3c66cce51c15731b9ee6fd","has_derivative_image":true,"mime_type":"image\/jpeg","order":null,"original_filename":"Ayer_MS_374_00004_o2.jpg","size":1637524,"stored":true,"type_os":"JPEG image data, JFIF standard 1.01","metadata":{"mime_type":"image\/jpeg","video":{"dataformat":"jpg","lossless":false,"bits_per_sample":24,"pixel_aspect_ratio":1,"resolution_x":2405,"resolution_y":3600,"compression_ratio":0.06304473704473699535721920028663589619100093841552734375},"comments":{"IPTCEnvelope":{"CodedCharacterSet":["\u001b%G"]},"IPTCApplication":{"ApplicationRecordVersion":[""],"DateCreated":["20120501"],"TimeCreated":["132839+0000"]}},"comments_html":{"IPTCEnvelope":{"CodedCharacterSet":["\u001b%G"]},"IPTCApplication":{"ApplicationRecordVersion":[""],"DateCreated":["20120501"],"TimeCreated":["132839+0000"]}},"iptc":{"comments":{"IPTCEnvelope":{"CodedCharacterSet":["\u001b%G"]},"IPTCApplication":{"ApplicationRecordVersion":["\u0000\u0000"],"DateCreated":["20120501"],"TimeCreated":["132839+0000"]}},"encoding":"ISO-8859-1"},"jpg":{"exif":{"FILE":{"FileName":"65c6871bdbcf2cc61e73a16d0c140e65.jpg","FileDateTime":1522771924,"FileSize":1637524,"FileType":2,"MimeType":"image\/jpeg","SectionsFound":"ANY_TAG, IFD0, EXIF"},"COMPUTED":{"html":"width=\"2405\" height=\"3600\"","Height":3600,"Width":2405,"IsColor":1,"ByteOrderMotorola":0,"CCDWidth":"15mm","ApertureFNumber":"f\/7.1"},"IFD0":{"Make":"Canon","Model":"Canon EOS 5D Mark II","Software":"Adobe Photoshop CS5.1 Macintosh","DateTime":"2012:05:11 13:33:16","Exif_IFD_Pointer":154},"EXIF":{"ExposureTime":0.0166666666666669995022775907500545145012438297271728515625,"FNumber":7.0999999999999996447286321199499070644378662109375,"ExposureProgram":1,"ISOSpeedRatings":200,"ExifVersion":221,"DateTimeOriginal":"2012:05:01 13:28:39","DateTimeDigitized":"2012:05:01 13:28:39","ShutterSpeedValue":5.9068909999999998916564436512999236583709716796875,"ApertureValue":5.655637999999999721012500231154263019561767578125,"ExposureBiasValue":0,"MaxApertureValue":2.625,"MeteringMode":5,"Flash":16,"FocalLength":50,"SubSecTime":21,"SubSecTimeOriginal":21,"SubSecTimeDigitized":21,"ColorSpace":65535,"ExifImageWidth":2361,"ExifImageLength":3534,"FocalPlaneXResolution":3849.21178889649991106125526130199432373046875,"FocalPlaneYResolution":3908.14196242170010009431280195713043212890625,"FocalPlaneResolutionUnit":2,"CustomRendered":0,"ExposureMode":1,"WhiteBalance":1,"SceneCaptureType":0,"UndefinedTag:0xA431":3021505797,"UndefinedTag:0xA432":["50\/1","50\/1","0\/0","0\/0"],"UndefinedTag:0xA434":"EF50mm f\/2.5 Compact Macro"}}}},"item":{"id":1070,"url":"https:\/\/transcribe.newberry.org\/api\/items\/1070","resource":"items"},"element_texts":[{"html":false,"text":"Completed","element_set":{"id":4,"url":"https:\/\/transcribe.newberry.org\/api\/element_sets\/4","name":"Scripto","resource":"element_sets"},"element":{"id":53,"url":"https:\/\/transcribe.newberry.org\/api\/elements\/53","name":"Status","resource":"elements"}},{"html":false,"text":"years was a deacon of this Church & an Indian magistrate of great reputation. He was blind when I first saw him and died in April 1758 when he could not be less than Eighty three. He never had but one Son that I heard of, who died October 1767 aged about 67 having the same year appeared as the Speaker & cheif of his tribe upon a publick occasion.\nExperience sister to Isaac died Novr 1767 having been blind \"for\" crossed out many years. I saw her spin[n]ing once, when her sight could scarcely distinguish the day from night; which was in the year 1759. She could not be less than Fourscore and five at her death. Josiah her brother lived till last March, when he died being about Fourscore & five years old. He had been a schoolmaster and taught a school of Indian children after I came to this mission: But he was blind several years before his death-- I return to\nCaleb Popmunnuck son of the first sachem and Simon brother, who was \"for\" crossed off many years a famous Indian magistrate. I have seen the tree where it is said delinquents were ordered by him to be bound & chastized. He lived to be a very old man; and left one Son, who was living when I came here, and died in my neighbourhood, in January 1767; when he could not be less than Fourscore & ten. He for many years when by the name of Old Zephaniah. We have two Persons of the Popmunnucks, a man and his sister, now living, near or quite eighty years old-- My good Deacon Popmunnuck, however, died 22 October last, when he was about fifty \"had but just turned fifty\" crossed out: being a sober wellbeheaved man, his death is a great & irreparable loss. He was a great help to me.--","element_set":{"id":4,"url":"https:\/\/transcribe.newberry.org\/api\/element_sets\/4","name":"Scripto","resource":"element_sets"},"element":{"id":52,"url":"https:\/\/transcribe.newberry.org\/api\/elements\/52","name":"Transcription","resource":"elements"}}],"extended_resources":[]},{"id":72422,"url":"https:\/\/transcribe.newberry.org\/api\/files\/72422","file_urls":{"original":"https:\/\/transcribe.newberry.org\/files\/original\/5386f2a67e9244ef782c6b50b64a41fd.jpg","fullsize":"https:\/\/transcribe.newberry.org\/files\/fullsize\/5386f2a67e9244ef782c6b50b64a41fd.jpg","thumbnail":"https:\/\/transcribe.newberry.org\/files\/thumbnails\/5386f2a67e9244ef782c6b50b64a41fd.jpg","square_thumbnail":"https:\/\/transcribe.newberry.org\/files\/square_thumbnails\/5386f2a67e9244ef782c6b50b64a41fd.jpg"},"added":"2018-04-03T16:12:09+00:00","modified":"2020-04-09T22:56:21+00:00","filename":"5386f2a67e9244ef782c6b50b64a41fd.jpg","authentication":"7d6c365bd83a2e5139c265bacca60176","has_derivative_image":true,"mime_type":"image\/jpeg","order":null,"original_filename":"Ayer_MS_374_00005_o2.jpg","size":1621619,"stored":true,"type_os":"JPEG image data, JFIF standard 1.01","metadata":{"mime_type":"image\/jpeg","video":{"dataformat":"jpg","lossless":false,"bits_per_sample":24,"pixel_aspect_ratio":1,"resolution_x":2363,"resolution_y":3600,"compression_ratio":0.06354206830613899625870288900841842405498027801513671875},"comments":{"IPTCEnvelope":{"CodedCharacterSet":["\u001b%G"]},"IPTCApplication":{"ApplicationRecordVersion":[""],"DateCreated":["20120501"],"TimeCreated":["132857+0000"]}},"comments_html":{"IPTCEnvelope":{"CodedCharacterSet":["\u001b%G"]},"IPTCApplication":{"ApplicationRecordVersion":[""],"DateCreated":["20120501"],"TimeCreated":["132857+0000"]}},"iptc":{"comments":{"IPTCEnvelope":{"CodedCharacterSet":["\u001b%G"]},"IPTCApplication":{"ApplicationRecordVersion":["\u0000\u0000"],"DateCreated":["20120501"],"TimeCreated":["132857+0000"]}},"encoding":"ISO-8859-1"},"jpg":{"exif":{"FILE":{"FileName":"5386f2a67e9244ef782c6b50b64a41fd.jpg","FileDateTime":1522771924,"FileSize":1621619,"FileType":2,"MimeType":"image\/jpeg","SectionsFound":"ANY_TAG, IFD0, EXIF"},"COMPUTED":{"html":"width=\"2363\" height=\"3600\"","Height":3600,"Width":2363,"IsColor":1,"ByteOrderMotorola":0,"CCDWidth":"15mm","ApertureFNumber":"f\/7.1"},"IFD0":{"Make":"Canon","Model":"Canon EOS 5D Mark II","Software":"Adobe Photoshop CS5.1 Macintosh","DateTime":"2012:05:11 13:33:17","Exif_IFD_Pointer":154},"EXIF":{"ExposureTime":0.0166666666666669995022775907500545145012438297271728515625,"FNumber":7.0999999999999996447286321199499070644378662109375,"ExposureProgram":1,"ISOSpeedRatings":200,"ExifVersion":221,"DateTimeOriginal":"2012:05:01 13:28:57","DateTimeDigitized":"2012:05:01 13:28:57","ShutterSpeedValue":5.9068909999999998916564436512999236583709716796875,"ApertureValue":5.655637999999999721012500231154263019561767578125,"ExposureBiasValue":0,"MaxApertureValue":2.625,"MeteringMode":5,"Flash":16,"FocalLength":50,"SubSecTime":4,"SubSecTimeOriginal":4,"SubSecTimeDigitized":4,"ColorSpace":65535,"ExifImageWidth":2328,"ExifImageLength":3546,"FocalPlaneXResolution":3849.21178889649991106125526130199432373046875,"FocalPlaneYResolution":3908.14196242170010009431280195713043212890625,"FocalPlaneResolutionUnit":2,"CustomRendered":0,"ExposureMode":1,"WhiteBalance":1,"SceneCaptureType":0,"UndefinedTag:0xA431":3021505797,"UndefinedTag:0xA432":["50\/1","50\/1","0\/0","0\/0"],"UndefinedTag:0xA434":"EF50mm f\/2.5 Compact Macro"}}}},"item":{"id":1070,"url":"https:\/\/transcribe.newberry.org\/api\/items\/1070","resource":"items"},"element_texts":[{"html":false,"text":"Completed","element_set":{"id":4,"url":"https:\/\/transcribe.newberry.org\/api\/element_sets\/4","name":"Scripto","resource":"element_sets"},"element":{"id":53,"url":"https:\/\/transcribe.newberry.org\/api\/elements\/53","name":"Status","resource":"elements"}},{"html":false,"text":"I will mention a few more instances of great age, who were not related to the sachems family, that I know of.\nIn 1759 died Mercy Richards, aged as was supposed Ninety years. She left a sister, Deborah Wampum, by estimation now above Fourscore, who is likely to live many years.\nIn 1763 died widow Peage about Ninety years of age. A year or two before her death, in the begin[n]ing of March, came up a snow Storm attended with a wind, which soon carried away the roof of her wigwam. The old squaw was alone. After the storm on the next day, one of her neighbours being anxious for her health went to see how she had weathered it.\"the storm.\" crossed out She found her bed, on which she lay, covered with a bank of snow, and so deep that there was no appearance of her blankets, which covered her. However she answered from under the snow, with the voice of health, vigor & cheerfulness.---- In 1765 died Widow Absolom aged about Ninety.\nI can give only these instances of longevity among my people except it is that of Old Timothy Right, who is in his 86th year, and whom I married, the week before last, to a squaw under fifty. Timothy is a very sensible man, but hath not been remarkable for his temperance. I heard one of his cotempories among the English say \"that Tim. Right had drank many a hogshead of rum\". However, he has rarely drank to intoxication, and has many qualities that have always made him respectable among Indians & English. The begining of this month, at the court of quarter Sessions, he, upon oath, gave an evidence to a fact?, said to be Fourscore years old, of which he was an eyewitness. A rare Instance!\nAltho\n\n Isaac Jones aged 84.","element_set":{"id":4,"url":"https:\/\/transcribe.newberry.org\/api\/element_sets\/4","name":"Scripto","resource":"element_sets"},"element":{"id":52,"url":"https:\/\/transcribe.newberry.org\/api\/elements\/52","name":"Transcription","resource":"elements"}}],"extended_resources":[]},{"id":72423,"url":"https:\/\/transcribe.newberry.org\/api\/files\/72423","file_urls":{"original":"https:\/\/transcribe.newberry.org\/files\/original\/0e139ccc03fda4d5d57e9cf23d1037d2.jpg","fullsize":"https:\/\/transcribe.newberry.org\/files\/fullsize\/0e139ccc03fda4d5d57e9cf23d1037d2.jpg","thumbnail":"https:\/\/transcribe.newberry.org\/files\/thumbnails\/0e139ccc03fda4d5d57e9cf23d1037d2.jpg","square_thumbnail":"https:\/\/transcribe.newberry.org\/files\/square_thumbnails\/0e139ccc03fda4d5d57e9cf23d1037d2.jpg"},"added":"2018-04-03T16:12:10+00:00","modified":"2020-04-09T23:10:50+00:00","filename":"0e139ccc03fda4d5d57e9cf23d1037d2.jpg","authentication":"2ff6cf50d1da9c9c3deedd286da53a17","has_derivative_image":true,"mime_type":"image\/jpeg","order":null,"original_filename":"Ayer_MS_374_00006_o2.jpg","size":1544218,"stored":true,"type_os":"JPEG image data, JFIF standard 1.01","metadata":{"mime_type":"image\/jpeg","video":{"dataformat":"jpg","lossless":false,"bits_per_sample":24,"pixel_aspect_ratio":1,"resolution_x":2255,"resolution_y":3600,"compression_ratio":0.063407161041307003035427669601631350815296173095703125},"comments":{"IPTCEnvelope":{"CodedCharacterSet":["\u001b%G"]},"IPTCApplication":{"ApplicationRecordVersion":[""],"DateCreated":["20120501"],"TimeCreated":["132944+0000"]}},"comments_html":{"IPTCEnvelope":{"CodedCharacterSet":["\u001b%G"]},"IPTCApplication":{"ApplicationRecordVersion":[""],"DateCreated":["20120501"],"TimeCreated":["132944+0000"]}},"iptc":{"comments":{"IPTCEnvelope":{"CodedCharacterSet":["\u001b%G"]},"IPTCApplication":{"ApplicationRecordVersion":["\u0000\u0000"],"DateCreated":["20120501"],"TimeCreated":["132944+0000"]}},"encoding":"ISO-8859-1"},"jpg":{"exif":{"FILE":{"FileName":"0e139ccc03fda4d5d57e9cf23d1037d2.jpg","FileDateTime":1522771924,"FileSize":1544218,"FileType":2,"MimeType":"image\/jpeg","SectionsFound":"ANY_TAG, IFD0, EXIF"},"COMPUTED":{"html":"width=\"2255\" height=\"3600\"","Height":3600,"Width":2255,"IsColor":1,"ByteOrderMotorola":0,"CCDWidth":"14mm","ApertureFNumber":"f\/7.1"},"IFD0":{"Make":"Canon","Model":"Canon EOS 5D Mark II","Software":"Adobe Photoshop CS5.1 Macintosh","DateTime":"2012:05:11 13:33:18","Exif_IFD_Pointer":154},"EXIF":{"ExposureTime":0.0166666666666669995022775907500545145012438297271728515625,"FNumber":7.0999999999999996447286321199499070644378662109375,"ExposureProgram":1,"ISOSpeedRatings":200,"ExifVersion":221,"DateTimeOriginal":"2012:05:01 13:29:44","DateTimeDigitized":"2012:05:01 13:29:44","ShutterSpeedValue":5.9068909999999998916564436512999236583709716796875,"ApertureValue":5.655637999999999721012500231154263019561767578125,"ExposureBiasValue":0,"MaxApertureValue":2.625,"MeteringMode":5,"Flash":16,"FocalLength":50,"SubSecTime":67,"SubSecTimeOriginal":67,"SubSecTimeDigitized":67,"ColorSpace":65535,"ExifImageWidth":2229,"ExifImageLength":3557,"FocalPlaneXResolution":3849.21178889649991106125526130199432373046875,"FocalPlaneYResolution":3908.14196242170010009431280195713043212890625,"FocalPlaneResolutionUnit":2,"CustomRendered":0,"ExposureMode":1,"WhiteBalance":1,"SceneCaptureType":0,"UndefinedTag:0xA431":3021505797,"UndefinedTag:0xA432":["50\/1","50\/1","0\/0","0\/0"],"UndefinedTag:0xA434":"EF50mm f\/2.5 Compact Macro"}}}},"item":{"id":1070,"url":"https:\/\/transcribe.newberry.org\/api\/items\/1070","resource":"items"},"element_texts":[{"html":false,"text":"Completed","element_set":{"id":4,"url":"https:\/\/transcribe.newberry.org\/api\/element_sets\/4","name":"Scripto","resource":"element_sets"},"element":{"id":53,"url":"https:\/\/transcribe.newberry.org\/api\/elements\/53","name":"Status","resource":"elements"}},{"html":false,"text":"Altho I have had some acquaintance with the western Indians I have not many instances of great age among them. At Stockbridge Captn Kunkapot* was for many years the oldest man of his tribe. I am not certain how great his age was when he died; but am persuaded that it had not exceeded Eighty. \nOf Johnson's Mohawks * Abraham, a brother of the famous Hendrick, was the oldest of his tribe. I saw him in 1756, a few months before his death; when he did not appear to be Threescore & ten-- I saw a sister of theirs in 1765 who appeared to be above Seventy and is probably yet living\nAmong the Onohoqugas I never saw one of their men who had arrived to Threescore. Whither the small pox carried off their old men in the year 1745 I am not able to say-- There is a village of Tuskaroras near Onohoquaga where I have seen very old persons, both male & female, who were born in N. Carolina, near the sea shore, and from whence they removed about the year 1711 and settled where I found them.\nI am, with great Sincerity, \nRev Sir,\nyour most humble Servt\nGideon Hawley\n\n Kunkapot was very sober & temperate, all his days & He was remarkable on his stability.\n Abraham was a sober man and charity obliges me to think he died a good Christian. He was carried off by a fever, which that year prevailed among his tribe and was fatal to many.\nTo the Honle. Dr. Nathl Freeman, Sandwich\nfrom his Friend. G. Hawley\nMarch 1st 1793.\nMr. Hawleys Letter. 1793 vertically in right margin","element_set":{"id":4,"url":"https:\/\/transcribe.newberry.org\/api\/element_sets\/4","name":"Scripto","resource":"element_sets"},"element":{"id":52,"url":"https:\/\/transcribe.newberry.org\/api\/elements\/52","name":"Transcription","resource":"elements"}}],"extended_resources":[]}]