[{"id":72698,"url":"https:\/\/transcribe.newberry.org\/api\/files\/72698","file_urls":{"original":"https:\/\/transcribe.newberry.org\/files\/original\/e0b1baca390a6a09420b17d8f308a814.jpg","fullsize":"https:\/\/transcribe.newberry.org\/files\/fullsize\/e0b1baca390a6a09420b17d8f308a814.jpg","thumbnail":"https:\/\/transcribe.newberry.org\/files\/thumbnails\/e0b1baca390a6a09420b17d8f308a814.jpg","square_thumbnail":"https:\/\/transcribe.newberry.org\/files\/square_thumbnails\/e0b1baca390a6a09420b17d8f308a814.jpg"},"added":"2018-04-03T16:28:20+00:00","modified":"2020-04-04T21:15:45+00:00","filename":"e0b1baca390a6a09420b17d8f308a814.jpg","authentication":"215b8f2884d295e2363bbc5125941b26","has_derivative_image":true,"mime_type":"image\/jpeg","order":null,"original_filename":"Ayer_MS_934_FL001_00001_o2.jpg","size":2410350,"stored":true,"type_os":"JPEG image data, JFIF standard 1.01","metadata":{"mime_type":"image\/jpeg","video":{"dataformat":"jpg","lossless":false,"bits_per_sample":24,"pixel_aspect_ratio":1,"resolution_x":2993,"resolution_y":3600,"compression_ratio":0.0745675093737240002322863574590883217751979827880859375},"comments":{"IPTCEnvelope":{"CodedCharacterSet":["\u001b%G"]},"IPTCApplication":{"ApplicationRecordVersion":["\u0004"],"DateCreated":["20120508"],"TimeCreated":["135212"],"DigitalCreationDate":["20120508"],"DigitalCreationTime":["135212"],"By-line":["Luna Imaging"]}},"comments_html":{"IPTCEnvelope":{"CodedCharacterSet":["\u001b%G"]},"IPTCApplication":{"ApplicationRecordVersion":["\u0004"],"DateCreated":["20120508"],"TimeCreated":["135212"],"DigitalCreationDate":["20120508"],"DigitalCreationTime":["135212"],"By-line":["Luna Imaging"]}},"iptc":{"comments":{"IPTCEnvelope":{"CodedCharacterSet":["\u001b%G"]},"IPTCApplication":{"ApplicationRecordVersion":["\u0000\u0004"],"DateCreated":["20120508"],"TimeCreated":["135212"],"DigitalCreationDate":["20120508"],"DigitalCreationTime":["135212"],"By-line":["Luna Imaging"]}},"encoding":"ISO-8859-1"},"jpg":{"exif":{"FILE":{"FileName":"e0b1baca390a6a09420b17d8f308a814.jpg","FileDateTime":1522772900,"FileSize":2410350,"FileType":2,"MimeType":"image\/jpeg","SectionsFound":"ANY_TAG, IFD0, EXIF"},"COMPUTED":{"html":"width=\"2993\" height=\"3600\"","Height":3600,"Width":2993,"IsColor":1,"ByteOrderMotorola":0,"ApertureFNumber":"f\/7.1"},"IFD0":{"Make":"Canon","Model":"Canon EOS-1Ds Mark III","Software":"Adobe Photoshop Camera Raw 6.5 (Macintosh)","DateTime":"2012:05:18 09:30:05","Artist":"Luna Imaging","Exif_IFD_Pointer":194},"EXIF":{"ExposureTime":0.0166666666666669995022775907500545145012438297271728515625,"FNumber":7.0999999999999996447286321199499070644378662109375,"ExposureProgram":1,"ISOSpeedRatings":200,"ExifVersion":230,"DateTimeOriginal":"2012:05:08 13:52:12","DateTimeDigitized":"2012:05:08 13:52:12","ShutterSpeedValue":5.9068909999999998916564436512999236583709716796875,"ApertureValue":5.655637999999999721012500231154263019561767578125,"ExposureBiasValue":0,"MaxApertureValue":2.625,"MeteringMode":5,"Flash":0,"FocalLength":50,"SubSecTimeOriginal":78,"SubSecTimeDigitized":78,"ColorSpace":65535,"FocalPlaneXResolution":3957.71670190270015154965221881866455078125,"FocalPlaneYResolution":3961.90476190480012519401498138904571533203125,"FocalPlaneResolutionUnit":2,"CustomRendered":0,"ExposureMode":1,"WhiteBalance":1,"SceneCaptureType":0,"UndefinedTag:0xA430":"Luna Imaging","UndefinedTag:0xA431":620549,"UndefinedTag:0xA432":["50\/1","50\/1","0\/0","0\/0"],"UndefinedTag:0xA434":"EF50mm f\/2.5 Compact Macro"}}}},"item":{"id":1076,"url":"https:\/\/transcribe.newberry.org\/api\/items\/1076","resource":"items"},"element_texts":[{"html":false,"text":"Completed","element_set":{"id":4,"url":"https:\/\/transcribe.newberry.org\/api\/element_sets\/4","name":"Scripto","resource":"element_sets"},"element":{"id":53,"url":"https:\/\/transcribe.newberry.org\/api\/elements\/53","name":"Status","resource":"elements"}},{"html":false,"text":"War Department\nSeptember 11 1802?\nSir,\nYour Indian talk has been duly rec. and considered- all appears evident from the general known of Unclear talk, that he and the other chiefs had been? assembled, not so much for the purpose of discussing? the subject of the murder, as for that of being made the instrument of invective and indecent abuse against the President of the United States  - It unclear require all the address, which you and your associates however to induce a belief, that the sentiments delivered by red Jacket relative to your being removed from the Agency, unclear the result of his own reflections, your zeal while dictating the speech carried over quite out of the Indian break, the stile so different from an Indian talk, that you","element_set":{"id":4,"url":"https:\/\/transcribe.newberry.org\/api\/element_sets\/4","name":"Scripto","resource":"element_sets"},"element":{"id":52,"url":"https:\/\/transcribe.newberry.org\/api\/elements\/52","name":"Transcription","resource":"elements"}}],"extended_resources":[]},{"id":72699,"url":"https:\/\/transcribe.newberry.org\/api\/files\/72699","file_urls":{"original":"https:\/\/transcribe.newberry.org\/files\/original\/018f338458ea18e087e7f828373b5da7.jpg","fullsize":"https:\/\/transcribe.newberry.org\/files\/fullsize\/018f338458ea18e087e7f828373b5da7.jpg","thumbnail":"https:\/\/transcribe.newberry.org\/files\/thumbnails\/018f338458ea18e087e7f828373b5da7.jpg","square_thumbnail":"https:\/\/transcribe.newberry.org\/files\/square_thumbnails\/018f338458ea18e087e7f828373b5da7.jpg"},"added":"2018-04-03T16:28:21+00:00","modified":"2020-04-06T00:46:36+00:00","filename":"018f338458ea18e087e7f828373b5da7.jpg","authentication":"e10abbe909b6610b5ff8be749f6a3a35","has_derivative_image":true,"mime_type":"image\/jpeg","order":null,"original_filename":"Ayer_MS_934_FL001_00002_o2.jpg","size":2328314,"stored":true,"type_os":"JPEG image data, JFIF standard 1.01","metadata":{"mime_type":"image\/jpeg","video":{"dataformat":"jpg","lossless":false,"bits_per_sample":24,"pixel_aspect_ratio":1,"resolution_x":2994,"resolution_y":3600,"compression_ratio":0.07200555431851400622900172265872242860496044158935546875},"comments":{"IPTCEnvelope":{"CodedCharacterSet":["\u001b%G"]},"IPTCApplication":{"ApplicationRecordVersion":["\u0004"],"DateCreated":["20120508"],"TimeCreated":["135225"],"DigitalCreationDate":["20120508"],"DigitalCreationTime":["135225"],"By-line":["Luna Imaging"]}},"comments_html":{"IPTCEnvelope":{"CodedCharacterSet":["\u001b%G"]},"IPTCApplication":{"ApplicationRecordVersion":["\u0004"],"DateCreated":["20120508"],"TimeCreated":["135225"],"DigitalCreationDate":["20120508"],"DigitalCreationTime":["135225"],"By-line":["Luna Imaging"]}},"iptc":{"comments":{"IPTCEnvelope":{"CodedCharacterSet":["\u001b%G"]},"IPTCApplication":{"ApplicationRecordVersion":["\u0000\u0004"],"DateCreated":["20120508"],"TimeCreated":["135225"],"DigitalCreationDate":["20120508"],"DigitalCreationTime":["135225"],"By-line":["Luna Imaging"]}},"encoding":"ISO-8859-1"},"jpg":{"exif":{"FILE":{"FileName":"018f338458ea18e087e7f828373b5da7.jpg","FileDateTime":1522772900,"FileSize":2328314,"FileType":2,"MimeType":"image\/jpeg","SectionsFound":"ANY_TAG, IFD0, EXIF"},"COMPUTED":{"html":"width=\"2994\" height=\"3600\"","Height":3600,"Width":2994,"IsColor":1,"ByteOrderMotorola":0,"ApertureFNumber":"f\/7.1"},"IFD0":{"Make":"Canon","Model":"Canon EOS-1Ds Mark III","Software":"Adobe Photoshop Camera Raw 6.5 (Macintosh)","DateTime":"2012:05:18 09:30:05","Artist":"Luna Imaging","Exif_IFD_Pointer":194},"EXIF":{"ExposureTime":0.0166666666666669995022775907500545145012438297271728515625,"FNumber":7.0999999999999996447286321199499070644378662109375,"ExposureProgram":1,"ISOSpeedRatings":200,"ExifVersion":230,"DateTimeOriginal":"2012:05:08 13:52:25","DateTimeDigitized":"2012:05:08 13:52:25","ShutterSpeedValue":5.9068909999999998916564436512999236583709716796875,"ApertureValue":5.655637999999999721012500231154263019561767578125,"ExposureBiasValue":0,"MaxApertureValue":2.625,"MeteringMode":5,"Flash":0,"FocalLength":50,"SubSecTimeOriginal":1,"SubSecTimeDigitized":1,"FocalPlaneXResolution":3957.71670190270015154965221881866455078125,"FocalPlaneYResolution":3961.90476190480012519401498138904571533203125,"FocalPlaneResolutionUnit":2,"CustomRendered":0,"ExposureMode":1,"WhiteBalance":1,"SceneCaptureType":0,"UndefinedTag:0xA430":"Luna Imaging","UndefinedTag:0xA431":620549,"UndefinedTag:0xA432":["50\/1","50\/1","0\/0","0\/0"],"UndefinedTag:0xA434":"EF50mm f\/2.5 Compact Macro"}}}},"item":{"id":1076,"url":"https:\/\/transcribe.newberry.org\/api\/items\/1076","resource":"items"},"element_texts":[{"html":false,"text":"Completed","element_set":{"id":4,"url":"https:\/\/transcribe.newberry.org\/api\/element_sets\/4","name":"Scripto","resource":"element_sets"},"element":{"id":53,"url":"https:\/\/transcribe.newberry.org\/api\/elements\/53","name":"Status","resource":"elements"}},{"html":false,"text":"might so? will have made the talk in your? name, as to have given it so thin a covering, about the same time your talk was received, a talk from other Seneca Chiefs and head men were received by the way of Pittsburgh, in which very different sentiments are expressed to the place of your residence? as an Agent, and gave attention to the concerns of the Indians, complaints have been received from several of the six Nations, in which they have uniformly considered the great distance of your place of residence from them is a grievance, and that your private affairs demanded so large a proportion of your time as to prevent your paying due attention to their interest -- any unclear excited among the Indians by your influence, will be easily traced to its proper source, however artfully managed, the preceding observation have revealed from the apparent disposition evinced in the talks alluded to --","element_set":{"id":4,"url":"https:\/\/transcribe.newberry.org\/api\/element_sets\/4","name":"Scripto","resource":"element_sets"},"element":{"id":52,"url":"https:\/\/transcribe.newberry.org\/api\/elements\/52","name":"Transcription","resource":"elements"}}],"extended_resources":[]},{"id":72700,"url":"https:\/\/transcribe.newberry.org\/api\/files\/72700","file_urls":{"original":"https:\/\/transcribe.newberry.org\/files\/original\/0a6f4b89cc7461d177f77a0001bb547e.jpg","fullsize":"https:\/\/transcribe.newberry.org\/files\/fullsize\/0a6f4b89cc7461d177f77a0001bb547e.jpg","thumbnail":"https:\/\/transcribe.newberry.org\/files\/thumbnails\/0a6f4b89cc7461d177f77a0001bb547e.jpg","square_thumbnail":"https:\/\/transcribe.newberry.org\/files\/square_thumbnails\/0a6f4b89cc7461d177f77a0001bb547e.jpg"},"added":"2018-04-03T16:28:23+00:00","modified":"2020-04-06T00:50:26+00:00","filename":"0a6f4b89cc7461d177f77a0001bb547e.jpg","authentication":"79c7600f039632bdde5120666e52e1c0","has_derivative_image":true,"mime_type":"image\/jpeg","order":null,"original_filename":"Ayer_MS_934_FL001_00003_o2.jpg","size":2402960,"stored":true,"type_os":"JPEG image data, JFIF standard 1.01","metadata":{"mime_type":"image\/jpeg","video":{"dataformat":"jpg","lossless":false,"bits_per_sample":24,"pixel_aspect_ratio":1,"resolution_x":2951,"resolution_y":3600,"compression_ratio":0.0753969150444920022113848290246096439659595489501953125},"comments":{"IPTCEnvelope":{"CodedCharacterSet":["\u001b%G"]},"IPTCApplication":{"ApplicationRecordVersion":["\u0004"],"DateCreated":["20120508"],"TimeCreated":["135238"],"DigitalCreationDate":["20120508"],"DigitalCreationTime":["135238"],"By-line":["Luna Imaging"]}},"comments_html":{"IPTCEnvelope":{"CodedCharacterSet":["\u001b%G"]},"IPTCApplication":{"ApplicationRecordVersion":["\u0004"],"DateCreated":["20120508"],"TimeCreated":["135238"],"DigitalCreationDate":["20120508"],"DigitalCreationTime":["135238"],"By-line":["Luna Imaging"]}},"iptc":{"comments":{"IPTCEnvelope":{"CodedCharacterSet":["\u001b%G"]},"IPTCApplication":{"ApplicationRecordVersion":["\u0000\u0004"],"DateCreated":["20120508"],"TimeCreated":["135238"],"DigitalCreationDate":["20120508"],"DigitalCreationTime":["135238"],"By-line":["Luna Imaging"]}},"encoding":"ISO-8859-1"},"jpg":{"exif":{"FILE":{"FileName":"0a6f4b89cc7461d177f77a0001bb547e.jpg","FileDateTime":1522772900,"FileSize":2402960,"FileType":2,"MimeType":"image\/jpeg","SectionsFound":"ANY_TAG, IFD0, EXIF"},"COMPUTED":{"html":"width=\"2951\" height=\"3600\"","Height":3600,"Width":2951,"IsColor":1,"ByteOrderMotorola":0,"ApertureFNumber":"f\/7.1"},"IFD0":{"Make":"Canon","Model":"Canon EOS-1Ds Mark III","Software":"Adobe Photoshop Camera Raw 6.5 (Macintosh)","DateTime":"2012:05:18 09:30:09","Artist":"Luna Imaging","Exif_IFD_Pointer":194},"EXIF":{"ExposureTime":0.0166666666666669995022775907500545145012438297271728515625,"FNumber":7.0999999999999996447286321199499070644378662109375,"ExposureProgram":1,"ISOSpeedRatings":200,"ExifVersion":230,"DateTimeOriginal":"2012:05:08 13:52:38","DateTimeDigitized":"2012:05:08 13:52:38","ShutterSpeedValue":5.9068909999999998916564436512999236583709716796875,"ApertureValue":5.655637999999999721012500231154263019561767578125,"ExposureBiasValue":0,"MaxApertureValue":2.625,"MeteringMode":5,"Flash":0,"FocalLength":50,"SubSecTimeOriginal":48,"SubSecTimeDigitized":48,"FocalPlaneXResolution":3957.71670190270015154965221881866455078125,"FocalPlaneYResolution":3961.90476190480012519401498138904571533203125,"FocalPlaneResolutionUnit":2,"CustomRendered":0,"ExposureMode":1,"WhiteBalance":1,"SceneCaptureType":0,"UndefinedTag:0xA430":"Luna Imaging","UndefinedTag:0xA431":620549,"UndefinedTag:0xA432":["50\/1","50\/1","0\/0","0\/0"],"UndefinedTag:0xA434":"EF50mm f\/2.5 Compact Macro"}}}},"item":{"id":1076,"url":"https:\/\/transcribe.newberry.org\/api\/items\/1076","resource":"items"},"element_texts":[{"html":false,"text":"Completed","element_set":{"id":4,"url":"https:\/\/transcribe.newberry.org\/api\/element_sets\/4","name":"Scripto","resource":"element_sets"},"element":{"id":53,"url":"https:\/\/transcribe.newberry.org\/api\/elements\/53","name":"Status","resource":"elements"}},{"html":false,"text":"then you were last at the seat of Government in a conversation respecting the emoluments of your Agency, you very clearly intimated that the Agency was no object with you and that the emoluments were trifling compared with the trouble and expense to which it subjected you [unclear] was not sufficiently unclear that you wished to be discharged from the duties of the Office, but I was induced to believe that you would have no objections to the measures -- as to your politicks I have no recollection of ever hearing what they were, but in your letter and talk you have very inequivocally informed me that you are violently opposed to the present administration, and I should have supposed that the self respect and pride of a Gentleman of your standing would have forbid his continuing","element_set":{"id":4,"url":"https:\/\/transcribe.newberry.org\/api\/element_sets\/4","name":"Scripto","resource":"element_sets"},"element":{"id":52,"url":"https:\/\/transcribe.newberry.org\/api\/elements\/52","name":"Transcription","resource":"elements"}}],"extended_resources":[]},{"id":72701,"url":"https:\/\/transcribe.newberry.org\/api\/files\/72701","file_urls":{"original":"https:\/\/transcribe.newberry.org\/files\/original\/c0a8482860387430095b7f86cbf4de8f.jpg","fullsize":"https:\/\/transcribe.newberry.org\/files\/fullsize\/c0a8482860387430095b7f86cbf4de8f.jpg","thumbnail":"https:\/\/transcribe.newberry.org\/files\/thumbnails\/c0a8482860387430095b7f86cbf4de8f.jpg","square_thumbnail":"https:\/\/transcribe.newberry.org\/files\/square_thumbnails\/c0a8482860387430095b7f86cbf4de8f.jpg"},"added":"2018-04-03T16:28:24+00:00","modified":"2020-04-06T00:50:11+00:00","filename":"c0a8482860387430095b7f86cbf4de8f.jpg","authentication":"a134bbdf4a4789696d88faa5e438142b","has_derivative_image":true,"mime_type":"image\/jpeg","order":null,"original_filename":"Ayer_MS_934_FL001_00004_o2.jpg","size":2275014,"stored":true,"type_os":"JPEG image data, JFIF standard 1.01","metadata":{"mime_type":"image\/jpeg","video":{"dataformat":"jpg","lossless":false,"bits_per_sample":24,"pixel_aspect_ratio":1,"resolution_x":2939,"resolution_y":3600,"compression_ratio":0.07167384975993300322283374725884641520678997039794921875},"comments":{"IPTCEnvelope":{"CodedCharacterSet":["\u001b%G"]},"IPTCApplication":{"ApplicationRecordVersion":["\u0004"],"DateCreated":["20120508"],"TimeCreated":["135248"],"DigitalCreationDate":["20120508"],"DigitalCreationTime":["135248"],"By-line":["Luna Imaging"]}},"comments_html":{"IPTCEnvelope":{"CodedCharacterSet":["\u001b%G"]},"IPTCApplication":{"ApplicationRecordVersion":["\u0004"],"DateCreated":["20120508"],"TimeCreated":["135248"],"DigitalCreationDate":["20120508"],"DigitalCreationTime":["135248"],"By-line":["Luna Imaging"]}},"iptc":{"comments":{"IPTCEnvelope":{"CodedCharacterSet":["\u001b%G"]},"IPTCApplication":{"ApplicationRecordVersion":["\u0000\u0004"],"DateCreated":["20120508"],"TimeCreated":["135248"],"DigitalCreationDate":["20120508"],"DigitalCreationTime":["135248"],"By-line":["Luna Imaging"]}},"encoding":"ISO-8859-1"},"jpg":{"exif":{"FILE":{"FileName":"c0a8482860387430095b7f86cbf4de8f.jpg","FileDateTime":1522772900,"FileSize":2275014,"FileType":2,"MimeType":"image\/jpeg","SectionsFound":"ANY_TAG, IFD0, EXIF"},"COMPUTED":{"html":"width=\"2939\" height=\"3600\"","Height":3600,"Width":2939,"IsColor":1,"ByteOrderMotorola":0,"ApertureFNumber":"f\/7.1"},"IFD0":{"Make":"Canon","Model":"Canon EOS-1Ds Mark III","Software":"Adobe Photoshop Camera Raw 6.5 (Macintosh)","DateTime":"2012:05:18 09:30:11","Artist":"Luna Imaging","Exif_IFD_Pointer":194},"EXIF":{"ExposureTime":0.0166666666666669995022775907500545145012438297271728515625,"FNumber":7.0999999999999996447286321199499070644378662109375,"ExposureProgram":1,"ISOSpeedRatings":200,"ExifVersion":230,"DateTimeOriginal":"2012:05:08 13:52:48","DateTimeDigitized":"2012:05:08 13:52:48","ShutterSpeedValue":5.9068909999999998916564436512999236583709716796875,"ApertureValue":5.655637999999999721012500231154263019561767578125,"ExposureBiasValue":0,"MaxApertureValue":2.625,"MeteringMode":5,"Flash":0,"FocalLength":50,"SubSecTimeOriginal":84,"SubSecTimeDigitized":84,"FocalPlaneXResolution":3957.71670190270015154965221881866455078125,"FocalPlaneYResolution":3961.90476190480012519401498138904571533203125,"FocalPlaneResolutionUnit":2,"CustomRendered":0,"ExposureMode":1,"WhiteBalance":1,"SceneCaptureType":0,"UndefinedTag:0xA430":"Luna Imaging","UndefinedTag:0xA431":620549,"UndefinedTag:0xA432":["50\/1","50\/1","0\/0","0\/0"],"UndefinedTag:0xA434":"EF50mm f\/2.5 Compact Macro"}}}},"item":{"id":1076,"url":"https:\/\/transcribe.newberry.org\/api\/items\/1076","resource":"items"},"element_texts":[{"html":false,"text":"Completed","element_set":{"id":4,"url":"https:\/\/transcribe.newberry.org\/api\/element_sets\/4","name":"Scripto","resource":"element_sets"},"element":{"id":53,"url":"https:\/\/transcribe.newberry.org\/api\/elements\/53","name":"Status","resource":"elements"}},{"html":false,"text":"in office under an Administration which he pretended to despise--\nYour Obdt Servt\n[in pencil in another hand: Henry Dearborn Secy War]","element_set":{"id":4,"url":"https:\/\/transcribe.newberry.org\/api\/element_sets\/4","name":"Scripto","resource":"element_sets"},"element":{"id":52,"url":"https:\/\/transcribe.newberry.org\/api\/elements\/52","name":"Transcription","resource":"elements"}}],"extended_resources":[]},{"id":72702,"url":"https:\/\/transcribe.newberry.org\/api\/files\/72702","file_urls":{"original":"https:\/\/transcribe.newberry.org\/files\/original\/75d18501651c7f93542d6afd33fae781.jpg","fullsize":"https:\/\/transcribe.newberry.org\/files\/fullsize\/75d18501651c7f93542d6afd33fae781.jpg","thumbnail":"https:\/\/transcribe.newberry.org\/files\/thumbnails\/75d18501651c7f93542d6afd33fae781.jpg","square_thumbnail":"https:\/\/transcribe.newberry.org\/files\/square_thumbnails\/75d18501651c7f93542d6afd33fae781.jpg"},"added":"2018-04-03T16:28:25+00:00","modified":"2020-04-06T00:51:52+00:00","filename":"75d18501651c7f93542d6afd33fae781.jpg","authentication":"85064a69d26adbb986418ec29ae6ff24","has_derivative_image":true,"mime_type":"image\/jpeg","order":null,"original_filename":"Ayer_MS_934_FL001_00005_o2.jpg","size":2251025,"stored":true,"type_os":"JPEG image data, JFIF standard 1.01","metadata":{"mime_type":"image\/jpeg","video":{"dataformat":"jpg","lossless":false,"bits_per_sample":24,"pixel_aspect_ratio":1,"resolution_x":2963,"resolution_y":3600,"compression_ratio":0.0703436519543509941598813384189270436763763427734375},"comments":{"IPTCEnvelope":{"CodedCharacterSet":["\u001b%G"]},"IPTCApplication":{"ApplicationRecordVersion":["\u0004"],"DateCreated":["20120508"],"TimeCreated":["135301"],"DigitalCreationDate":["20120508"],"DigitalCreationTime":["135301"],"By-line":["Luna Imaging"]}},"comments_html":{"IPTCEnvelope":{"CodedCharacterSet":["\u001b%G"]},"IPTCApplication":{"ApplicationRecordVersion":["\u0004"],"DateCreated":["20120508"],"TimeCreated":["135301"],"DigitalCreationDate":["20120508"],"DigitalCreationTime":["135301"],"By-line":["Luna Imaging"]}},"iptc":{"comments":{"IPTCEnvelope":{"CodedCharacterSet":["\u001b%G"]},"IPTCApplication":{"ApplicationRecordVersion":["\u0000\u0004"],"DateCreated":["20120508"],"TimeCreated":["135301"],"DigitalCreationDate":["20120508"],"DigitalCreationTime":["135301"],"By-line":["Luna Imaging"]}},"encoding":"ISO-8859-1"},"jpg":{"exif":{"FILE":{"FileName":"75d18501651c7f93542d6afd33fae781.jpg","FileDateTime":1522772900,"FileSize":2251025,"FileType":2,"MimeType":"image\/jpeg","SectionsFound":"ANY_TAG, IFD0, EXIF"},"COMPUTED":{"html":"width=\"2963\" height=\"3600\"","Height":3600,"Width":2963,"IsColor":1,"ByteOrderMotorola":0,"ApertureFNumber":"f\/7.1"},"IFD0":{"Make":"Canon","Model":"Canon EOS-1Ds Mark III","Software":"Adobe Photoshop Camera Raw 6.5 (Macintosh)","DateTime":"2012:05:18 09:30:10","Artist":"Luna Imaging","Exif_IFD_Pointer":194},"EXIF":{"ExposureTime":0.0166666666666669995022775907500545145012438297271728515625,"FNumber":7.0999999999999996447286321199499070644378662109375,"ExposureProgram":1,"ISOSpeedRatings":200,"ExifVersion":230,"DateTimeOriginal":"2012:05:08 13:53:01","DateTimeDigitized":"2012:05:08 13:53:01","ShutterSpeedValue":5.9068909999999998916564436512999236583709716796875,"ApertureValue":5.655637999999999721012500231154263019561767578125,"ExposureBiasValue":0,"MaxApertureValue":2.625,"MeteringMode":5,"Flash":0,"FocalLength":50,"SubSecTimeOriginal":65,"SubSecTimeDigitized":65,"FocalPlaneXResolution":3957.71670190270015154965221881866455078125,"FocalPlaneYResolution":3961.90476190480012519401498138904571533203125,"FocalPlaneResolutionUnit":2,"CustomRendered":0,"ExposureMode":1,"WhiteBalance":1,"SceneCaptureType":0,"UndefinedTag:0xA430":"Luna Imaging","UndefinedTag:0xA431":620549,"UndefinedTag:0xA432":["50\/1","50\/1","0\/0","0\/0"],"UndefinedTag:0xA434":"EF50mm f\/2.5 Compact Macro"}}}},"item":{"id":1076,"url":"https:\/\/transcribe.newberry.org\/api\/items\/1076","resource":"items"},"element_texts":[{"html":false,"text":"Completed","element_set":{"id":4,"url":"https:\/\/transcribe.newberry.org\/api\/element_sets\/4","name":"Scripto","resource":"element_sets"},"element":{"id":53,"url":"https:\/\/transcribe.newberry.org\/api\/elements\/53","name":"Status","resource":"elements"}},{"html":false,"text":"Israel Chapin\nSep:4 - '02\nIndian agent at Canandaigua","element_set":{"id":4,"url":"https:\/\/transcribe.newberry.org\/api\/element_sets\/4","name":"Scripto","resource":"element_sets"},"element":{"id":52,"url":"https:\/\/transcribe.newberry.org\/api\/elements\/52","name":"Transcription","resource":"elements"}}],"extended_resources":[]},{"id":72703,"url":"https:\/\/transcribe.newberry.org\/api\/files\/72703","file_urls":{"original":"https:\/\/transcribe.newberry.org\/files\/original\/b32a6399a4114e1f7476161b40d77489.jpg","fullsize":"https:\/\/transcribe.newberry.org\/files\/fullsize\/b32a6399a4114e1f7476161b40d77489.jpg","thumbnail":"https:\/\/transcribe.newberry.org\/files\/thumbnails\/b32a6399a4114e1f7476161b40d77489.jpg","square_thumbnail":"https:\/\/transcribe.newberry.org\/files\/square_thumbnails\/b32a6399a4114e1f7476161b40d77489.jpg"},"added":"2018-04-03T16:28:27+00:00","modified":"2020-04-06T00:55:35+00:00","filename":"b32a6399a4114e1f7476161b40d77489.jpg","authentication":"443a0431422251a0eb16883f9123cd4c","has_derivative_image":true,"mime_type":"image\/jpeg","order":null,"original_filename":"Ayer_MS_934_FL002_00001_o2.jpg","size":1692829,"stored":true,"type_os":"JPEG image data, JFIF standard 1.01","metadata":{"mime_type":"image\/jpeg","video":{"dataformat":"jpg","lossless":false,"bits_per_sample":24,"pixel_aspect_ratio":1,"resolution_x":2910,"resolution_y":3600,"compression_ratio":0.05386372024945899894543543950931052677333354949951171875},"comments":{"IPTCEnvelope":{"CodedCharacterSet":["\u001b%G"]},"IPTCApplication":{"ApplicationRecordVersion":["\u0004"],"DateCreated":["20120508"],"TimeCreated":["135412"],"DigitalCreationDate":["20120508"],"DigitalCreationTime":["135412"],"By-line":["Luna Imaging"]}},"comments_html":{"IPTCEnvelope":{"CodedCharacterSet":["\u001b%G"]},"IPTCApplication":{"ApplicationRecordVersion":["\u0004"],"DateCreated":["20120508"],"TimeCreated":["135412"],"DigitalCreationDate":["20120508"],"DigitalCreationTime":["135412"],"By-line":["Luna Imaging"]}},"iptc":{"comments":{"IPTCEnvelope":{"CodedCharacterSet":["\u001b%G"]},"IPTCApplication":{"ApplicationRecordVersion":["\u0000\u0004"],"DateCreated":["20120508"],"TimeCreated":["135412"],"DigitalCreationDate":["20120508"],"DigitalCreationTime":["135412"],"By-line":["Luna Imaging"]}},"encoding":"ISO-8859-1"},"jpg":{"exif":{"FILE":{"FileName":"b32a6399a4114e1f7476161b40d77489.jpg","FileDateTime":1522772900,"FileSize":1692829,"FileType":2,"MimeType":"image\/jpeg","SectionsFound":"ANY_TAG, IFD0, EXIF"},"COMPUTED":{"html":"width=\"2910\" height=\"3600\"","Height":3600,"Width":2910,"IsColor":1,"ByteOrderMotorola":0,"ApertureFNumber":"f\/7.1"},"IFD0":{"Make":"Canon","Model":"Canon EOS-1Ds Mark III","Software":"Adobe Photoshop Camera Raw 6.5 (Macintosh)","DateTime":"2012:05:18 09:32:40","Artist":"Luna Imaging","Exif_IFD_Pointer":194},"EXIF":{"ExposureTime":0.0166666666666669995022775907500545145012438297271728515625,"FNumber":7.0999999999999996447286321199499070644378662109375,"ExposureProgram":1,"ISOSpeedRatings":200,"ExifVersion":230,"DateTimeOriginal":"2012:05:08 13:54:12","DateTimeDigitized":"2012:05:08 13:54:12","ShutterSpeedValue":5.9068909999999998916564436512999236583709716796875,"ApertureValue":5.655637999999999721012500231154263019561767578125,"ExposureBiasValue":0,"MaxApertureValue":2.625,"MeteringMode":5,"Flash":0,"FocalLength":50,"SubSecTimeOriginal":31,"SubSecTimeDigitized":31,"FocalPlaneXResolution":3957.71670190270015154965221881866455078125,"FocalPlaneYResolution":3961.90476190480012519401498138904571533203125,"FocalPlaneResolutionUnit":2,"CustomRendered":0,"ExposureMode":1,"WhiteBalance":1,"SceneCaptureType":0,"UndefinedTag:0xA430":"Luna Imaging","UndefinedTag:0xA431":620549,"UndefinedTag:0xA432":["50\/1","50\/1","0\/0","0\/0"],"UndefinedTag:0xA434":"EF50mm f\/2.5 Compact Macro"}}}},"item":{"id":1076,"url":"https:\/\/transcribe.newberry.org\/api\/items\/1076","resource":"items"},"element_texts":[{"html":false,"text":"Completed","element_set":{"id":4,"url":"https:\/\/transcribe.newberry.org\/api\/element_sets\/4","name":"Scripto","resource":"element_sets"},"element":{"id":53,"url":"https:\/\/transcribe.newberry.org\/api\/elements\/53","name":"Status","resource":"elements"}},{"html":false,"text":"War Department\nJuly 6, 1804\nHis Excellency the Governor of the State of Ohio\nSir\nThe President of the United States has directed me to call upon the Executives of the several States to take effectual measures to organize, arm and equip, according to law, and hold in readiness to march at a moments warning, their respective proportions of one hundred thousand Militia, officers included, by virtue of an act of Congress passed on the 18 day of April 1806 intituled \"An Act authorising a Detachment from the Militia of the United States.\" This therefore is to require of Your Excellency to take effectual measures for having, Two thousand four hundred and forty three of the Militia of Ohio (being her quota) detached and duly organized in Companies, Battalions, Regiments, Brigades, and Divisions, within the shortest period that circumstances will permit; and as nearly as practicable, in the following proportions of Artillery, Cavelry, and Infantry viz. one twentieth part Artillery, one tenth Cavalry, and the residue Infantry. There will however be no objection on the part of the President of the United States, to the admission of a proportion of Riflemen, duly organized in distinct Corps, and not exceeding one tenth part of the whole quota of the States respectively.\n\n    Each Corps should be properly armed and equiped for actual service.","element_set":{"id":4,"url":"https:\/\/transcribe.newberry.org\/api\/element_sets\/4","name":"Scripto","resource":"element_sets"},"element":{"id":52,"url":"https:\/\/transcribe.newberry.org\/api\/elements\/52","name":"Transcription","resource":"elements"}}],"extended_resources":[]},{"id":72704,"url":"https:\/\/transcribe.newberry.org\/api\/files\/72704","file_urls":{"original":"https:\/\/transcribe.newberry.org\/files\/original\/62fac71b2cbd6c83b4ea61ca1dfe9d2d.jpg","fullsize":"https:\/\/transcribe.newberry.org\/files\/fullsize\/62fac71b2cbd6c83b4ea61ca1dfe9d2d.jpg","thumbnail":"https:\/\/transcribe.newberry.org\/files\/thumbnails\/62fac71b2cbd6c83b4ea61ca1dfe9d2d.jpg","square_thumbnail":"https:\/\/transcribe.newberry.org\/files\/square_thumbnails\/62fac71b2cbd6c83b4ea61ca1dfe9d2d.jpg"},"added":"2018-04-03T16:28:28+00:00","modified":"2020-04-06T00:59:14+00:00","filename":"62fac71b2cbd6c83b4ea61ca1dfe9d2d.jpg","authentication":"b33f7991ea5611c05b39acb5a8eecf05","has_derivative_image":true,"mime_type":"image\/jpeg","order":null,"original_filename":"Ayer_MS_934_FL002_00002_o2.jpg","size":1824932,"stored":true,"type_os":"JPEG image data, JFIF standard 1.01","metadata":{"mime_type":"image\/jpeg","video":{"dataformat":"jpg","lossless":false,"bits_per_sample":24,"pixel_aspect_ratio":1,"resolution_x":2954,"resolution_y":3600,"compression_ratio":0.05720216153865399777433964345618733204901218414306640625},"comments":{"IPTCEnvelope":{"CodedCharacterSet":["\u001b%G"]},"IPTCApplication":{"ApplicationRecordVersion":["\u0004"],"DateCreated":["20120508"],"TimeCreated":["135434"],"DigitalCreationDate":["20120508"],"DigitalCreationTime":["135434"],"By-line":["Luna Imaging"]}},"comments_html":{"IPTCEnvelope":{"CodedCharacterSet":["\u001b%G"]},"IPTCApplication":{"ApplicationRecordVersion":["\u0004"],"DateCreated":["20120508"],"TimeCreated":["135434"],"DigitalCreationDate":["20120508"],"DigitalCreationTime":["135434"],"By-line":["Luna Imaging"]}},"iptc":{"comments":{"IPTCEnvelope":{"CodedCharacterSet":["\u001b%G"]},"IPTCApplication":{"ApplicationRecordVersion":["\u0000\u0004"],"DateCreated":["20120508"],"TimeCreated":["135434"],"DigitalCreationDate":["20120508"],"DigitalCreationTime":["135434"],"By-line":["Luna Imaging"]}},"encoding":"ISO-8859-1"},"jpg":{"exif":{"FILE":{"FileName":"62fac71b2cbd6c83b4ea61ca1dfe9d2d.jpg","FileDateTime":1522772900,"FileSize":1824932,"FileType":2,"MimeType":"image\/jpeg","SectionsFound":"ANY_TAG, IFD0, EXIF"},"COMPUTED":{"html":"width=\"2954\" height=\"3600\"","Height":3600,"Width":2954,"IsColor":1,"ByteOrderMotorola":0,"ApertureFNumber":"f\/7.1"},"IFD0":{"Make":"Canon","Model":"Canon EOS-1Ds Mark III","Software":"Adobe Photoshop Camera Raw 6.5 (Macintosh)","DateTime":"2012:05:18 09:32:42","Artist":"Luna Imaging","Exif_IFD_Pointer":194},"EXIF":{"ExposureTime":0.0166666666666669995022775907500545145012438297271728515625,"FNumber":7.0999999999999996447286321199499070644378662109375,"ExposureProgram":1,"ISOSpeedRatings":200,"ExifVersion":230,"DateTimeOriginal":"2012:05:08 13:54:34","DateTimeDigitized":"2012:05:08 13:54:34","ShutterSpeedValue":5.9068909999999998916564436512999236583709716796875,"ApertureValue":5.655637999999999721012500231154263019561767578125,"ExposureBiasValue":0,"MaxApertureValue":2.625,"MeteringMode":5,"Flash":0,"FocalLength":50,"SubSecTimeOriginal":67,"SubSecTimeDigitized":67,"FocalPlaneXResolution":3957.71670190270015154965221881866455078125,"FocalPlaneYResolution":3961.90476190480012519401498138904571533203125,"FocalPlaneResolutionUnit":2,"CustomRendered":0,"ExposureMode":1,"WhiteBalance":1,"SceneCaptureType":0,"UndefinedTag:0xA430":"Luna Imaging","UndefinedTag:0xA431":620549,"UndefinedTag:0xA432":["50\/1","50\/1","0\/0","0\/0"],"UndefinedTag:0xA434":"EF50mm f\/2.5 Compact Macro"}}}},"item":{"id":1076,"url":"https:\/\/transcribe.newberry.org\/api\/items\/1076","resource":"items"},"element_texts":[{"html":false,"text":"Completed","element_set":{"id":4,"url":"https:\/\/transcribe.newberry.org\/api\/element_sets\/4","name":"Scripto","resource":"element_sets"},"element":{"id":53,"url":"https:\/\/transcribe.newberry.org\/api\/elements\/53","name":"Status","resource":"elements"}},{"html":false,"text":"Any Companies of Volunteers who, previous to orders for taking the field, may tender their services comformably to the second section of the aforesaid Act, or to an Act of Congress (a copy of which is enclosed) passed on the 24th day of February 1804 intituled, \"An Act authorizing the President of the United States to accept the services of a number of Volunteer Companies not exceeding thirty thousand men.\" will be considered as a part of the aforesaid quota of Two thousand four hundred and forty three, according to their numbers. And from the well known patriotism of our fellow Citizens, it must be presumed that, under the existing circumstances of our Country, a large proportion of the quotas of the several States will be composed of such Volunteer Corps, especially as they will undoubtedly meet with every encouragement from your Excellency, and from all other patriotic influential characters.\n\n When the Detachment and Organization shall have been effected, the respective Corps will be exercised under the Officers set over them: but will not remain imbodied, or be considered in actual service, until by subsequent orders they shall be directed to take the field.\n    Your Excellency will please to direct that correct Muster Rolls, and Inspection returns, be made of the several Corps; and that copies thereof be transmitted to this Department as early as possible--","element_set":{"id":4,"url":"https:\/\/transcribe.newberry.org\/api\/element_sets\/4","name":"Scripto","resource":"element_sets"},"element":{"id":52,"url":"https:\/\/transcribe.newberry.org\/api\/elements\/52","name":"Transcription","resource":"elements"}}],"extended_resources":[]},{"id":72705,"url":"https:\/\/transcribe.newberry.org\/api\/files\/72705","file_urls":{"original":"https:\/\/transcribe.newberry.org\/files\/original\/261ecc748146f533e2e54556eb45bfea.jpg","fullsize":"https:\/\/transcribe.newberry.org\/files\/fullsize\/261ecc748146f533e2e54556eb45bfea.jpg","thumbnail":"https:\/\/transcribe.newberry.org\/files\/thumbnails\/261ecc748146f533e2e54556eb45bfea.jpg","square_thumbnail":"https:\/\/transcribe.newberry.org\/files\/square_thumbnails\/261ecc748146f533e2e54556eb45bfea.jpg"},"added":"2018-04-03T16:28:29+00:00","modified":"2020-04-06T01:00:40+00:00","filename":"261ecc748146f533e2e54556eb45bfea.jpg","authentication":"f60fb5f0c302f2c88757ac1f25f698ee","has_derivative_image":true,"mime_type":"image\/jpeg","order":null,"original_filename":"Ayer_MS_934_FL002_00003_o2.jpg","size":1601513,"stored":true,"type_os":"JPEG image data, JFIF standard 1.01","metadata":{"mime_type":"image\/jpeg","video":{"dataformat":"jpg","lossless":false,"bits_per_sample":24,"pixel_aspect_ratio":1,"resolution_x":2921,"resolution_y":3600,"compression_ratio":0.050766258384368996570135124102307599969208240509033203125},"comments":{"IPTCEnvelope":{"CodedCharacterSet":["\u001b%G"]},"IPTCApplication":{"ApplicationRecordVersion":["\u0004"],"DateCreated":["20120508"],"TimeCreated":["135445"],"DigitalCreationDate":["20120508"],"DigitalCreationTime":["135445"],"By-line":["Luna Imaging"]}},"comments_html":{"IPTCEnvelope":{"CodedCharacterSet":["\u001b%G"]},"IPTCApplication":{"ApplicationRecordVersion":["\u0004"],"DateCreated":["20120508"],"TimeCreated":["135445"],"DigitalCreationDate":["20120508"],"DigitalCreationTime":["135445"],"By-line":["Luna Imaging"]}},"iptc":{"comments":{"IPTCEnvelope":{"CodedCharacterSet":["\u001b%G"]},"IPTCApplication":{"ApplicationRecordVersion":["\u0000\u0004"],"DateCreated":["20120508"],"TimeCreated":["135445"],"DigitalCreationDate":["20120508"],"DigitalCreationTime":["135445"],"By-line":["Luna Imaging"]}},"encoding":"ISO-8859-1"},"jpg":{"exif":{"FILE":{"FileName":"261ecc748146f533e2e54556eb45bfea.jpg","FileDateTime":1522772900,"FileSize":1601513,"FileType":2,"MimeType":"image\/jpeg","SectionsFound":"ANY_TAG, IFD0, EXIF"},"COMPUTED":{"html":"width=\"2921\" height=\"3600\"","Height":3600,"Width":2921,"IsColor":1,"ByteOrderMotorola":0,"ApertureFNumber":"f\/7.1"},"IFD0":{"Make":"Canon","Model":"Canon EOS-1Ds Mark III","Software":"Adobe Photoshop Camera Raw 6.5 (Macintosh)","DateTime":"2012:05:18 09:32:41","Artist":"Luna Imaging","Exif_IFD_Pointer":194},"EXIF":{"ExposureTime":0.0166666666666669995022775907500545145012438297271728515625,"FNumber":7.0999999999999996447286321199499070644378662109375,"ExposureProgram":1,"ISOSpeedRatings":200,"ExifVersion":230,"DateTimeOriginal":"2012:05:08 13:54:45","DateTimeDigitized":"2012:05:08 13:54:45","ShutterSpeedValue":5.9068909999999998916564436512999236583709716796875,"ApertureValue":5.655637999999999721012500231154263019561767578125,"ExposureBiasValue":0,"MaxApertureValue":2.625,"MeteringMode":5,"Flash":0,"FocalLength":50,"SubSecTimeOriginal":62,"SubSecTimeDigitized":62,"FocalPlaneXResolution":3957.71670190270015154965221881866455078125,"FocalPlaneYResolution":3961.90476190480012519401498138904571533203125,"FocalPlaneResolutionUnit":2,"CustomRendered":0,"ExposureMode":1,"WhiteBalance":1,"SceneCaptureType":0,"UndefinedTag:0xA430":"Luna Imaging","UndefinedTag:0xA431":620549,"UndefinedTag:0xA432":["50\/1","50\/1","0\/0","0\/0"],"UndefinedTag:0xA434":"EF50mm f\/2.5 Compact Macro"}}}},"item":{"id":1076,"url":"https:\/\/transcribe.newberry.org\/api\/items\/1076","resource":"items"},"element_texts":[{"html":false,"text":"Completed","element_set":{"id":4,"url":"https:\/\/transcribe.newberry.org\/api\/element_sets\/4","name":"Scripto","resource":"element_sets"},"element":{"id":53,"url":"https:\/\/transcribe.newberry.org\/api\/elements\/53","name":"Status","resource":"elements"}},{"html":false,"text":"I have the honor to be, very respectfully, Your Excellency's Obdt Servt,\nH. Dearborn","element_set":{"id":4,"url":"https:\/\/transcribe.newberry.org\/api\/element_sets\/4","name":"Scripto","resource":"element_sets"},"element":{"id":52,"url":"https:\/\/transcribe.newberry.org\/api\/elements\/52","name":"Transcription","resource":"elements"}}],"extended_resources":[]},{"id":72706,"url":"https:\/\/transcribe.newberry.org\/api\/files\/72706","file_urls":{"original":"https:\/\/transcribe.newberry.org\/files\/original\/494df4308620383cc68650953025a37d.jpg","fullsize":"https:\/\/transcribe.newberry.org\/files\/fullsize\/494df4308620383cc68650953025a37d.jpg","thumbnail":"https:\/\/transcribe.newberry.org\/files\/thumbnails\/494df4308620383cc68650953025a37d.jpg","square_thumbnail":"https:\/\/transcribe.newberry.org\/files\/square_thumbnails\/494df4308620383cc68650953025a37d.jpg"},"added":"2018-04-03T16:28:30+00:00","modified":"2020-04-06T01:02:14+00:00","filename":"494df4308620383cc68650953025a37d.jpg","authentication":"b93b3dc54cbf897449141a4aadfb939e","has_derivative_image":true,"mime_type":"image\/jpeg","order":null,"original_filename":"Ayer_MS_934_FL002_00004_o2.jpg","size":1484431,"stored":true,"type_os":"JPEG image data, JFIF standard 1.01","metadata":{"mime_type":"image\/jpeg","video":{"dataformat":"jpg","lossless":false,"bits_per_sample":24,"pixel_aspect_ratio":1,"resolution_x":3600,"resolution_y":2899,"compression_ratio":0.04741197475502399727442792709553032182157039642333984375},"comments":{"IPTCEnvelope":{"CodedCharacterSet":["\u001b%G"]},"IPTCApplication":{"ApplicationRecordVersion":["\u0004"],"DateCreated":["20120508"],"TimeCreated":["135458"],"DigitalCreationDate":["20120508"],"DigitalCreationTime":["135458"],"By-line":["Luna Imaging"]}},"comments_html":{"IPTCEnvelope":{"CodedCharacterSet":["\u001b%G"]},"IPTCApplication":{"ApplicationRecordVersion":["\u0004"],"DateCreated":["20120508"],"TimeCreated":["135458"],"DigitalCreationDate":["20120508"],"DigitalCreationTime":["135458"],"By-line":["Luna Imaging"]}},"iptc":{"comments":{"IPTCEnvelope":{"CodedCharacterSet":["\u001b%G"]},"IPTCApplication":{"ApplicationRecordVersion":["\u0000\u0004"],"DateCreated":["20120508"],"TimeCreated":["135458"],"DigitalCreationDate":["20120508"],"DigitalCreationTime":["135458"],"By-line":["Luna Imaging"]}},"encoding":"ISO-8859-1"},"jpg":{"exif":{"FILE":{"FileName":"494df4308620383cc68650953025a37d.jpg","FileDateTime":1522772900,"FileSize":1484431,"FileType":2,"MimeType":"image\/jpeg","SectionsFound":"ANY_TAG, IFD0, EXIF"},"COMPUTED":{"html":"width=\"3600\" height=\"2899\"","Height":2899,"Width":3600,"IsColor":1,"ByteOrderMotorola":0,"ApertureFNumber":"f\/7.1"},"IFD0":{"Make":"Canon","Model":"Canon EOS-1Ds Mark III","Software":"Adobe Photoshop Camera Raw 6.5 (Macintosh)","DateTime":"2012:05:18 09:32:44","Artist":"Luna Imaging","Exif_IFD_Pointer":194},"EXIF":{"ExposureTime":0.0166666666666669995022775907500545145012438297271728515625,"FNumber":7.0999999999999996447286321199499070644378662109375,"ExposureProgram":1,"ISOSpeedRatings":200,"ExifVersion":230,"DateTimeOriginal":"2012:05:08 13:54:58","DateTimeDigitized":"2012:05:08 13:54:58","ShutterSpeedValue":5.9068909999999998916564436512999236583709716796875,"ApertureValue":5.655637999999999721012500231154263019561767578125,"ExposureBiasValue":0,"MaxApertureValue":2.625,"MeteringMode":5,"Flash":0,"FocalLength":50,"SubSecTimeOriginal":12,"SubSecTimeDigitized":12,"FocalPlaneXResolution":3957.71670190270015154965221881866455078125,"FocalPlaneYResolution":3961.90476190480012519401498138904571533203125,"FocalPlaneResolutionUnit":2,"CustomRendered":0,"ExposureMode":1,"WhiteBalance":1,"SceneCaptureType":0,"UndefinedTag:0xA430":"Luna Imaging","UndefinedTag:0xA431":620549,"UndefinedTag:0xA432":["50\/1","50\/1","0\/0","0\/0"],"UndefinedTag:0xA434":"EF50mm f\/2.5 Compact Macro"}}}},"item":{"id":1076,"url":"https:\/\/transcribe.newberry.org\/api\/items\/1076","resource":"items"},"element_texts":[{"html":false,"text":"Completed","element_set":{"id":4,"url":"https:\/\/transcribe.newberry.org\/api\/element_sets\/4","name":"Scripto","resource":"element_sets"},"element":{"id":53,"url":"https:\/\/transcribe.newberry.org\/api\/elements\/53","name":"Status","resource":"elements"}},{"html":false,"text":"Secy at War\nJuly 6th, 1807\nCall for Militia -- under the Act of Apr. 18th 1806 and Febr 24th 1807\nHis Excellency the Governor of Ohio Chilicothe","element_set":{"id":4,"url":"https:\/\/transcribe.newberry.org\/api\/element_sets\/4","name":"Scripto","resource":"element_sets"},"element":{"id":52,"url":"https:\/\/transcribe.newberry.org\/api\/elements\/52","name":"Transcription","resource":"elements"}}],"extended_resources":[]}]