[{"id":69467,"url":"https:\/\/transcribe.newberry.org\/api\/files\/69467","file_urls":{"original":"https:\/\/transcribe.newberry.org\/files\/original\/1cf3bf5d20f88b724f9f507e8066d0f4.jpg","fullsize":"https:\/\/transcribe.newberry.org\/files\/fullsize\/1cf3bf5d20f88b724f9f507e8066d0f4.jpg","thumbnail":"https:\/\/transcribe.newberry.org\/files\/thumbnails\/1cf3bf5d20f88b724f9f507e8066d0f4.jpg","square_thumbnail":"https:\/\/transcribe.newberry.org\/files\/square_thumbnails\/1cf3bf5d20f88b724f9f507e8066d0f4.jpg"},"added":"2018-03-29T17:15:36+00:00","modified":"2020-01-29T21:54:45+00:00","filename":"1cf3bf5d20f88b724f9f507e8066d0f4.jpg","authentication":"f77c65e3bb20cbca0de9a7c4cc81cb73","has_derivative_image":true,"mime_type":"image\/jpeg","order":null,"original_filename":"Ayer_MS_96_00001_o2.jpg","size":1399195,"stored":true,"type_os":"JPEG image data, JFIF standard 1.01","metadata":{"mime_type":"image\/jpeg","video":{"dataformat":"jpg","lossless":false,"bits_per_sample":24,"pixel_aspect_ratio":1,"resolution_x":2121,"resolution_y":3600,"compression_ratio":0.0610820804302650011141651020807330496609210968017578125},"comments":{"IPTCEnvelope":{"CodedCharacterSet":["\u001b%G"]},"IPTCApplication":{"ApplicationRecordVersion":[""],"DateCreated":["20120501"],"TimeCreated":["080206+0000"]}},"comments_html":{"IPTCEnvelope":{"CodedCharacterSet":["\u001b%G"]},"IPTCApplication":{"ApplicationRecordVersion":[""],"DateCreated":["20120501"],"TimeCreated":["080206+0000"]}},"iptc":{"comments":{"IPTCEnvelope":{"CodedCharacterSet":["\u001b%G"]},"IPTCApplication":{"ApplicationRecordVersion":["\u0000\u0000"],"DateCreated":["20120501"],"TimeCreated":["080206+0000"]}},"encoding":"ISO-8859-1"},"jpg":{"exif":{"FILE":{"FileName":"1cf3bf5d20f88b724f9f507e8066d0f4.jpg","FileDateTime":1522343736,"FileSize":1399195,"FileType":2,"MimeType":"image\/jpeg","SectionsFound":"ANY_TAG, IFD0, EXIF"},"COMPUTED":{"html":"width=\"2121\" height=\"3600\"","Height":3600,"Width":2121,"IsColor":1,"ByteOrderMotorola":0,"CCDWidth":"13mm","ApertureFNumber":"f\/7.1"},"IFD0":{"Make":"Canon","Model":"Canon EOS 5D Mark II","Software":"Adobe Photoshop CS5.1 Macintosh","DateTime":"2012:05:09 13:51:02","Exif_IFD_Pointer":154},"EXIF":{"ExposureTime":0.0166666666666669995022775907500545145012438297271728515625,"FNumber":7.0999999999999996447286321199499070644378662109375,"ExposureProgram":1,"ISOSpeedRatings":200,"ExifVersion":221,"DateTimeOriginal":"2012:05:01 08:02:06","DateTimeDigitized":"2012:05:01 08:02:06","ShutterSpeedValue":5.9068909999999998916564436512999236583709716796875,"ApertureValue":5.655637999999999721012500231154263019561767578125,"ExposureBiasValue":0,"MaxApertureValue":2.625,"MeteringMode":5,"Flash":16,"FocalLength":50,"SubSecTime":37,"SubSecTimeOriginal":37,"SubSecTimeDigitized":37,"ColorSpace":65535,"ExifImageWidth":2109,"ExifImageLength":3579,"FocalPlaneXResolution":3849.21178889649991106125526130199432373046875,"FocalPlaneYResolution":3908.14196242170010009431280195713043212890625,"FocalPlaneResolutionUnit":2,"CustomRendered":0,"ExposureMode":1,"WhiteBalance":1,"SceneCaptureType":0,"UndefinedTag:0xA431":3021505797,"UndefinedTag:0xA432":["50\/1","50\/1","0\/0","0\/0"],"UndefinedTag:0xA434":"EF50mm f\/2.5 Compact Macro"}}}},"item":{"id":1036,"url":"https:\/\/transcribe.newberry.org\/api\/items\/1036","resource":"items"},"element_texts":[{"html":false,"text":"Completed","element_set":{"id":4,"url":"https:\/\/transcribe.newberry.org\/api\/element_sets\/4","name":"Scripto","resource":"element_sets"},"element":{"id":53,"url":"https:\/\/transcribe.newberry.org\/api\/elements\/53","name":"Status","resource":"elements"}},{"html":false,"text":"Marion County State of Kentucky\nThe Deposition of Daniel Boon taken this Nineteenth Day March one thousand and seven hundred and ninety nine - agreeabel to and order of the Court of this County and an act pas'd, for the purpos of porpetuating testimony -\nQuestn by Jas Duffey - is this Mulbery and whight ash the trees you markd, for the Beginning of my fifteen hundred acre survey \nAns. the are the same.\nQuestn by Jas Duffey - Is this the spot intended in the entry for my begining --\nAns.  It is as near as I could guess when I mead the entry and at all events includs the land I alud't to when I made the entry\nQuestn  By Robert Campbell - Did you survey fifteen Hundred acres for me upon the land in tend't, in the entry which Cald to lay Eas of Jas Duffeys which we are now upon\nAnsr. I did --\nQuestn by Jas Duffey whi did you not include the Spring cal'd  for in the entry in the survey --\nAns when I came to make the survey I found there was a mistake in the entry and I could not include the spring and comply with the cals of the entry--\nQuestn By Robert Campbell are you interestd in this claim or any depending upon it\nAns. I claim a 4000 Acr survey purchased of Thom? Logwood though he is answerable to to me for the same and know other\nQuestion by Samuel Boggs, were you interested in Robt Cambell entry when you made the same\nAnsr. I was, but am not now nor have not for three years past\n\n                                                              Daniel Boone\n\nInst. 2?\nsworn to before us the subscribing Commishenors","element_set":{"id":4,"url":"https:\/\/transcribe.newberry.org\/api\/element_sets\/4","name":"Scripto","resource":"element_sets"},"element":{"id":52,"url":"https:\/\/transcribe.newberry.org\/api\/elements\/52","name":"Transcription","resource":"elements"}}],"extended_resources":[]},{"id":69468,"url":"https:\/\/transcribe.newberry.org\/api\/files\/69468","file_urls":{"original":"https:\/\/transcribe.newberry.org\/files\/original\/d1dd9adc2041b38f743f1ec8493d6108.jpg","fullsize":"https:\/\/transcribe.newberry.org\/files\/fullsize\/d1dd9adc2041b38f743f1ec8493d6108.jpg","thumbnail":"https:\/\/transcribe.newberry.org\/files\/thumbnails\/d1dd9adc2041b38f743f1ec8493d6108.jpg","square_thumbnail":"https:\/\/transcribe.newberry.org\/files\/square_thumbnails\/d1dd9adc2041b38f743f1ec8493d6108.jpg"},"added":"2018-03-29T17:15:37+00:00","modified":"2020-01-29T21:54:45+00:00","filename":"d1dd9adc2041b38f743f1ec8493d6108.jpg","authentication":"be473df89a4e5000ccb961e496a61d8f","has_derivative_image":true,"mime_type":"image\/jpeg","order":null,"original_filename":"Ayer_MS_96_00002_o2.jpg","size":1117462,"stored":true,"type_os":"JPEG image data, JFIF standard 1.01","metadata":{"mime_type":"image\/jpeg","video":{"dataformat":"jpg","lossless":false,"bits_per_sample":24,"pixel_aspect_ratio":1,"resolution_x":2121,"resolution_y":3600,"compression_ratio":0.048782981472750001905591688000640715472400188446044921875},"comments":{"IPTCEnvelope":{"CodedCharacterSet":["\u001b%G"]},"IPTCApplication":{"ApplicationRecordVersion":[""],"DateCreated":["20120501"],"TimeCreated":["080327+0000"]}},"comments_html":{"IPTCEnvelope":{"CodedCharacterSet":["\u001b%G"]},"IPTCApplication":{"ApplicationRecordVersion":[""],"DateCreated":["20120501"],"TimeCreated":["080327+0000"]}},"iptc":{"comments":{"IPTCEnvelope":{"CodedCharacterSet":["\u001b%G"]},"IPTCApplication":{"ApplicationRecordVersion":["\u0000\u0000"],"DateCreated":["20120501"],"TimeCreated":["080327+0000"]}},"encoding":"ISO-8859-1"},"jpg":{"exif":{"FILE":{"FileName":"d1dd9adc2041b38f743f1ec8493d6108.jpg","FileDateTime":1522343736,"FileSize":1117462,"FileType":2,"MimeType":"image\/jpeg","SectionsFound":"ANY_TAG, IFD0, EXIF"},"COMPUTED":{"html":"width=\"2121\" height=\"3600\"","Height":3600,"Width":2121,"IsColor":1,"ByteOrderMotorola":0,"CCDWidth":"13mm","ApertureFNumber":"f\/7.1"},"IFD0":{"Make":"Canon","Model":"Canon EOS 5D Mark II","Software":"Adobe Photoshop CS5.1 Macintosh","DateTime":"2012:05:09 13:51:14","Exif_IFD_Pointer":154},"EXIF":{"ExposureTime":0.0166666666666669995022775907500545145012438297271728515625,"FNumber":7.0999999999999996447286321199499070644378662109375,"ExposureProgram":1,"ISOSpeedRatings":200,"ExifVersion":221,"DateTimeOriginal":"2012:05:01 08:03:27","DateTimeDigitized":"2012:05:01 08:03:27","ShutterSpeedValue":5.9068909999999998916564436512999236583709716796875,"ApertureValue":5.655637999999999721012500231154263019561767578125,"ExposureBiasValue":0,"MaxApertureValue":2.625,"MeteringMode":5,"Flash":16,"FocalLength":50,"SubSecTime":95,"SubSecTimeOriginal":95,"SubSecTimeDigitized":95,"ColorSpace":65535,"ExifImageWidth":2086,"ExifImageLength":3540,"FocalPlaneXResolution":3849.21178889649991106125526130199432373046875,"FocalPlaneYResolution":3908.14196242170010009431280195713043212890625,"FocalPlaneResolutionUnit":2,"CustomRendered":0,"ExposureMode":1,"WhiteBalance":1,"SceneCaptureType":0,"UndefinedTag:0xA431":3021505797,"UndefinedTag:0xA432":["50\/1","50\/1","0\/0","0\/0"],"UndefinedTag:0xA434":"EF50mm f\/2.5 Compact Macro"}}}},"item":{"id":1036,"url":"https:\/\/transcribe.newberry.org\/api\/items\/1036","resource":"items"},"element_texts":[{"html":false,"text":"Completed","element_set":{"id":4,"url":"https:\/\/transcribe.newberry.org\/api\/element_sets\/4","name":"Scripto","resource":"element_sets"},"element":{"id":53,"url":"https:\/\/transcribe.newberry.org\/api\/elements\/53","name":"Status","resource":"elements"}},{"html":false,"text":"We the Commisones have taken the Wilkins diposion this 19 day of March 1799 & caused the letter N? to be put on the ash aluded to in the diposition in the presents of John Nickols & Joseph Hill two disintresd Persons\nThos. Young\nJas. Wilson\nD. P. Payne\nMason County Sct                June Court 1799\nThis Deposition was returned by the Commissioners thereto and ordered to be Recorded\nTeste\nThos? Marshall JPMC?","element_set":{"id":4,"url":"https:\/\/transcribe.newberry.org\/api\/element_sets\/4","name":"Scripto","resource":"element_sets"},"element":{"id":52,"url":"https:\/\/transcribe.newberry.org\/api\/elements\/52","name":"Transcription","resource":"elements"}}],"extended_resources":[]}]