[{"id":69642,"url":"https:\/\/transcribe.newberry.org\/api\/files\/69642","file_urls":{"original":"https:\/\/transcribe.newberry.org\/files\/original\/17f5305e5dccc1fff1868e022d3a3fb8.jpg","fullsize":"https:\/\/transcribe.newberry.org\/files\/fullsize\/17f5305e5dccc1fff1868e022d3a3fb8.jpg","thumbnail":"https:\/\/transcribe.newberry.org\/files\/thumbnails\/17f5305e5dccc1fff1868e022d3a3fb8.jpg","square_thumbnail":"https:\/\/transcribe.newberry.org\/files\/square_thumbnails\/17f5305e5dccc1fff1868e022d3a3fb8.jpg"},"added":"2018-03-29T17:44:40+00:00","modified":"2020-03-27T14:59:57+00:00","filename":"17f5305e5dccc1fff1868e022d3a3fb8.jpg","authentication":"f210015c8b4bbc5f04bf14b24bf9b2e8","has_derivative_image":true,"mime_type":"image\/jpeg","order":null,"original_filename":"Ayer_MS_3049_00001_o2.jpg","size":1514880,"stored":true,"type_os":"JPEG image data, JFIF standard 1.01","metadata":{"mime_type":"image\/jpeg","video":{"dataformat":"jpg","lossless":false,"bits_per_sample":24,"pixel_aspect_ratio":1,"resolution_x":2293,"resolution_y":3600,"compression_ratio":0.061171681930512998570659277675076737068593502044677734375},"comments":{"IPTCEnvelope":{"CodedCharacterSet":["\u001b%G"]},"IPTCApplication":{"ApplicationRecordVersion":["\u0004"],"DateCreated":["20120517"],"TimeCreated":["105447"],"DigitalCreationDate":["20120517"],"DigitalCreationTime":["105447"],"By-line":["Luna Imaging"]}},"comments_html":{"IPTCEnvelope":{"CodedCharacterSet":["\u001b%G"]},"IPTCApplication":{"ApplicationRecordVersion":["\u0004"],"DateCreated":["20120517"],"TimeCreated":["105447"],"DigitalCreationDate":["20120517"],"DigitalCreationTime":["105447"],"By-line":["Luna Imaging"]}},"iptc":{"comments":{"IPTCEnvelope":{"CodedCharacterSet":["\u001b%G"]},"IPTCApplication":{"ApplicationRecordVersion":["\u0000\u0004"],"DateCreated":["20120517"],"TimeCreated":["105447"],"DigitalCreationDate":["20120517"],"DigitalCreationTime":["105447"],"By-line":["Luna Imaging"]}},"encoding":"ISO-8859-1"},"jpg":{"exif":{"FILE":{"FileName":"17f5305e5dccc1fff1868e022d3a3fb8.jpg","FileDateTime":1522345480,"FileSize":1514880,"FileType":2,"MimeType":"image\/jpeg","SectionsFound":"ANY_TAG, IFD0, EXIF"},"COMPUTED":{"html":"width=\"2293\" height=\"3600\"","Height":3600,"Width":2293,"IsColor":1,"ByteOrderMotorola":0,"ApertureFNumber":"f\/7.1"},"IFD0":{"Make":"Canon","Model":"Canon EOS-1Ds Mark III","Software":"Adobe Photoshop Camera Raw 6.6 (Macintosh)","DateTime":"2012:05:29 09:03:45","Artist":"Luna Imaging","Exif_IFD_Pointer":194},"EXIF":{"ExposureTime":0.0166666666666669995022775907500545145012438297271728515625,"FNumber":7.0999999999999996447286321199499070644378662109375,"ExposureProgram":1,"ISOSpeedRatings":200,"ExifVersion":230,"DateTimeOriginal":"2012:05:17 10:54:47","DateTimeDigitized":"2012:05:17 10:54:47","ShutterSpeedValue":5.9068909999999998916564436512999236583709716796875,"ApertureValue":5.655637999999999721012500231154263019561767578125,"ExposureBiasValue":0,"MaxApertureValue":2.625,"MeteringMode":5,"Flash":0,"FocalLength":50,"SubSecTimeOriginal":72,"SubSecTimeDigitized":72,"FocalPlaneXResolution":3957.71670190270015154965221881866455078125,"FocalPlaneYResolution":3961.90476190480012519401498138904571533203125,"FocalPlaneResolutionUnit":2,"CustomRendered":0,"ExposureMode":1,"WhiteBalance":1,"SceneCaptureType":0,"UndefinedTag:0xA430":"Luna Imaging","UndefinedTag:0xA431":620549,"UndefinedTag:0xA432":["50\/1","50\/1","0\/0","0\/0"],"UndefinedTag:0xA434":"EF50mm f\/2.5 Compact Macro"}}}},"item":{"id":1044,"url":"https:\/\/transcribe.newberry.org\/api\/items\/1044","resource":"items"},"element_texts":[{"html":false,"text":"Completed","element_set":{"id":4,"url":"https:\/\/transcribe.newberry.org\/api\/element_sets\/4","name":"Scripto","resource":"element_sets"},"element":{"id":53,"url":"https:\/\/transcribe.newberry.org\/api\/elements\/53","name":"Status","resource":"elements"}},{"html":false,"text":"Come you young people far and near\nCome listen awhile and you shall hear\nof a young squire who late did die\nAnd now is in eternity\n2 to lexinton came an expreset?\nfor men to fight their lives to risk\npoor mose hearing of the same\nfixt up and down to Thomsons came\n3 there meeting of his brother dear\nout of his mouth these words did hear\ntis after the indians i will go\ni will follow them over the ohio\n4 now when they ware egaged in battle\nthe indians screamed and guns did rattle\ntwas these poor same lost his lif\nwith the great sorow in to his wife\n5 when moses to the camp retire\nhe fr brother samme ? inquire\none of the men made this replie\ntwas he on yonder hill doth lie\n6 O com good men com go with me\nmy murdred brother for to see\nfor never will i leave this plac\nuntill i see my brothers face\n7 too men fixt up to go with him\nthinking for to bring his brother in\nbut o alas it was to late\npoor moses shard in sammas fate\n\n       Caroline Stuapp?","element_set":{"id":4,"url":"https:\/\/transcribe.newberry.org\/api\/element_sets\/4","name":"Scripto","resource":"element_sets"},"element":{"id":52,"url":"https:\/\/transcribe.newberry.org\/api\/elements\/52","name":"Transcription","resource":"elements"}}],"extended_resources":[]},{"id":69643,"url":"https:\/\/transcribe.newberry.org\/api\/files\/69643","file_urls":{"original":"https:\/\/transcribe.newberry.org\/files\/original\/ad4043b6d24eb18f6a6c28306c23ce62.jpg","fullsize":"https:\/\/transcribe.newberry.org\/files\/fullsize\/ad4043b6d24eb18f6a6c28306c23ce62.jpg","thumbnail":"https:\/\/transcribe.newberry.org\/files\/thumbnails\/ad4043b6d24eb18f6a6c28306c23ce62.jpg","square_thumbnail":"https:\/\/transcribe.newberry.org\/files\/square_thumbnails\/ad4043b6d24eb18f6a6c28306c23ce62.jpg"},"added":"2018-03-29T17:44:41+00:00","modified":"2020-01-29T22:07:11+00:00","filename":"ad4043b6d24eb18f6a6c28306c23ce62.jpg","authentication":"98cf49a2e0b634212957b15492a53b91","has_derivative_image":true,"mime_type":"image\/jpeg","order":null,"original_filename":"Ayer_MS_3049_00002_o2.jpg","size":1243659,"stored":true,"type_os":"JPEG image data, JFIF standard 1.01","metadata":{"mime_type":"image\/jpeg","video":{"dataformat":"jpg","lossless":false,"bits_per_sample":24,"pixel_aspect_ratio":1,"resolution_x":2302,"resolution_y":3600,"compression_ratio":0.050023288927502997103236026532613323070108890533447265625},"comments":{"IPTCEnvelope":{"CodedCharacterSet":["\u001b%G"]},"IPTCApplication":{"ApplicationRecordVersion":["\u0004"],"DateCreated":["20120517"],"TimeCreated":["105456"],"DigitalCreationDate":["20120517"],"DigitalCreationTime":["105456"],"By-line":["Luna Imaging"]}},"comments_html":{"IPTCEnvelope":{"CodedCharacterSet":["\u001b%G"]},"IPTCApplication":{"ApplicationRecordVersion":["\u0004"],"DateCreated":["20120517"],"TimeCreated":["105456"],"DigitalCreationDate":["20120517"],"DigitalCreationTime":["105456"],"By-line":["Luna Imaging"]}},"iptc":{"comments":{"IPTCEnvelope":{"CodedCharacterSet":["\u001b%G"]},"IPTCApplication":{"ApplicationRecordVersion":["\u0000\u0004"],"DateCreated":["20120517"],"TimeCreated":["105456"],"DigitalCreationDate":["20120517"],"DigitalCreationTime":["105456"],"By-line":["Luna Imaging"]}},"encoding":"ISO-8859-1"},"jpg":{"exif":{"FILE":{"FileName":"ad4043b6d24eb18f6a6c28306c23ce62.jpg","FileDateTime":1522345480,"FileSize":1243659,"FileType":2,"MimeType":"image\/jpeg","SectionsFound":"ANY_TAG, IFD0, EXIF"},"COMPUTED":{"html":"width=\"2302\" height=\"3600\"","Height":3600,"Width":2302,"IsColor":1,"ByteOrderMotorola":0,"ApertureFNumber":"f\/7.1"},"IFD0":{"Make":"Canon","Model":"Canon EOS-1Ds Mark III","Software":"Adobe Photoshop Camera Raw 6.6 (Macintosh)","DateTime":"2012:05:29 09:03:47","Artist":"Luna Imaging","Exif_IFD_Pointer":194},"EXIF":{"ExposureTime":0.0166666666666669995022775907500545145012438297271728515625,"FNumber":7.0999999999999996447286321199499070644378662109375,"ExposureProgram":1,"ISOSpeedRatings":200,"ExifVersion":230,"DateTimeOriginal":"2012:05:17 10:54:56","DateTimeDigitized":"2012:05:17 10:54:56","ShutterSpeedValue":5.9068909999999998916564436512999236583709716796875,"ApertureValue":5.655637999999999721012500231154263019561767578125,"ExposureBiasValue":0,"MaxApertureValue":2.625,"MeteringMode":5,"Flash":0,"FocalLength":50,"SubSecTimeOriginal":87,"SubSecTimeDigitized":87,"FocalPlaneXResolution":3957.71670190270015154965221881866455078125,"FocalPlaneYResolution":3961.90476190480012519401498138904571533203125,"FocalPlaneResolutionUnit":2,"CustomRendered":0,"ExposureMode":1,"WhiteBalance":1,"SceneCaptureType":0,"UndefinedTag:0xA430":"Luna Imaging","UndefinedTag:0xA431":620549,"UndefinedTag:0xA432":["50\/1","50\/1","0\/0","0\/0"],"UndefinedTag:0xA434":"EF50mm f\/2.5 Compact Macro"}}}},"item":{"id":1044,"url":"https:\/\/transcribe.newberry.org\/api\/items\/1044","resource":"items"},"element_texts":[{"html":false,"text":"Completed","element_set":{"id":4,"url":"https:\/\/transcribe.newberry.org\/api\/element_sets\/4","name":"Scripto","resource":"element_sets"},"element":{"id":53,"url":"https:\/\/transcribe.newberry.org\/api\/elements\/53","name":"Status","resource":"elements"}},{"html":false,"text":"8 too children dear hea left behind\nbesides a wif who was so kind\nShe was lef be hin in a sad state\nthere for to mourn in a sad state","element_set":{"id":4,"url":"https:\/\/transcribe.newberry.org\/api\/element_sets\/4","name":"Scripto","resource":"element_sets"},"element":{"id":52,"url":"https:\/\/transcribe.newberry.org\/api\/elements\/52","name":"Transcription","resource":"elements"}}],"extended_resources":[]}]