[{"id":68625,"url":"https:\/\/transcribe.newberry.org\/api\/files\/68625","file_urls":{"original":"https:\/\/transcribe.newberry.org\/files\/original\/4c3f8f4dc0fe5eeb0f96450b0eefcb6d.jpg","fullsize":"https:\/\/transcribe.newberry.org\/files\/fullsize\/4c3f8f4dc0fe5eeb0f96450b0eefcb6d.jpg","thumbnail":"https:\/\/transcribe.newberry.org\/files\/thumbnails\/4c3f8f4dc0fe5eeb0f96450b0eefcb6d.jpg","square_thumbnail":"https:\/\/transcribe.newberry.org\/files\/square_thumbnails\/4c3f8f4dc0fe5eeb0f96450b0eefcb6d.jpg"},"added":"2018-03-29T15:23:48+00:00","modified":"2021-10-11T20:02:08+00:00","filename":"4c3f8f4dc0fe5eeb0f96450b0eefcb6d.jpg","authentication":"3aad2b29f90333ac221f96b22641efb9","has_derivative_image":true,"mime_type":"image\/jpeg","order":null,"original_filename":"Ayer_MS_205_00001_o2.jpg","size":1566596,"stored":true,"type_os":"JPEG image data, JFIF standard 1.01","metadata":{"mime_type":"image\/jpeg","video":{"dataformat":"jpg","lossless":false,"bits_per_sample":24,"pixel_aspect_ratio":1,"resolution_x":2673,"resolution_y":3600,"compression_ratio":0.054266810768868002645692882879302487708628177642822265625},"comments":{"IPTCEnvelope":{"CodedCharacterSet":["\u001b%G"]},"IPTCApplication":{"ApplicationRecordVersion":[""],"DateCreated":["20120501"],"TimeCreated":["104550+0000"]}},"comments_html":{"IPTCEnvelope":{"CodedCharacterSet":["\u001b%G"]},"IPTCApplication":{"ApplicationRecordVersion":[""],"DateCreated":["20120501"],"TimeCreated":["104550+0000"]}},"iptc":{"comments":{"IPTCEnvelope":{"CodedCharacterSet":["\u001b%G"]},"IPTCApplication":{"ApplicationRecordVersion":["\u0000\u0000"],"DateCreated":["20120501"],"TimeCreated":["104550+0000"]}},"encoding":"ISO-8859-1"},"jpg":{"exif":{"FILE":{"FileName":"4c3f8f4dc0fe5eeb0f96450b0eefcb6d.jpg","FileDateTime":1522337028,"FileSize":1566596,"FileType":2,"MimeType":"image\/jpeg","SectionsFound":"ANY_TAG, IFD0, EXIF"},"COMPUTED":{"html":"width=\"2673\" height=\"3600\"","Height":3600,"Width":2673,"IsColor":1,"ByteOrderMotorola":0,"CCDWidth":"13mm","ApertureFNumber":"f\/7.1"},"IFD0":{"Make":"Canon","Model":"Canon EOS 5D Mark II","Software":"Adobe Photoshop CS5.1 Macintosh","DateTime":"2012:05:10 12:17:52","Exif_IFD_Pointer":154},"EXIF":{"ExposureTime":0.0166666666666669995022775907500545145012438297271728515625,"FNumber":7.0999999999999996447286321199499070644378662109375,"ExposureProgram":1,"ISOSpeedRatings":200,"ExifVersion":221,"DateTimeOriginal":"2012:05:01 10:45:50","DateTimeDigitized":"2012:05:01 10:45:50","ShutterSpeedValue":5.9068909999999998916564436512999236583709716796875,"ApertureValue":5.655637999999999721012500231154263019561767578125,"ExposureBiasValue":0,"MaxApertureValue":2.625,"MeteringMode":5,"Flash":16,"FocalLength":50,"SubSecTime":31,"SubSecTimeOriginal":31,"SubSecTimeDigitized":31,"ColorSpace":65535,"ExifImageWidth":2110,"ExifImageLength":2841,"FocalPlaneXResolution":3849.21178889649991106125526130199432373046875,"FocalPlaneYResolution":3908.14196242170010009431280195713043212890625,"FocalPlaneResolutionUnit":2,"CustomRendered":0,"ExposureMode":1,"WhiteBalance":1,"SceneCaptureType":0,"UndefinedTag:0xA431":3021505797,"UndefinedTag:0xA432":["50\/1","50\/1","0\/0","0\/0"],"UndefinedTag:0xA434":"EF50mm f\/2.5 Compact Macro"}}}},"item":{"id":1029,"url":"https:\/\/transcribe.newberry.org\/api\/items\/1029","resource":"items"},"element_texts":[{"html":false,"text":"Completed","element_set":{"id":4,"url":"https:\/\/transcribe.newberry.org\/api\/element_sets\/4","name":"Scripto","resource":"element_sets"},"element":{"id":53,"url":"https:\/\/transcribe.newberry.org\/api\/elements\/53","name":"Status","resource":"elements"}},{"html":false,"text":"Hoissatunuck? [Housatonic] Febuary ye 5: 1734\/5\nReverand Sr this Day the Capt & lives Desired me to write\nto the ministers the following account (viz) that\nafter the meeting there was two Likely men Died\nhear one of them was the Lieut wifes Brother he\nDied in three Day after he was taken the other \nwas a young man that had Ben to Scool he Died\nin two Days after he was taken there are\nSeveral of the Indians Sick all this time but thay\nare Recovering again the Lieuts famely is almost\nall sick Brown? has Bon very Sick but thay are\nall better again the Capt and the Lieut both say\nthat thay was poissned by the other Indians I shall\nwrite a perticuler account to mr Williams of what\nI saw and heard which if you cite of the Letter I\nwould have you Break it open and seal it up \nagain and send it to Mr Williams but this being the \nCapt and Lieut Letter and writ by there Desire I shall\nunclear their names to it Sr excuse the Improperness of this letter\nSr I write to you as thay Deliver to me the Indians\nmany of them that was hear upon the treaty are bad?\nand when thay was Drunk thay betray them selves\nfor they would say to these Indians what makes you so\nmuch like the English: and thay unclear - crossed out and they hate \nus for what we have done but we dont intend\nto give out   your Humble\nSorvent [servant]\n\n           Capt Cunkapot\n          Liut Umpichencey\n       C Aman of?","element_set":{"id":4,"url":"https:\/\/transcribe.newberry.org\/api\/element_sets\/4","name":"Scripto","resource":"element_sets"},"element":{"id":52,"url":"https:\/\/transcribe.newberry.org\/api\/elements\/52","name":"Transcription","resource":"elements"}}],"extended_resources":[]},{"id":68626,"url":"https:\/\/transcribe.newberry.org\/api\/files\/68626","file_urls":{"original":"https:\/\/transcribe.newberry.org\/files\/original\/10348675c12d90b6e8e4e1e05d46d7fb.jpg","fullsize":"https:\/\/transcribe.newberry.org\/files\/fullsize\/10348675c12d90b6e8e4e1e05d46d7fb.jpg","thumbnail":"https:\/\/transcribe.newberry.org\/files\/thumbnails\/10348675c12d90b6e8e4e1e05d46d7fb.jpg","square_thumbnail":"https:\/\/transcribe.newberry.org\/files\/square_thumbnails\/10348675c12d90b6e8e4e1e05d46d7fb.jpg"},"added":"2018-03-29T15:23:49+00:00","modified":"2021-10-11T21:06:15+00:00","filename":"10348675c12d90b6e8e4e1e05d46d7fb.jpg","authentication":"691f7a686de9c4ee5f0781b7d6d3171e","has_derivative_image":true,"mime_type":"image\/jpeg","order":null,"original_filename":"Ayer_MS_205_00002_o2.jpg","size":1356014,"stored":true,"type_os":"JPEG image data, EXIF standard","metadata":{"mime_type":"image\/jpeg","video":{"dataformat":"jpg","lossless":false,"bits_per_sample":24,"pixel_aspect_ratio":1,"resolution_x":2673,"resolution_y":3600,"compression_ratio":0.046972260326170002520118629263379261828958988189697265625},"comments":{"IPTCEnvelope":{"CodedCharacterSet":["\u001b%G"]},"IPTCApplication":{"ApplicationRecordVersion":[""],"DateCreated":["20120501"],"TimeCreated":["104600+0000"]}},"comments_html":{"IPTCEnvelope":{"CodedCharacterSet":["\u001b%G"]},"IPTCApplication":{"ApplicationRecordVersion":[""],"DateCreated":["20120501"],"TimeCreated":["104600+0000"]}},"iptc":{"comments":{"IPTCEnvelope":{"CodedCharacterSet":["\u001b%G"]},"IPTCApplication":{"ApplicationRecordVersion":["\u0000\u0000"],"DateCreated":["20120501"],"TimeCreated":["104600+0000"]}},"encoding":"ISO-8859-1"},"jpg":{"exif":{"FILE":{"FileName":"10348675c12d90b6e8e4e1e05d46d7fb.jpg","FileDateTime":1522337028,"FileSize":1356014,"FileType":2,"MimeType":"image\/jpeg","SectionsFound":"ANY_TAG, IFD0, THUMBNAIL, EXIF"},"COMPUTED":{"html":"width=\"2673\" height=\"3600\"","Height":3600,"Width":2673,"IsColor":1,"ByteOrderMotorola":0,"CCDWidth":"17mm","ApertureFNumber":"f\/7.1","Thumbnail.FileType":2,"Thumbnail.MimeType":"image\/jpeg"},"IFD0":{"ImageWidth":2673,"ImageLength":3600,"BitsPerSample":[8,8,8],"PhotometricInterpretation":2,"Make":"Canon","Model":"Canon EOS 5D Mark II","Orientation":1,"SamplesPerPixel":3,"XResolution":300,"YResolution":300,"ResolutionUnit":2,"Software":"Adobe Photoshop CC 2017 (Windows)","DateTime":"2018:03:29 09:48:16","Exif_IFD_Pointer":288},"THUMBNAIL":{"Compression":6,"XResolution":72,"YResolution":72,"ResolutionUnit":2,"JPEGInterchangeFormat":930,"JPEGInterchangeFormatLength":6033},"EXIF":{"ExposureTime":0.0166666666666669995022775907500545145012438297271728515625,"FNumber":7.0999999999999996447286321199499070644378662109375,"ExposureProgram":1,"ISOSpeedRatings":200,"ExifVersion":221,"DateTimeOriginal":"2012:05:01 10:46:00","DateTimeDigitized":"2012:05:01 10:46:00","ShutterSpeedValue":5.9068909999999998916564436512999236583709716796875,"ApertureValue":5.655637999999999721012500231154263019561767578125,"ExposureBiasValue":0,"MaxApertureValue":2.625,"MeteringMode":5,"Flash":16,"FocalLength":50,"SubSecTime":20,"SubSecTimeOriginal":20,"SubSecTimeDigitized":20,"ColorSpace":65535,"ExifImageWidth":2673,"ExifImageLength":3600,"FocalPlaneXResolution":3849.21178889649991106125526130199432373046875,"FocalPlaneYResolution":3908.14196242170010009431280195713043212890625,"FocalPlaneResolutionUnit":2,"CustomRendered":0,"ExposureMode":1,"WhiteBalance":1,"SceneCaptureType":0,"UndefinedTag:0xA431":3021505797,"UndefinedTag:0xA432":["50\/1","50\/1","0\/0","0\/0"],"UndefinedTag:0xA434":"EF50mm f\/2.5 Compact Macro"}}}},"item":{"id":1029,"url":"https:\/\/transcribe.newberry.org\/api\/items\/1029","resource":"items"},"element_texts":[{"html":false,"text":"Completed","element_set":{"id":4,"url":"https:\/\/transcribe.newberry.org\/api\/element_sets\/4","name":"Scripto","resource":"element_sets"},"element":{"id":53,"url":"https:\/\/transcribe.newberry.org\/api\/elements\/53","name":"Status","resource":"elements"}},{"html":false,"text":"trifold -- very difficult writing\nfirst column\n\nof Angelical life ie & sprenanul? or of lattar clansse? of I voice crying unclear of unclear or a continuation of ye the Angelical life. - by Samll Shaw,\n\nDr. Owen on ye Sabbath & ye Divine institution of ye lords day. Mr. Stephen charnicks? nation Germany on our enurity ayersinst? Gods [[?]\nRushworthy Historical Collections\n\nDogt: Bun?oggy on  Infant Baptism\n\nMillary Hillony Killony of ye ?noperqution of ye Gospel\nthe Stoiay mistery of a person of C: God = Man\nye  Display of the Emoy? of ye Arminiary -\n\n by Dr. Owen -\n\nMr. Samll Clark, life of our B. Saviour\nhis lives of our English wornisoury\nmiddle column\n? The Reverand Mr. Nehemiah Bull\nat  Westfield Mass\n3rd column\nRelig - Count ?\nGentlemn - Inshnts? -\nFamily Inshntar\nWatts Sermons\nEvans' christ: ?mper?\nBareters call to guncounts?\nunclear Deity  walk?\nGuthries christian Intest\nye life of mr. Phil. Henry & mr. Math Henry\nDavis library?\nDr. Bates' Hermony of ye Divine attributes\nMr. Hows Blessedness of ye Rightiousness\nPalhill? of Redemption\nCole on ye Jane..yhty of God\nMr. Henry's commsenient companion with ? poin\nye Religious family a ?ontnas time of\u00a0? natnalman & e ongenenant aman\nby Mr. Philips Coinb\nye Intent of England in ye matter of religion by Mr. John Corbet\nMr. Jno Corbets Jessinuplagan an sainct\nEnglands duty under ye puesenst Sall libry by mr. Jud Travell\n?? inontuty of ye soul\nupside down\nGen  we are informed of you dep? & we wd inform you","element_set":{"id":4,"url":"https:\/\/transcribe.newberry.org\/api\/element_sets\/4","name":"Scripto","resource":"element_sets"},"element":{"id":52,"url":"https:\/\/transcribe.newberry.org\/api\/elements\/52","name":"Transcription","resource":"elements"}}],"extended_resources":[]}]