[{"id":72424,"url":"https:\/\/transcribe.newberry.org\/api\/files\/72424","file_urls":{"original":"https:\/\/transcribe.newberry.org\/files\/original\/f0902a43f833845a55d316d92c7cb969.jpg","fullsize":"https:\/\/transcribe.newberry.org\/files\/fullsize\/f0902a43f833845a55d316d92c7cb969.jpg","thumbnail":"https:\/\/transcribe.newberry.org\/files\/thumbnails\/f0902a43f833845a55d316d92c7cb969.jpg","square_thumbnail":"https:\/\/transcribe.newberry.org\/files\/square_thumbnails\/f0902a43f833845a55d316d92c7cb969.jpg"},"added":"2018-04-03T16:12:56+00:00","modified":"2020-04-08T18:25:29+00:00","filename":"f0902a43f833845a55d316d92c7cb969.jpg","authentication":"76cef2530cb98c3466fc3d1b2f0a3fe3","has_derivative_image":true,"mime_type":"image\/jpeg","order":null,"original_filename":"Ayer_MS_385_FL001_00002_o2.jpg","size":1270172,"stored":true,"type_os":"JPEG image data, JFIF standard 1.01","metadata":{"mime_type":"image\/jpeg","video":{"dataformat":"jpg","lossless":false,"bits_per_sample":24,"pixel_aspect_ratio":1,"resolution_x":2522,"resolution_y":3600,"compression_ratio":0.046633036684582997166703677294208318926393985748291015625},"comments":{"IPTCEnvelope":{"CodedCharacterSet":["\u001b%G"]},"IPTCApplication":{"ApplicationRecordVersion":[""],"DateCreated":["20120501"],"TimeCreated":["134245+0000"]}},"comments_html":{"IPTCEnvelope":{"CodedCharacterSet":["\u001b%G"]},"IPTCApplication":{"ApplicationRecordVersion":[""],"DateCreated":["20120501"],"TimeCreated":["134245+0000"]}},"iptc":{"comments":{"IPTCEnvelope":{"CodedCharacterSet":["\u001b%G"]},"IPTCApplication":{"ApplicationRecordVersion":["\u0000\u0000"],"DateCreated":["20120501"],"TimeCreated":["134245+0000"]}},"encoding":"ISO-8859-1"},"jpg":{"exif":{"FILE":{"FileName":"f0902a43f833845a55d316d92c7cb969.jpg","FileDateTime":1522771975,"FileSize":1270172,"FileType":2,"MimeType":"image\/jpeg","SectionsFound":"ANY_TAG, IFD0, EXIF"},"COMPUTED":{"html":"width=\"2522\" height=\"3600\"","Height":3600,"Width":2522,"IsColor":1,"ByteOrderMotorola":0,"CCDWidth":"14mm","ApertureFNumber":"f\/7.1"},"IFD0":{"Make":"Canon","Model":"Canon EOS 5D Mark II","Software":"Adobe Photoshop CS5.1 Macintosh","DateTime":"2012:05:11 14:01:21","Exif_IFD_Pointer":154},"EXIF":{"ExposureTime":0.0166666666666669995022775907500545145012438297271728515625,"FNumber":7.0999999999999996447286321199499070644378662109375,"ExposureProgram":1,"ISOSpeedRatings":200,"ExifVersion":221,"DateTimeOriginal":"2012:05:01 13:42:45","DateTimeDigitized":"2012:05:01 13:42:45","ShutterSpeedValue":5.9068909999999998916564436512999236583709716796875,"ApertureValue":5.655637999999999721012500231154263019561767578125,"ExposureBiasValue":0,"MaxApertureValue":2.625,"MeteringMode":5,"Flash":16,"FocalLength":50,"SubSecTime":0,"SubSecTimeOriginal":0,"SubSecTimeDigitized":0,"ColorSpace":65535,"ExifImageWidth":2258,"ExifImageLength":3222,"FocalPlaneXResolution":3849.21178889649991106125526130199432373046875,"FocalPlaneYResolution":3908.14196242170010009431280195713043212890625,"FocalPlaneResolutionUnit":2,"CustomRendered":0,"ExposureMode":1,"WhiteBalance":1,"SceneCaptureType":0,"UndefinedTag:0xA431":3021505797,"UndefinedTag:0xA432":["50\/1","50\/1","0\/0","0\/0"],"UndefinedTag:0xA434":"EF50mm f\/2.5 Compact Macro"}}}},"item":{"id":1071,"url":"https:\/\/transcribe.newberry.org\/api\/items\/1071","resource":"items"},"element_texts":[{"html":false,"text":"Completed","element_set":{"id":4,"url":"https:\/\/transcribe.newberry.org\/api\/element_sets\/4","name":"Scripto","resource":"element_sets"},"element":{"id":53,"url":"https:\/\/transcribe.newberry.org\/api\/elements\/53","name":"Status","resource":"elements"}},{"html":false,"text":"Initials WM? crossed through\nFor the Honble William, Stoughton, esqr,  Lieut Governour & Comander in chiff of their Majst: province province of the Masachusetts bay this humbly present Sm? Bostone or in his absence unto Isaak Addington esqr for their Majestys service\nDecember 17th 1694 upside down, in another hand, cropped\nLre. from Majcropped of Decr. 17 docket title, cropped","element_set":{"id":4,"url":"https:\/\/transcribe.newberry.org\/api\/element_sets\/4","name":"Scripto","resource":"element_sets"},"element":{"id":52,"url":"https:\/\/transcribe.newberry.org\/api\/elements\/52","name":"Transcription","resource":"elements"}}],"extended_resources":[]},{"id":72425,"url":"https:\/\/transcribe.newberry.org\/api\/files\/72425","file_urls":{"original":"https:\/\/transcribe.newberry.org\/files\/original\/96312c1befe5541ed4927b31cb93d396.jpg","fullsize":"https:\/\/transcribe.newberry.org\/files\/fullsize\/96312c1befe5541ed4927b31cb93d396.jpg","thumbnail":"https:\/\/transcribe.newberry.org\/files\/thumbnails\/96312c1befe5541ed4927b31cb93d396.jpg","square_thumbnail":"https:\/\/transcribe.newberry.org\/files\/square_thumbnails\/96312c1befe5541ed4927b31cb93d396.jpg"},"added":"2018-04-03T16:12:57+00:00","modified":"2020-03-26T15:07:40+00:00","filename":"96312c1befe5541ed4927b31cb93d396.jpg","authentication":"3aa4cb2ab55b3d6ea30517a4194c40df","has_derivative_image":true,"mime_type":"image\/jpeg","order":null,"original_filename":"Ayer_MS_385_FL002_00001_o2.jpg","size":1333269,"stored":true,"type_os":"JPEG image data, JFIF standard 1.01","metadata":{"mime_type":"image\/jpeg","video":{"dataformat":"jpg","lossless":false,"bits_per_sample":24,"pixel_aspect_ratio":1,"resolution_x":2578,"resolution_y":3600,"compression_ratio":0.04788628135505600125210179385248920880258083343505859375},"comments":{"IPTCEnvelope":{"CodedCharacterSet":["\u001b%G"]},"IPTCApplication":{"ApplicationRecordVersion":[""],"DateCreated":["20120501"],"TimeCreated":["134304+0000"]}},"comments_html":{"IPTCEnvelope":{"CodedCharacterSet":["\u001b%G"]},"IPTCApplication":{"ApplicationRecordVersion":[""],"DateCreated":["20120501"],"TimeCreated":["134304+0000"]}},"iptc":{"comments":{"IPTCEnvelope":{"CodedCharacterSet":["\u001b%G"]},"IPTCApplication":{"ApplicationRecordVersion":["\u0000\u0000"],"DateCreated":["20120501"],"TimeCreated":["134304+0000"]}},"encoding":"ISO-8859-1"},"jpg":{"exif":{"FILE":{"FileName":"96312c1befe5541ed4927b31cb93d396.jpg","FileDateTime":1522771975,"FileSize":1333269,"FileType":2,"MimeType":"image\/jpeg","SectionsFound":"ANY_TAG, IFD0, EXIF"},"COMPUTED":{"html":"width=\"2578\" height=\"3600\"","Height":3600,"Width":2578,"IsColor":1,"ByteOrderMotorola":0,"CCDWidth":"14mm","ApertureFNumber":"f\/7.1"},"IFD0":{"Make":"Canon","Model":"Canon EOS 5D Mark II","Software":"Adobe Photoshop CS5.1 Macintosh","DateTime":"2012:05:11 14:01:22","Exif_IFD_Pointer":154},"EXIF":{"ExposureTime":0.0166666666666669995022775907500545145012438297271728515625,"FNumber":7.0999999999999996447286321199499070644378662109375,"ExposureProgram":1,"ISOSpeedRatings":200,"ExifVersion":221,"DateTimeOriginal":"2012:05:01 13:43:04","DateTimeDigitized":"2012:05:01 13:43:04","ShutterSpeedValue":5.9068909999999998916564436512999236583709716796875,"ApertureValue":5.655637999999999721012500231154263019561767578125,"ExposureBiasValue":0,"MaxApertureValue":2.625,"MeteringMode":5,"Flash":16,"FocalLength":50,"SubSecTime":22,"SubSecTimeOriginal":22,"SubSecTimeDigitized":22,"ColorSpace":65535,"ExifImageWidth":2268,"ExifImageLength":3167,"FocalPlaneXResolution":3849.21178889649991106125526130199432373046875,"FocalPlaneYResolution":3908.14196242170010009431280195713043212890625,"FocalPlaneResolutionUnit":2,"CustomRendered":0,"ExposureMode":1,"WhiteBalance":1,"SceneCaptureType":0,"UndefinedTag:0xA431":3021505797,"UndefinedTag:0xA432":["50\/1","50\/1","0\/0","0\/0"],"UndefinedTag:0xA434":"EF50mm f\/2.5 Compact Macro"}}}},"item":{"id":1071,"url":"https:\/\/transcribe.newberry.org\/api\/items\/1071","resource":"items"},"element_texts":[{"html":false,"text":"Completed","element_set":{"id":4,"url":"https:\/\/transcribe.newberry.org\/api\/element_sets\/4","name":"Scripto","resource":"element_sets"},"element":{"id":53,"url":"https:\/\/transcribe.newberry.org\/api\/elements\/53","name":"Status","resource":"elements"}},{"html":false,"text":"May it pleas yor honr\/   Kittery this 23 of Decembr 1694\nThese are to informe you, that this morninge came in the long looked for sloope designe? God willinge to morrow morninge to take out of her what is to be landed here and to putt abourde the souldiers that soe the unclear opertunity may be improved to sayle hence, which I hope may be tomorrow, however your hounor may be unclear and that they shall not stope a moment for me, for both the souldiers as well as myself have ben much wearyed in our long wayghtinge for I did well hope when the thing was first unclear on , that by this time the sloop might have unclear in a unclear to have returned I wish the long delaye hat hath been doe not prove detrimentall to our unclar in the souldiers absence though I deigne to send away as few of them as possible I can, but the long stay of the sloop hath unclear many others that was willinge to goe for to returne home; pray if the Indians be not unclear torn away I hope your honor will see cause to hasten them consideringe our circumstances in this remote parts, by the next when the sloope is gone I shall inlardge this the unclear unclear\nyour honor's humble servant\nFrancis Hooke","element_set":{"id":4,"url":"https:\/\/transcribe.newberry.org\/api\/element_sets\/4","name":"Scripto","resource":"element_sets"},"element":{"id":52,"url":"https:\/\/transcribe.newberry.org\/api\/elements\/52","name":"Transcription","resource":"elements"}}],"extended_resources":[]},{"id":72426,"url":"https:\/\/transcribe.newberry.org\/api\/files\/72426","file_urls":{"original":"https:\/\/transcribe.newberry.org\/files\/original\/7cad94767b1c9a5e766163973db12b15.jpg","fullsize":"https:\/\/transcribe.newberry.org\/files\/fullsize\/7cad94767b1c9a5e766163973db12b15.jpg","thumbnail":"https:\/\/transcribe.newberry.org\/files\/thumbnails\/7cad94767b1c9a5e766163973db12b15.jpg","square_thumbnail":"https:\/\/transcribe.newberry.org\/files\/square_thumbnails\/7cad94767b1c9a5e766163973db12b15.jpg"},"added":"2018-04-03T16:12:58+00:00","modified":"2020-04-08T18:31:43+00:00","filename":"7cad94767b1c9a5e766163973db12b15.jpg","authentication":"8268f24f9fd0292b9267fa3a7bfa0fb6","has_derivative_image":true,"mime_type":"image\/jpeg","order":null,"original_filename":"Ayer_MS_385_FL002_00002_o2.jpg","size":1205567,"stored":true,"type_os":"JPEG image data, JFIF standard 1.01","metadata":{"mime_type":"image\/jpeg","video":{"dataformat":"jpg","lossless":false,"bits_per_sample":24,"pixel_aspect_ratio":1,"resolution_x":2571,"resolution_y":3600,"compression_ratio":0.043417570623911001803651998898203601129353046417236328125},"comments":{"IPTCEnvelope":{"CodedCharacterSet":["\u001b%G"]},"IPTCApplication":{"ApplicationRecordVersion":[""],"DateCreated":["20120501"],"TimeCreated":["134316+0000"]}},"comments_html":{"IPTCEnvelope":{"CodedCharacterSet":["\u001b%G"]},"IPTCApplication":{"ApplicationRecordVersion":[""],"DateCreated":["20120501"],"TimeCreated":["134316+0000"]}},"iptc":{"comments":{"IPTCEnvelope":{"CodedCharacterSet":["\u001b%G"]},"IPTCApplication":{"ApplicationRecordVersion":["\u0000\u0000"],"DateCreated":["20120501"],"TimeCreated":["134316+0000"]}},"encoding":"ISO-8859-1"},"jpg":{"exif":{"FILE":{"FileName":"7cad94767b1c9a5e766163973db12b15.jpg","FileDateTime":1522771975,"FileSize":1205567,"FileType":2,"MimeType":"image\/jpeg","SectionsFound":"ANY_TAG, IFD0, EXIF"},"COMPUTED":{"html":"width=\"2571\" height=\"3600\"","Height":3600,"Width":2571,"IsColor":1,"ByteOrderMotorola":0,"CCDWidth":"14mm","ApertureFNumber":"f\/7.1"},"IFD0":{"Make":"Canon","Model":"Canon EOS 5D Mark II","Software":"Adobe Photoshop CS5.1 Macintosh","DateTime":"2012:05:11 14:01:23","Exif_IFD_Pointer":154},"EXIF":{"ExposureTime":0.0166666666666669995022775907500545145012438297271728515625,"FNumber":7.0999999999999996447286321199499070644378662109375,"ExposureProgram":1,"ISOSpeedRatings":200,"ExifVersion":221,"DateTimeOriginal":"2012:05:01 13:43:16","DateTimeDigitized":"2012:05:01 13:43:16","ShutterSpeedValue":5.9068909999999998916564436512999236583709716796875,"ApertureValue":5.655637999999999721012500231154263019561767578125,"ExposureBiasValue":0,"MaxApertureValue":2.625,"MeteringMode":5,"Flash":16,"FocalLength":50,"SubSecTime":68,"SubSecTimeOriginal":68,"SubSecTimeDigitized":68,"ColorSpace":65535,"ExifImageWidth":2262,"ExifImageLength":3167,"FocalPlaneXResolution":3849.21178889649991106125526130199432373046875,"FocalPlaneYResolution":3908.14196242170010009431280195713043212890625,"FocalPlaneResolutionUnit":2,"CustomRendered":0,"ExposureMode":1,"WhiteBalance":1,"SceneCaptureType":0,"UndefinedTag:0xA431":3021505797,"UndefinedTag:0xA432":["50\/1","50\/1","0\/0","0\/0"],"UndefinedTag:0xA434":"EF50mm f\/2.5 Compact Macro"}}}},"item":{"id":1071,"url":"https:\/\/transcribe.newberry.org\/api\/items\/1071","resource":"items"},"element_texts":[{"html":false,"text":"Completed","element_set":{"id":4,"url":"https:\/\/transcribe.newberry.org\/api\/element_sets\/4","name":"Scripto","resource":"element_sets"},"element":{"id":53,"url":"https:\/\/transcribe.newberry.org\/api\/elements\/53","name":"Status","resource":"elements"}},{"html":false,"text":"unclear from Major Hooke\nof Decr. 23. 1694. .\/.\ninitial WM? crossed through\nFor the honble: William Stoughton esqr: Lieutent govr, of theire Majestys province of the Massachusets bay or in his absence unto Isaak Addington esqr this present Sm\nBoston For their Majestys service\nDecember 23-- 1694. upside down, in another hand","element_set":{"id":4,"url":"https:\/\/transcribe.newberry.org\/api\/element_sets\/4","name":"Scripto","resource":"element_sets"},"element":{"id":52,"url":"https:\/\/transcribe.newberry.org\/api\/elements\/52","name":"Transcription","resource":"elements"}}],"extended_resources":[]},{"id":72427,"url":"https:\/\/transcribe.newberry.org\/api\/files\/72427","file_urls":{"original":"https:\/\/transcribe.newberry.org\/files\/original\/50cbe369c56dfff724db670e734897ef.jpg","fullsize":"https:\/\/transcribe.newberry.org\/files\/fullsize\/50cbe369c56dfff724db670e734897ef.jpg","thumbnail":"https:\/\/transcribe.newberry.org\/files\/thumbnails\/50cbe369c56dfff724db670e734897ef.jpg","square_thumbnail":"https:\/\/transcribe.newberry.org\/files\/square_thumbnails\/50cbe369c56dfff724db670e734897ef.jpg"},"added":"2018-04-03T16:12:59+00:00","modified":"2020-03-26T23:20:10+00:00","filename":"50cbe369c56dfff724db670e734897ef.jpg","authentication":"2fb4ea4810c03bed33c45cc2656ce4b3","has_derivative_image":true,"mime_type":"image\/jpeg","order":null,"original_filename":"Ayer_MS_385_FL003_00001_o2.jpg","size":1455159,"stored":true,"type_os":"JPEG image data, JFIF standard 1.01","metadata":{"mime_type":"image\/jpeg","video":{"dataformat":"jpg","lossless":false,"bits_per_sample":24,"pixel_aspect_ratio":1,"resolution_x":2313,"resolution_y":3600,"compression_ratio":0.05825202959120000245629711344008683227002620697021484375},"comments":{"IPTCEnvelope":{"CodedCharacterSet":["\u001b%G"]},"IPTCApplication":{"ApplicationRecordVersion":[""],"DateCreated":["20120501"],"TimeCreated":["134340+0000"]}},"comments_html":{"IPTCEnvelope":{"CodedCharacterSet":["\u001b%G"]},"IPTCApplication":{"ApplicationRecordVersion":[""],"DateCreated":["20120501"],"TimeCreated":["134340+0000"]}},"iptc":{"comments":{"IPTCEnvelope":{"CodedCharacterSet":["\u001b%G"]},"IPTCApplication":{"ApplicationRecordVersion":["\u0000\u0000"],"DateCreated":["20120501"],"TimeCreated":["134340+0000"]}},"encoding":"ISO-8859-1"},"jpg":{"exif":{"FILE":{"FileName":"50cbe369c56dfff724db670e734897ef.jpg","FileDateTime":1522771975,"FileSize":1455159,"FileType":2,"MimeType":"image\/jpeg","SectionsFound":"ANY_TAG, IFD0, EXIF"},"COMPUTED":{"html":"width=\"2313\" height=\"3600\"","Height":3600,"Width":2313,"IsColor":1,"ByteOrderMotorola":0,"CCDWidth":"15mm","ApertureFNumber":"f\/7.1"},"IFD0":{"Make":"Canon","Model":"Canon EOS 5D Mark II","Software":"Adobe Photoshop CS5.1 Macintosh","DateTime":"2012:05:11 14:01:24","Exif_IFD_Pointer":154},"EXIF":{"ExposureTime":0.0166666666666669995022775907500545145012438297271728515625,"FNumber":7.0999999999999996447286321199499070644378662109375,"ExposureProgram":1,"ISOSpeedRatings":200,"ExifVersion":221,"DateTimeOriginal":"2012:05:01 13:43:40","DateTimeDigitized":"2012:05:01 13:43:40","ShutterSpeedValue":5.9068909999999998916564436512999236583709716796875,"ApertureValue":5.655637999999999721012500231154263019561767578125,"ExposureBiasValue":0,"MaxApertureValue":2.625,"MeteringMode":5,"Flash":16,"FocalLength":50,"SubSecTime":99,"SubSecTimeOriginal":99,"SubSecTimeDigitized":99,"ColorSpace":65535,"ExifImageWidth":2279,"ExifImageLength":3546,"FocalPlaneXResolution":3849.21178889649991106125526130199432373046875,"FocalPlaneYResolution":3908.14196242170010009431280195713043212890625,"FocalPlaneResolutionUnit":2,"CustomRendered":0,"ExposureMode":1,"WhiteBalance":1,"SceneCaptureType":0,"UndefinedTag:0xA431":3021505797,"UndefinedTag:0xA432":["50\/1","50\/1","0\/0","0\/0"],"UndefinedTag:0xA434":"EF50mm f\/2.5 Compact Macro"}}}},"item":{"id":1071,"url":"https:\/\/transcribe.newberry.org\/api\/items\/1071","resource":"items"},"element_texts":[{"html":false,"text":"Completed","element_set":{"id":4,"url":"https:\/\/transcribe.newberry.org\/api\/element_sets\/4","name":"Scripto","resource":"element_sets"},"element":{"id":53,"url":"https:\/\/transcribe.newberry.org\/api\/elements\/53","name":"Status","resource":"elements"}},{"html":false,"text":"May it please your honor\/   Kittery this 31 December 1694\nI take it for granted that my letter came to your honors hand the last weeke in which I informed you that Mr. Phillips came not better until Lords day last was sevennight, one the next day beinge monday in the morning I sent aborde the sloope and brought as those all that was to be landed here and forthright sent them ballast without any of their help in order unto a speedy dispatch concludeing one monday night or tuesday morning they would have sett sayle the souldiers havinge been ready ten days before and soe it was that he would not take them in one tewsday soe that by sum sett that day came in the sloop with the Indians, order was attended about them that soe they were kept under deck all the time they were here; the weather proved so terrible that they did not see cause to sayle hence before saturday morninge I sent with the sloope unclear souldiers I hope by this time they are at their port I pray God give them good sukses for unclear them to atend such measures as was concluded one at councill table, our long stay here hath put me under some fear that the enemy may be upon us before the return of our souldiers however I have left a company of souldiers at Burwicke york and wells and am resolved to keep each place close to their duty, and in order there unto I am just now bound to yorke and wells to take efectuall care with the comission offering of each town to have ey over them and if any faylier, immediately to give me an arround thre of all which one the invasion of the souldiers they received my order for in unclear which now in person agayn I see cause to unclear enforce us which are but very weak however shall improve unclear strength we have to the uttermost, I have seen unclear for to impress some men in our unclear part of this river where our garrisons are strong and send some of them to permaquid and others of them to Barwicke: all which I hope wil be unclear able to go home; however indeavour unclear outtermost have not been wantinge. by his honour's: humble servant\nFrancis Hooke\nthe souldiers are gone under the command of Captan unclear Chulk? and Lieutenant unclear further over the sloope went away out of this harbor within one hower on of another but my strict charge was to keep the Indians downe: informing them unclear was another sloop unclear","element_set":{"id":4,"url":"https:\/\/transcribe.newberry.org\/api\/element_sets\/4","name":"Scripto","resource":"element_sets"},"element":{"id":52,"url":"https:\/\/transcribe.newberry.org\/api\/elements\/52","name":"Transcription","resource":"elements"}}],"extended_resources":[]},{"id":72428,"url":"https:\/\/transcribe.newberry.org\/api\/files\/72428","file_urls":{"original":"https:\/\/transcribe.newberry.org\/files\/original\/1f3581731537dca914cca54dc85c2089.jpg","fullsize":"https:\/\/transcribe.newberry.org\/files\/fullsize\/1f3581731537dca914cca54dc85c2089.jpg","thumbnail":"https:\/\/transcribe.newberry.org\/files\/thumbnails\/1f3581731537dca914cca54dc85c2089.jpg","square_thumbnail":"https:\/\/transcribe.newberry.org\/files\/square_thumbnails\/1f3581731537dca914cca54dc85c2089.jpg"},"added":"2018-04-03T16:13:00+00:00","modified":"2020-04-08T18:39:18+00:00","filename":"1f3581731537dca914cca54dc85c2089.jpg","authentication":"3c576e9ad3ef23813704dc873873d61a","has_derivative_image":true,"mime_type":"image\/jpeg","order":null,"original_filename":"Ayer_MS_385_FL003_00002_o2.jpg","size":1178864,"stored":true,"type_os":"JPEG image data, JFIF standard 1.01","metadata":{"mime_type":"image\/jpeg","video":{"dataformat":"jpg","lossless":false,"bits_per_sample":24,"pixel_aspect_ratio":1,"resolution_x":2363,"resolution_y":3600,"compression_ratio":0.046193006379209998468748921141013852320611476898193359375},"comments":{"IPTCEnvelope":{"CodedCharacterSet":["\u001b%G"]},"IPTCApplication":{"ApplicationRecordVersion":[""],"DateCreated":["20120501"],"TimeCreated":["134355+0000"]}},"comments_html":{"IPTCEnvelope":{"CodedCharacterSet":["\u001b%G"]},"IPTCApplication":{"ApplicationRecordVersion":[""],"DateCreated":["20120501"],"TimeCreated":["134355+0000"]}},"iptc":{"comments":{"IPTCEnvelope":{"CodedCharacterSet":["\u001b%G"]},"IPTCApplication":{"ApplicationRecordVersion":["\u0000\u0000"],"DateCreated":["20120501"],"TimeCreated":["134355+0000"]}},"encoding":"ISO-8859-1"},"jpg":{"exif":{"FILE":{"FileName":"1f3581731537dca914cca54dc85c2089.jpg","FileDateTime":1522771975,"FileSize":1178864,"FileType":2,"MimeType":"image\/jpeg","SectionsFound":"ANY_TAG, IFD0, EXIF"},"COMPUTED":{"html":"width=\"2363\" height=\"3600\"","Height":3600,"Width":2363,"IsColor":1,"ByteOrderMotorola":0,"CCDWidth":"15mm","ApertureFNumber":"f\/7.1"},"IFD0":{"Make":"Canon","Model":"Canon EOS 5D Mark II","Software":"Adobe Photoshop CS5.1 Macintosh","DateTime":"2012:05:11 14:01:24","Exif_IFD_Pointer":154},"EXIF":{"ExposureTime":0.0166666666666669995022775907500545145012438297271728515625,"FNumber":7.0999999999999996447286321199499070644378662109375,"ExposureProgram":1,"ISOSpeedRatings":200,"ExifVersion":221,"DateTimeOriginal":"2012:05:01 13:43:55","DateTimeDigitized":"2012:05:01 13:43:55","ShutterSpeedValue":5.9068909999999998916564436512999236583709716796875,"ApertureValue":5.655637999999999721012500231154263019561767578125,"ExposureBiasValue":0,"MaxApertureValue":2.625,"MeteringMode":5,"Flash":16,"FocalLength":50,"SubSecTime":68,"SubSecTimeOriginal":68,"SubSecTimeDigitized":68,"ColorSpace":65535,"ExifImageWidth":2274,"ExifImageLength":3464,"FocalPlaneXResolution":3849.21178889649991106125526130199432373046875,"FocalPlaneYResolution":3908.14196242170010009431280195713043212890625,"FocalPlaneResolutionUnit":2,"CustomRendered":0,"ExposureMode":1,"WhiteBalance":1,"SceneCaptureType":0,"UndefinedTag:0xA431":3021505797,"UndefinedTag:0xA432":["50\/1","50\/1","0\/0","0\/0"],"UndefinedTag:0xA434":"EF50mm f\/2.5 Compact Macro"}}}},"item":{"id":1071,"url":"https:\/\/transcribe.newberry.org\/api\/items\/1071","resource":"items"},"element_texts":[{"html":false,"text":"Completed","element_set":{"id":4,"url":"https:\/\/transcribe.newberry.org\/api\/element_sets\/4","name":"Scripto","resource":"element_sets"},"element":{"id":53,"url":"https:\/\/transcribe.newberry.org\/api\/elements\/53","name":"Status","resource":"elements"}},{"html":false,"text":"Lre from Major Hooke\nxbr. 31. 1694 .\/. docket title\ncurlicue decoration\nFor the honbl, Willian Stoughten esqr, Lieut Govr: of their Majestys province of the Massachusetts bay or in his absence to Isaak Addington esqr present Sm Bostone For their Majestys service\nLetter from Major Hooke. December 31.-- 1694. another docket title, upside down, in another hand","element_set":{"id":4,"url":"https:\/\/transcribe.newberry.org\/api\/element_sets\/4","name":"Scripto","resource":"element_sets"},"element":{"id":52,"url":"https:\/\/transcribe.newberry.org\/api\/elements\/52","name":"Transcription","resource":"elements"}}],"extended_resources":[]},{"id":72429,"url":"https:\/\/transcribe.newberry.org\/api\/files\/72429","file_urls":{"original":"https:\/\/transcribe.newberry.org\/files\/original\/283617a7fdbe33093c46a782293cd6e7.jpg","fullsize":"https:\/\/transcribe.newberry.org\/files\/fullsize\/283617a7fdbe33093c46a782293cd6e7.jpg","thumbnail":"https:\/\/transcribe.newberry.org\/files\/thumbnails\/283617a7fdbe33093c46a782293cd6e7.jpg","square_thumbnail":"https:\/\/transcribe.newberry.org\/files\/square_thumbnails\/283617a7fdbe33093c46a782293cd6e7.jpg"},"added":"2018-04-03T16:13:01+00:00","modified":"2020-04-08T19:05:20+00:00","filename":"283617a7fdbe33093c46a782293cd6e7.jpg","authentication":"fdd213c42d497377fe6f0388afec882a","has_derivative_image":true,"mime_type":"image\/jpeg","order":null,"original_filename":"Ayer_MS_385_FL01_00001_o2.jpg","size":1323357,"stored":true,"type_os":"JPEG image data, JFIF standard 1.01","metadata":{"mime_type":"image\/jpeg","video":{"dataformat":"jpg","lossless":false,"bits_per_sample":24,"pixel_aspect_ratio":1,"resolution_x":2540,"resolution_y":3600,"compression_ratio":0.04824136045494299696034801172572770155966281890869140625},"comments":{"IPTCEnvelope":{"CodedCharacterSet":["\u001b%G"]},"IPTCApplication":{"ApplicationRecordVersion":[""],"DateCreated":["20120501"],"TimeCreated":["134230+0000"]}},"comments_html":{"IPTCEnvelope":{"CodedCharacterSet":["\u001b%G"]},"IPTCApplication":{"ApplicationRecordVersion":[""],"DateCreated":["20120501"],"TimeCreated":["134230+0000"]}},"iptc":{"comments":{"IPTCEnvelope":{"CodedCharacterSet":["\u001b%G"]},"IPTCApplication":{"ApplicationRecordVersion":["\u0000\u0000"],"DateCreated":["20120501"],"TimeCreated":["134230+0000"]}},"encoding":"ISO-8859-1"},"jpg":{"exif":{"FILE":{"FileName":"283617a7fdbe33093c46a782293cd6e7.jpg","FileDateTime":1522771976,"FileSize":1323357,"FileType":2,"MimeType":"image\/jpeg","SectionsFound":"ANY_TAG, IFD0, EXIF"},"COMPUTED":{"html":"width=\"2540\" height=\"3600\"","Height":3600,"Width":2540,"IsColor":1,"ByteOrderMotorola":0,"CCDWidth":"15mm","ApertureFNumber":"f\/7.1"},"IFD0":{"Make":"Canon","Model":"Canon EOS 5D Mark II","Software":"Adobe Photoshop CS5.1 Macintosh","DateTime":"2012:05:11 14:01:20","Exif_IFD_Pointer":154},"EXIF":{"ExposureTime":0.0166666666666669995022775907500545145012438297271728515625,"FNumber":7.0999999999999996447286321199499070644378662109375,"ExposureProgram":1,"ISOSpeedRatings":200,"ExifVersion":221,"DateTimeOriginal":"2012:05:01 13:42:30","DateTimeDigitized":"2012:05:01 13:42:30","ShutterSpeedValue":5.9068909999999998916564436512999236583709716796875,"ApertureValue":5.655637999999999721012500231154263019561767578125,"ExposureBiasValue":0,"MaxApertureValue":2.625,"MeteringMode":5,"Flash":16,"FocalLength":50,"SubSecTime":83,"SubSecTimeOriginal":83,"SubSecTimeDigitized":83,"ColorSpace":65535,"ExifImageWidth":2274,"ExifImageLength":3222,"FocalPlaneXResolution":3849.21178889649991106125526130199432373046875,"FocalPlaneYResolution":3908.14196242170010009431280195713043212890625,"FocalPlaneResolutionUnit":2,"CustomRendered":0,"ExposureMode":1,"WhiteBalance":1,"SceneCaptureType":0,"UndefinedTag:0xA431":3021505797,"UndefinedTag:0xA432":["50\/1","50\/1","0\/0","0\/0"],"UndefinedTag:0xA434":"EF50mm f\/2.5 Compact Macro"}}}},"item":{"id":1071,"url":"https:\/\/transcribe.newberry.org\/api\/items\/1071","resource":"items"},"element_texts":[{"html":false,"text":"Completed","element_set":{"id":4,"url":"https:\/\/transcribe.newberry.org\/api\/element_sets\/4","name":"Scripto","resource":"element_sets"},"element":{"id":53,"url":"https:\/\/transcribe.newberry.org\/api\/elements\/53","name":"Status","resource":"elements"}},{"html":false,"text":"Kittery this 17: of Decembr, 1694\nMay it pleas yor: honr\/\nThese are only to informe you, that I have understood by a letter from Coll: Giddney that yor: honr, have received my letter in which I informed you that I should be prepared soudenly for the sloope in hopes she might have been here before this time, for our continuall longe delays have all ways proved predeudeshall i.e. prejudicial? to most of our expeditions and I wish it may not prove so now, espeshally consideringe the two french vessells are gon east which I would certaynly have stopt had I come hom but on i.e. one half half day sooner; I feare nothing soe much as them to obstruct our good sucksess in this present designe; all the souldiers have been in a readines ever since thursday last and have nothinge to doe but to imbarque immeadiatly soe soon as the sloop coms in; and to the end that nothinge may hinder them I have supplyed them with cloathing and els fittinge for theire acomadation; I hope yor honr will see cause to hasten the sloope away; if shee be not com away before this com to yor honrs: hand all houses at our poynt are full of souldiers with the rest attendinge at yorke wayghtinge every moment when I shall--cropped send for them; which is all at present from him that is---\nyor honrs: perpetuell servnt\nFrancis Hooke","element_set":{"id":4,"url":"https:\/\/transcribe.newberry.org\/api\/element_sets\/4","name":"Scripto","resource":"element_sets"},"element":{"id":52,"url":"https:\/\/transcribe.newberry.org\/api\/elements\/52","name":"Transcription","resource":"elements"}}],"extended_resources":[]}]