[{"id":79933,"url":"https:\/\/transcribe.newberry.org\/api\/files\/79933","file_urls":{"original":"https:\/\/transcribe.newberry.org\/files\/original\/b78f5c4eb82d88262576559e0ee9277d.jpg","fullsize":"https:\/\/transcribe.newberry.org\/files\/fullsize\/b78f5c4eb82d88262576559e0ee9277d.jpg","thumbnail":"https:\/\/transcribe.newberry.org\/files\/thumbnails\/b78f5c4eb82d88262576559e0ee9277d.jpg","square_thumbnail":"https:\/\/transcribe.newberry.org\/files\/square_thumbnails\/b78f5c4eb82d88262576559e0ee9277d.jpg"},"added":"2018-10-02T19:56:38+00:00","modified":"2020-03-24T03:04:21+00:00","filename":"b78f5c4eb82d88262576559e0ee9277d.jpg","authentication":"2f2341340a9d9ee0b02f1aed1562e8bd","has_derivative_image":true,"mime_type":"image\/jpeg","order":null,"original_filename":"mms_213_fl_001_001_01_o2.jpg","size":1094739,"stored":true,"type_os":"JPEG image data, JFIF standard 1.01","metadata":{"mime_type":"image\/jpeg","video":{"dataformat":"jpg","lossless":false,"bits_per_sample":24,"pixel_aspect_ratio":1,"resolution_x":2244,"resolution_y":3600,"compression_ratio":0.04517144484056200004484793453229940496385097503662109375},"comments":{"IPTCEnvelope":{"CodedCharacterSet":["\u001b%G"]},"IPTCApplication":{"ApplicationRecordVersion":[""],"DateCreated":["20160712"],"TimeCreated":["025242+0000"],"CopyrightNotice":["The Newberry Library"]}},"comments_html":{"IPTCEnvelope":{"CodedCharacterSet":["\u001b%G"]},"IPTCApplication":{"ApplicationRecordVersion":[""],"DateCreated":["20160712"],"TimeCreated":["025242+0000"],"CopyrightNotice":["The Newberry Library"]}},"iptc":{"comments":{"IPTCEnvelope":{"CodedCharacterSet":["\u001b%G"]},"IPTCApplication":{"ApplicationRecordVersion":["\u0000\u0000"],"DateCreated":["20160712"],"TimeCreated":["025242+0000"],"CopyrightNotice":["The Newberry Library"]}},"encoding":"ISO-8859-1"},"jpg":{"exif":{"FILE":{"FileName":"b78f5c4eb82d88262576559e0ee9277d.jpg","FileDateTime":1538510197,"FileSize":1094739,"FileType":2,"MimeType":"image\/jpeg","SectionsFound":"ANY_TAG, IFD0, EXIF"},"COMPUTED":{"html":"width=\"2244\" height=\"3600\"","Height":3600,"Width":2244,"IsColor":1,"ByteOrderMotorola":0,"CCDWidth":"15mm","ApertureFNumber":"f\/5.6"},"IFD0":{"Make":"Canon","Model":"Canon EOS 5D Mark III","Software":"Adobe Photoshop CS6 (Windows)","DateTime":"2016:07:12 14:08:37","Exif_IFD_Pointer":152},"EXIF":{"ExposureTime":0.008000000000000000166533453693773481063544750213623046875,"FNumber":5.5999999999999996447286321199499070644378662109375,"ExposureProgram":1,"ISOSpeedRatings":400,"UndefinedTag:0x8830":2,"UndefinedTag:0x8832":400,"ExifVersion":230,"DateTimeOriginal":"2016:07:12 02:52:42","DateTimeDigitized":"2016:07:12 02:52:42","ShutterSpeedValue":6.96578400000000019787194105447269976139068603515625,"ApertureValue":4.97085400000000010578560249996371567249298095703125,"ExposureBiasValue":0,"MaxApertureValue":3,"MeteringMode":5,"Flash":16,"FocalLength":35,"SubSecTime":0,"SubSecTimeOriginal":0,"SubSecTimeDigitized":0,"ColorSpace":65535,"ExifImageWidth":2532,"ExifImageLength":4061,"FocalPlaneXResolution":1600,"FocalPlaneYResolution":1600,"FocalPlaneResolutionUnit":3,"CustomRendered":0,"ExposureMode":1,"WhiteBalance":1,"SceneCaptureType":0,"UndefinedTag:0xA431":358023000687,"UndefinedTag:0xA432":["28\/1","75\/1","0\/0","0\/0"],"UndefinedTag:0xA434":"28-75mm","UndefinedTag:0xA435":0}}}},"item":{"id":1137,"url":"https:\/\/transcribe.newberry.org\/api\/items\/1137","resource":"items"},"element_texts":[{"html":false,"text":"Completed","element_set":{"id":4,"url":"https:\/\/transcribe.newberry.org\/api\/element_sets\/4","name":"Scripto","resource":"element_sets"},"element":{"id":53,"url":"https:\/\/transcribe.newberry.org\/api\/elements\/53","name":"Status","resource":"elements"}},{"html":false,"text":"Mason City\n1 -9 -1884\nMiss Wilson\nDear Friend\nYour kind letter received to\nday many thanks for enclosed\nnote or another order. but you\ncannot alter the note when\nyou come as you must not\nbe kept waiting a whole\nyear six months will suit\nme better but I will try my\nbest to settle it in less time\nyou must not expect me\nto impose upon your kind\n-ness that lenght [sic] of time.\nand yet \"dear friend\" what","element_set":{"id":4,"url":"https:\/\/transcribe.newberry.org\/api\/element_sets\/4","name":"Scripto","resource":"element_sets"},"element":{"id":52,"url":"https:\/\/transcribe.newberry.org\/api\/elements\/52","name":"Transcription","resource":"elements"}}],"extended_resources":[]},{"id":79934,"url":"https:\/\/transcribe.newberry.org\/api\/files\/79934","file_urls":{"original":"https:\/\/transcribe.newberry.org\/files\/original\/8209203297819f60a62c8cefdb51efe8.jpg","fullsize":"https:\/\/transcribe.newberry.org\/files\/fullsize\/8209203297819f60a62c8cefdb51efe8.jpg","thumbnail":"https:\/\/transcribe.newberry.org\/files\/thumbnails\/8209203297819f60a62c8cefdb51efe8.jpg","square_thumbnail":"https:\/\/transcribe.newberry.org\/files\/square_thumbnails\/8209203297819f60a62c8cefdb51efe8.jpg"},"added":"2018-10-02T19:56:39+00:00","modified":"2020-01-17T22:58:23+00:00","filename":"8209203297819f60a62c8cefdb51efe8.jpg","authentication":"658bba5a7d52002fe11e528604e99fb8","has_derivative_image":true,"mime_type":"image\/jpeg","order":null,"original_filename":"mms_213_fl_001_001_02_o2.jpg","size":1147226,"stored":true,"type_os":"JPEG image data, JFIF standard 1.01","metadata":{"mime_type":"image\/jpeg","video":{"dataformat":"jpg","lossless":false,"bits_per_sample":24,"pixel_aspect_ratio":1,"resolution_x":3600,"resolution_y":2244,"compression_ratio":0.047337178979336001771738295929026207886636257171630859375},"comments":{"IPTCEnvelope":{"CodedCharacterSet":["\u001b%G"]},"IPTCApplication":{"ApplicationRecordVersion":[""],"DateCreated":["20160712"],"TimeCreated":["025255+0000"],"CopyrightNotice":["The Newberry Library"]}},"comments_html":{"IPTCEnvelope":{"CodedCharacterSet":["\u001b%G"]},"IPTCApplication":{"ApplicationRecordVersion":[""],"DateCreated":["20160712"],"TimeCreated":["025255+0000"],"CopyrightNotice":["The Newberry Library"]}},"iptc":{"comments":{"IPTCEnvelope":{"CodedCharacterSet":["\u001b%G"]},"IPTCApplication":{"ApplicationRecordVersion":["\u0000\u0000"],"DateCreated":["20160712"],"TimeCreated":["025255+0000"],"CopyrightNotice":["The Newberry Library"]}},"encoding":"ISO-8859-1"},"jpg":{"exif":{"FILE":{"FileName":"8209203297819f60a62c8cefdb51efe8.jpg","FileDateTime":1538510197,"FileSize":1147226,"FileType":2,"MimeType":"image\/jpeg","SectionsFound":"ANY_TAG, IFD0, EXIF"},"COMPUTED":{"html":"width=\"3600\" height=\"2244\"","Height":2244,"Width":3600,"IsColor":1,"ByteOrderMotorola":0,"CCDWidth":"25mm","ApertureFNumber":"f\/5.6"},"IFD0":{"Make":"Canon","Model":"Canon EOS 5D Mark III","Software":"Adobe Photoshop CS6 (Windows)","DateTime":"2016:07:12 14:08:39","Exif_IFD_Pointer":152},"EXIF":{"ExposureTime":0.008000000000000000166533453693773481063544750213623046875,"FNumber":5.5999999999999996447286321199499070644378662109375,"ExposureProgram":1,"ISOSpeedRatings":400,"UndefinedTag:0x8830":2,"UndefinedTag:0x8832":400,"ExifVersion":230,"DateTimeOriginal":"2016:07:12 02:52:55","DateTimeDigitized":"2016:07:12 02:52:55","ShutterSpeedValue":6.96578400000000019787194105447269976139068603515625,"ApertureValue":4.97085400000000010578560249996371567249298095703125,"ExposureBiasValue":0,"MaxApertureValue":3,"MeteringMode":5,"Flash":16,"FocalLength":35,"SubSecTime":0,"SubSecTimeOriginal":0,"SubSecTimeDigitized":0,"ColorSpace":65535,"ExifImageWidth":4061,"ExifImageLength":2532,"FocalPlaneXResolution":1600,"FocalPlaneYResolution":1600,"FocalPlaneResolutionUnit":3,"CustomRendered":0,"ExposureMode":1,"WhiteBalance":1,"SceneCaptureType":0,"UndefinedTag:0xA431":358023000687,"UndefinedTag:0xA432":["28\/1","75\/1","0\/0","0\/0"],"UndefinedTag:0xA434":"28-75mm","UndefinedTag:0xA435":0}}}},"item":{"id":1137,"url":"https:\/\/transcribe.newberry.org\/api\/items\/1137","resource":"items"},"element_texts":[{"html":false,"text":"Completed","element_set":{"id":4,"url":"https:\/\/transcribe.newberry.org\/api\/element_sets\/4","name":"Scripto","resource":"element_sets"},"element":{"id":53,"url":"https:\/\/transcribe.newberry.org\/api\/elements\/53","name":"Status","resource":"elements"}},{"html":false,"text":"sink of the stove with a fire in it and a good fire\nat that\nOh I forgot I owe your Papa I think $2.00 \nfor coal will you kindly say to him that I will \nsend it to him as soon as possible if he will \nmake out the Bill as I am not quite sure wether [sic]\nit is that or more\nHoping to see you soon with \nlove from all\nYour Truly\nAddie L Contrelli\nPS\nYour braid I will \nmake into two braids I think\nI know the shade & will have it done when you come\nPS I have taken in two small orders to\nday the first (blood)","element_set":{"id":4,"url":"https:\/\/transcribe.newberry.org\/api\/element_sets\/4","name":"Scripto","resource":"element_sets"},"element":{"id":52,"url":"https:\/\/transcribe.newberry.org\/api\/elements\/52","name":"Transcription","resource":"elements"}}],"extended_resources":[]},{"id":79935,"url":"https:\/\/transcribe.newberry.org\/api\/files\/79935","file_urls":{"original":"https:\/\/transcribe.newberry.org\/files\/original\/79b7de0cacb693248c15fd613578d274.jpg","fullsize":"https:\/\/transcribe.newberry.org\/files\/fullsize\/79b7de0cacb693248c15fd613578d274.jpg","thumbnail":"https:\/\/transcribe.newberry.org\/files\/thumbnails\/79b7de0cacb693248c15fd613578d274.jpg","square_thumbnail":"https:\/\/transcribe.newberry.org\/files\/square_thumbnails\/79b7de0cacb693248c15fd613578d274.jpg"},"added":"2018-10-02T19:56:40+00:00","modified":"2020-01-17T22:58:23+00:00","filename":"79b7de0cacb693248c15fd613578d274.jpg","authentication":"3f0e715a1492c6ca67ebe8eca0627d0c","has_derivative_image":true,"mime_type":"image\/jpeg","order":null,"original_filename":"mms_213_fl_001_001_03_o2.jpg","size":1134751,"stored":true,"type_os":"JPEG image data, JFIF standard 1.01","metadata":{"mime_type":"image\/jpeg","video":{"dataformat":"jpg","lossless":false,"bits_per_sample":24,"pixel_aspect_ratio":1,"resolution_x":2230,"resolution_y":3600,"compression_ratio":0.0471163843215409994247266922684502787888050079345703125},"comments":{"IPTCEnvelope":{"CodedCharacterSet":["\u001b%G"]},"IPTCApplication":{"ApplicationRecordVersion":[""],"DateCreated":["20160712"],"TimeCreated":["025257+0000"],"CopyrightNotice":["The Newberry Library"]}},"comments_html":{"IPTCEnvelope":{"CodedCharacterSet":["\u001b%G"]},"IPTCApplication":{"ApplicationRecordVersion":[""],"DateCreated":["20160712"],"TimeCreated":["025257+0000"],"CopyrightNotice":["The Newberry Library"]}},"iptc":{"comments":{"IPTCEnvelope":{"CodedCharacterSet":["\u001b%G"]},"IPTCApplication":{"ApplicationRecordVersion":["\u0000\u0000"],"DateCreated":["20160712"],"TimeCreated":["025257+0000"],"CopyrightNotice":["The Newberry Library"]}},"encoding":"ISO-8859-1"},"jpg":{"exif":{"FILE":{"FileName":"79b7de0cacb693248c15fd613578d274.jpg","FileDateTime":1538510197,"FileSize":1134751,"FileType":2,"MimeType":"image\/jpeg","SectionsFound":"ANY_TAG, IFD0, EXIF"},"COMPUTED":{"html":"width=\"2230\" height=\"3600\"","Height":3600,"Width":2230,"IsColor":1,"ByteOrderMotorola":0,"CCDWidth":"15mm","ApertureFNumber":"f\/5.6"},"IFD0":{"Make":"Canon","Model":"Canon EOS 5D Mark III","Software":"Adobe Photoshop CS6 (Windows)","DateTime":"2016:07:12 14:08:41","Exif_IFD_Pointer":152},"EXIF":{"ExposureTime":0.008000000000000000166533453693773481063544750213623046875,"FNumber":5.5999999999999996447286321199499070644378662109375,"ExposureProgram":1,"ISOSpeedRatings":400,"UndefinedTag:0x8830":2,"UndefinedTag:0x8832":400,"ExifVersion":230,"DateTimeOriginal":"2016:07:12 02:52:57","DateTimeDigitized":"2016:07:12 02:52:57","ShutterSpeedValue":6.96578400000000019787194105447269976139068603515625,"ApertureValue":4.97085400000000010578560249996371567249298095703125,"ExposureBiasValue":0,"MaxApertureValue":3,"MeteringMode":5,"Flash":16,"FocalLength":35,"SubSecTime":99,"SubSecTimeOriginal":99,"SubSecTimeDigitized":99,"ColorSpace":65535,"ExifImageWidth":2533,"ExifImageLength":4089,"FocalPlaneXResolution":1600,"FocalPlaneYResolution":1600,"FocalPlaneResolutionUnit":3,"CustomRendered":0,"ExposureMode":1,"WhiteBalance":1,"SceneCaptureType":0,"UndefinedTag:0xA431":358023000687,"UndefinedTag:0xA432":["28\/1","75\/1","0\/0","0\/0"],"UndefinedTag:0xA434":"28-75mm","UndefinedTag:0xA435":0}}}},"item":{"id":1137,"url":"https:\/\/transcribe.newberry.org\/api\/items\/1137","resource":"items"},"element_texts":[{"html":false,"text":"Completed","element_set":{"id":4,"url":"https:\/\/transcribe.newberry.org\/api\/element_sets\/4","name":"Scripto","resource":"element_sets"},"element":{"id":53,"url":"https:\/\/transcribe.newberry.org\/api\/elements\/53","name":"Status","resource":"elements"}},{"html":false,"text":"should I have done only for \nyour kindness.  You say in \nyour letter that some day \nyou may have to call upon\nme.  I truly hope that \"day \nwill never come\" but if \"it ever \nshould remember\" dear girl\" \nI will share my last cent \nwith you if I am no better \noff than I am now, and should \nI be placed in better circum \nstances remember that you \nmust call upon me for what \never you want no matter where \nI am.\nI am so glad that you \nare feeling quite well again \nbut do not try to do anything \nuntill [sic] you are quite strong then \nyou will be able to get through \nwithout any draw back\nIn reference","element_set":{"id":4,"url":"https:\/\/transcribe.newberry.org\/api\/element_sets\/4","name":"Scripto","resource":"element_sets"},"element":{"id":52,"url":"https:\/\/transcribe.newberry.org\/api\/elements\/52","name":"Transcription","resource":"elements"}}],"extended_resources":[]},{"id":79936,"url":"https:\/\/transcribe.newberry.org\/api\/files\/79936","file_urls":{"original":"https:\/\/transcribe.newberry.org\/files\/original\/6abc86ad1121392edbeeed9ea78b3041.jpg","fullsize":"https:\/\/transcribe.newberry.org\/files\/fullsize\/6abc86ad1121392edbeeed9ea78b3041.jpg","thumbnail":"https:\/\/transcribe.newberry.org\/files\/thumbnails\/6abc86ad1121392edbeeed9ea78b3041.jpg","square_thumbnail":"https:\/\/transcribe.newberry.org\/files\/square_thumbnails\/6abc86ad1121392edbeeed9ea78b3041.jpg"},"added":"2018-10-02T19:56:41+00:00","modified":"2020-01-17T22:58:23+00:00","filename":"6abc86ad1121392edbeeed9ea78b3041.jpg","authentication":"644b5a9988bbf6ef836b5729642baad0","has_derivative_image":true,"mime_type":"image\/jpeg","order":null,"original_filename":"mms_213_fl_001_001_04_o2.jpg","size":1157570,"stored":true,"type_os":"JPEG image data, JFIF standard 1.01","metadata":{"mime_type":"image\/jpeg","video":{"dataformat":"jpg","lossless":false,"bits_per_sample":24,"pixel_aspect_ratio":1,"resolution_x":2230,"resolution_y":3600,"compression_ratio":0.048063859823949998950620710047587635926902294158935546875},"comments":{"IPTCEnvelope":{"CodedCharacterSet":["\u001b%G"]},"IPTCApplication":{"ApplicationRecordVersion":[""],"DateCreated":["20160712"],"TimeCreated":["025301+0000"],"CopyrightNotice":["The Newberry Library"]}},"comments_html":{"IPTCEnvelope":{"CodedCharacterSet":["\u001b%G"]},"IPTCApplication":{"ApplicationRecordVersion":[""],"DateCreated":["20160712"],"TimeCreated":["025301+0000"],"CopyrightNotice":["The Newberry Library"]}},"iptc":{"comments":{"IPTCEnvelope":{"CodedCharacterSet":["\u001b%G"]},"IPTCApplication":{"ApplicationRecordVersion":["\u0000\u0000"],"DateCreated":["20160712"],"TimeCreated":["025301+0000"],"CopyrightNotice":["The Newberry Library"]}},"encoding":"ISO-8859-1"},"jpg":{"exif":{"FILE":{"FileName":"6abc86ad1121392edbeeed9ea78b3041.jpg","FileDateTime":1538510197,"FileSize":1157570,"FileType":2,"MimeType":"image\/jpeg","SectionsFound":"ANY_TAG, IFD0, EXIF"},"COMPUTED":{"html":"width=\"2230\" height=\"3600\"","Height":3600,"Width":2230,"IsColor":1,"ByteOrderMotorola":0,"CCDWidth":"15mm","ApertureFNumber":"f\/5.6"},"IFD0":{"Make":"Canon","Model":"Canon EOS 5D Mark III","Software":"Adobe Photoshop CS6 (Windows)","DateTime":"2016:07:12 14:08:43","Exif_IFD_Pointer":152},"EXIF":{"ExposureTime":0.008000000000000000166533453693773481063544750213623046875,"FNumber":5.5999999999999996447286321199499070644378662109375,"ExposureProgram":1,"ISOSpeedRatings":400,"UndefinedTag:0x8830":2,"UndefinedTag:0x8832":400,"ExifVersion":230,"DateTimeOriginal":"2016:07:12 02:53:01","DateTimeDigitized":"2016:07:12 02:53:01","ShutterSpeedValue":6.96578400000000019787194105447269976139068603515625,"ApertureValue":4.97085400000000010578560249996371567249298095703125,"ExposureBiasValue":0,"MaxApertureValue":3,"MeteringMode":5,"Flash":16,"FocalLength":35,"SubSecTime":68,"SubSecTimeOriginal":68,"SubSecTimeDigitized":68,"ColorSpace":65535,"ExifImageWidth":2533,"ExifImageLength":4089,"FocalPlaneXResolution":1600,"FocalPlaneYResolution":1600,"FocalPlaneResolutionUnit":3,"CustomRendered":0,"ExposureMode":1,"WhiteBalance":1,"SceneCaptureType":0,"UndefinedTag:0xA431":358023000687,"UndefinedTag:0xA432":["28\/1","75\/1","0\/0","0\/0"],"UndefinedTag:0xA434":"28-75mm","UndefinedTag:0xA435":0}}}},"item":{"id":1137,"url":"https:\/\/transcribe.newberry.org\/api\/items\/1137","resource":"items"},"element_texts":[{"html":false,"text":"Completed","element_set":{"id":4,"url":"https:\/\/transcribe.newberry.org\/api\/element_sets\/4","name":"Scripto","resource":"element_sets"},"element":{"id":53,"url":"https:\/\/transcribe.newberry.org\/api\/elements\/53","name":"Status","resource":"elements"}},{"html":false,"text":"to your Mamma's braid I think \nafter it has been well moist \nwith the natural moisture from \nthe head it will be quite smooth \nshould it not I will make \nanother  You know that there \nis some gradation of hair in all \nshades that are not as moist \nas others & that hair may be like \nthat should it prove so I will \nsurely make another.\nI must now \nclose & go to bed I am not \nfeeling well I think that I \nmust have taken a heavy cold \nmy bones all ache they say here that \nit was 38 below zero here [crossed out] on Friday \n& Saturday I know that the water \nfroze in the pail right at the","element_set":{"id":4,"url":"https:\/\/transcribe.newberry.org\/api\/element_sets\/4","name":"Scripto","resource":"element_sets"},"element":{"id":52,"url":"https:\/\/transcribe.newberry.org\/api\/elements\/52","name":"Transcription","resource":"elements"}}],"extended_resources":[]},{"id":79937,"url":"https:\/\/transcribe.newberry.org\/api\/files\/79937","file_urls":{"original":"https:\/\/transcribe.newberry.org\/files\/original\/d8a19b0fe72eb2ca5d7e8099f66dc9a3.jpg","fullsize":"https:\/\/transcribe.newberry.org\/files\/fullsize\/d8a19b0fe72eb2ca5d7e8099f66dc9a3.jpg","thumbnail":"https:\/\/transcribe.newberry.org\/files\/thumbnails\/d8a19b0fe72eb2ca5d7e8099f66dc9a3.jpg","square_thumbnail":"https:\/\/transcribe.newberry.org\/files\/square_thumbnails\/d8a19b0fe72eb2ca5d7e8099f66dc9a3.jpg"},"added":"2018-10-02T19:56:42+00:00","modified":"2020-01-17T22:58:23+00:00","filename":"d8a19b0fe72eb2ca5d7e8099f66dc9a3.jpg","authentication":"9f9e9044b7f8de866916dfbc1ed95120","has_derivative_image":true,"mime_type":"image\/jpeg","order":null,"original_filename":"mms_213_fl_001_002_01_o2.jpg","size":1079169,"stored":true,"type_os":"JPEG image data, JFIF standard 1.01","metadata":{"mime_type":"image\/jpeg","video":{"dataformat":"jpg","lossless":false,"bits_per_sample":24,"pixel_aspect_ratio":1,"resolution_x":2289,"resolution_y":3600,"compression_ratio":0.0436535847774379981434123010330949909985065460205078125},"comments":{"IPTCEnvelope":{"CodedCharacterSet":["\u001b%G"]},"IPTCApplication":{"ApplicationRecordVersion":[""],"DateCreated":["20160712"],"TimeCreated":["025311+0000"],"CopyrightNotice":["The Newberry Library"]}},"comments_html":{"IPTCEnvelope":{"CodedCharacterSet":["\u001b%G"]},"IPTCApplication":{"ApplicationRecordVersion":[""],"DateCreated":["20160712"],"TimeCreated":["025311+0000"],"CopyrightNotice":["The Newberry Library"]}},"iptc":{"comments":{"IPTCEnvelope":{"CodedCharacterSet":["\u001b%G"]},"IPTCApplication":{"ApplicationRecordVersion":["\u0000\u0000"],"DateCreated":["20160712"],"TimeCreated":["025311+0000"],"CopyrightNotice":["The Newberry Library"]}},"encoding":"ISO-8859-1"},"jpg":{"exif":{"FILE":{"FileName":"d8a19b0fe72eb2ca5d7e8099f66dc9a3.jpg","FileDateTime":1538510197,"FileSize":1079169,"FileType":2,"MimeType":"image\/jpeg","SectionsFound":"ANY_TAG, IFD0, EXIF"},"COMPUTED":{"html":"width=\"2289\" height=\"3600\"","Height":3600,"Width":2289,"IsColor":1,"ByteOrderMotorola":0,"CCDWidth":"16mm","ApertureFNumber":"f\/5.6"},"IFD0":{"Make":"Canon","Model":"Canon EOS 5D Mark III","Software":"Adobe Photoshop CS6 (Windows)","DateTime":"2016:07:12 14:08:45","Exif_IFD_Pointer":152},"EXIF":{"ExposureTime":0.008000000000000000166533453693773481063544750213623046875,"FNumber":5.5999999999999996447286321199499070644378662109375,"ExposureProgram":1,"ISOSpeedRatings":400,"UndefinedTag:0x8830":2,"UndefinedTag:0x8832":400,"ExifVersion":230,"DateTimeOriginal":"2016:07:12 02:53:11","DateTimeDigitized":"2016:07:12 02:53:11","ShutterSpeedValue":6.96578400000000019787194105447269976139068603515625,"ApertureValue":4.97085400000000010578560249996371567249298095703125,"ExposureBiasValue":0,"MaxApertureValue":3,"MeteringMode":5,"Flash":16,"FocalLength":35,"SubSecTime":0,"SubSecTimeOriginal":0,"SubSecTimeDigitized":0,"ColorSpace":65535,"ExifImageWidth":2601,"ExifImageLength":4089,"FocalPlaneXResolution":1600,"FocalPlaneYResolution":1600,"FocalPlaneResolutionUnit":3,"CustomRendered":0,"ExposureMode":1,"WhiteBalance":1,"SceneCaptureType":0,"UndefinedTag:0xA431":358023000687,"UndefinedTag:0xA432":["28\/1","75\/1","0\/0","0\/0"],"UndefinedTag:0xA434":"28-75mm","UndefinedTag:0xA435":0}}}},"item":{"id":1137,"url":"https:\/\/transcribe.newberry.org\/api\/items\/1137","resource":"items"},"element_texts":[{"html":false,"text":"Completed","element_set":{"id":4,"url":"https:\/\/transcribe.newberry.org\/api\/element_sets\/4","name":"Scripto","resource":"element_sets"},"element":{"id":53,"url":"https:\/\/transcribe.newberry.org\/api\/elements\/53","name":"Status","resource":"elements"}},{"html":false,"text":"Chicago Oct 22d 1883\nMiss Wilson\nDear friend \nI received both letters quite \nsafe & thank you oh so much \nfor your kindness \nI went about town to \nday & got the Hair for \nyour friends weave will \nwork on it to morrow \n& send it [   ] from\n[  ] on Wednesday & \nwill send your Mammas \nbraid Thursday or Friday I \nhad to get a little more hair \nfor it to day for fear of keep-\ning your friend waiting will","element_set":{"id":4,"url":"https:\/\/transcribe.newberry.org\/api\/element_sets\/4","name":"Scripto","resource":"element_sets"},"element":{"id":52,"url":"https:\/\/transcribe.newberry.org\/api\/elements\/52","name":"Transcription","resource":"elements"}}],"extended_resources":[]},{"id":79938,"url":"https:\/\/transcribe.newberry.org\/api\/files\/79938","file_urls":{"original":"https:\/\/transcribe.newberry.org\/files\/original\/5a9a4c6452877b564466a40788e2b156.jpg","fullsize":"https:\/\/transcribe.newberry.org\/files\/fullsize\/5a9a4c6452877b564466a40788e2b156.jpg","thumbnail":"https:\/\/transcribe.newberry.org\/files\/thumbnails\/5a9a4c6452877b564466a40788e2b156.jpg","square_thumbnail":"https:\/\/transcribe.newberry.org\/files\/square_thumbnails\/5a9a4c6452877b564466a40788e2b156.jpg"},"added":"2018-10-02T19:56:43+00:00","modified":"2020-01-17T22:58:23+00:00","filename":"5a9a4c6452877b564466a40788e2b156.jpg","authentication":"b87f8efa62632eb2533de103ad94b1d0","has_derivative_image":true,"mime_type":"image\/jpeg","order":null,"original_filename":"mms_213_fl_001_002_02_o2.jpg","size":1144462,"stored":true,"type_os":"JPEG image data, JFIF standard 1.01","metadata":{"mime_type":"image\/jpeg","video":{"dataformat":"jpg","lossless":false,"bits_per_sample":24,"pixel_aspect_ratio":1,"resolution_x":2289,"resolution_y":3600,"compression_ratio":0.04629475915408599873135386815192759968340396881103515625},"comments":{"IPTCEnvelope":{"CodedCharacterSet":["\u001b%G"]},"IPTCApplication":{"ApplicationRecordVersion":[""],"DateCreated":["20160712"],"TimeCreated":["025316+0000"],"CopyrightNotice":["The Newberry Library"]}},"comments_html":{"IPTCEnvelope":{"CodedCharacterSet":["\u001b%G"]},"IPTCApplication":{"ApplicationRecordVersion":[""],"DateCreated":["20160712"],"TimeCreated":["025316+0000"],"CopyrightNotice":["The Newberry Library"]}},"iptc":{"comments":{"IPTCEnvelope":{"CodedCharacterSet":["\u001b%G"]},"IPTCApplication":{"ApplicationRecordVersion":["\u0000\u0000"],"DateCreated":["20160712"],"TimeCreated":["025316+0000"],"CopyrightNotice":["The Newberry Library"]}},"encoding":"ISO-8859-1"},"jpg":{"exif":{"FILE":{"FileName":"5a9a4c6452877b564466a40788e2b156.jpg","FileDateTime":1538510197,"FileSize":1144462,"FileType":2,"MimeType":"image\/jpeg","SectionsFound":"ANY_TAG, IFD0, EXIF"},"COMPUTED":{"html":"width=\"2289\" height=\"3600\"","Height":3600,"Width":2289,"IsColor":1,"ByteOrderMotorola":0,"CCDWidth":"16mm","ApertureFNumber":"f\/5.6"},"IFD0":{"Make":"Canon","Model":"Canon EOS 5D Mark III","Software":"Adobe Photoshop CS6 (Windows)","DateTime":"2016:07:12 14:08:48","Exif_IFD_Pointer":152},"EXIF":{"ExposureTime":0.008000000000000000166533453693773481063544750213623046875,"FNumber":5.5999999999999996447286321199499070644378662109375,"ExposureProgram":1,"ISOSpeedRatings":400,"UndefinedTag:0x8830":2,"UndefinedTag:0x8832":400,"ExifVersion":230,"DateTimeOriginal":"2016:07:12 02:53:16","DateTimeDigitized":"2016:07:12 02:53:16","ShutterSpeedValue":6.96578400000000019787194105447269976139068603515625,"ApertureValue":4.97085400000000010578560249996371567249298095703125,"ExposureBiasValue":0,"MaxApertureValue":3,"MeteringMode":5,"Flash":16,"FocalLength":35,"SubSecTime":27,"SubSecTimeOriginal":27,"SubSecTimeDigitized":27,"ColorSpace":65535,"ExifImageWidth":2601,"ExifImageLength":4089,"FocalPlaneXResolution":1600,"FocalPlaneYResolution":1600,"FocalPlaneResolutionUnit":3,"CustomRendered":0,"ExposureMode":1,"WhiteBalance":1,"SceneCaptureType":0,"UndefinedTag:0xA431":358023000687,"UndefinedTag:0xA432":["28\/1","75\/1","0\/0","0\/0"],"UndefinedTag:0xA434":"28-75mm","UndefinedTag:0xA435":0}}}},"item":{"id":1137,"url":"https:\/\/transcribe.newberry.org\/api\/items\/1137","resource":"items"},"element_texts":[{"html":false,"text":"Completed","element_set":{"id":4,"url":"https:\/\/transcribe.newberry.org\/api\/element_sets\/4","name":"Scripto","resource":"element_sets"},"element":{"id":53,"url":"https:\/\/transcribe.newberry.org\/api\/elements\/53","name":"Status","resource":"elements"}},{"html":false,"text":"leave your tress untill [sic] I\nhave sent the weave. I \nwill leave here about Oct \nthe 30th for Algona\nDear Friend\nThe person \nthat you have engaged\nthe room from for me\nwill you kindly tell her \nthat I have Bed linens,\nBlankets, Bolster & Pillows & \nTable linens so that she \nwill not go to any extra\nexpence [sic]\nMiss Wilson are\ntheir any commissions that\nI can perform for you while \nhere if so I should be happy \nto do them\nI must now say\ngood night. I will do all\nall in my power to please","element_set":{"id":4,"url":"https:\/\/transcribe.newberry.org\/api\/element_sets\/4","name":"Scripto","resource":"element_sets"},"element":{"id":52,"url":"https:\/\/transcribe.newberry.org\/api\/elements\/52","name":"Transcription","resource":"elements"}}],"extended_resources":[]},{"id":79939,"url":"https:\/\/transcribe.newberry.org\/api\/files\/79939","file_urls":{"original":"https:\/\/transcribe.newberry.org\/files\/original\/d9f28f9563eb795bf45cd1fd640f3b3e.jpg","fullsize":"https:\/\/transcribe.newberry.org\/files\/fullsize\/d9f28f9563eb795bf45cd1fd640f3b3e.jpg","thumbnail":"https:\/\/transcribe.newberry.org\/files\/thumbnails\/d9f28f9563eb795bf45cd1fd640f3b3e.jpg","square_thumbnail":"https:\/\/transcribe.newberry.org\/files\/square_thumbnails\/d9f28f9563eb795bf45cd1fd640f3b3e.jpg"},"added":"2018-10-02T19:56:44+00:00","modified":"2020-01-17T22:58:23+00:00","filename":"d9f28f9563eb795bf45cd1fd640f3b3e.jpg","authentication":"d482897f0a150bb4a0c39bb291e5ea1b","has_derivative_image":true,"mime_type":"image\/jpeg","order":null,"original_filename":"mms_213_fl_001_002_03_o2.jpg","size":965912,"stored":true,"type_os":"JPEG image data, JFIF standard 1.01","metadata":{"mime_type":"image\/jpeg","video":{"dataformat":"jpg","lossless":false,"bits_per_sample":24,"pixel_aspect_ratio":1,"resolution_x":2314,"resolution_y":3600,"compression_ratio":0.03865008482986000137859861069955513812601566314697265625},"comments":{"IPTCEnvelope":{"CodedCharacterSet":["\u001b%G"]},"IPTCApplication":{"ApplicationRecordVersion":[""],"DateCreated":["20160712"],"TimeCreated":["025321+0000"],"CopyrightNotice":["The Newberry Library"]}},"comments_html":{"IPTCEnvelope":{"CodedCharacterSet":["\u001b%G"]},"IPTCApplication":{"ApplicationRecordVersion":[""],"DateCreated":["20160712"],"TimeCreated":["025321+0000"],"CopyrightNotice":["The Newberry Library"]}},"iptc":{"comments":{"IPTCEnvelope":{"CodedCharacterSet":["\u001b%G"]},"IPTCApplication":{"ApplicationRecordVersion":["\u0000\u0000"],"DateCreated":["20160712"],"TimeCreated":["025321+0000"],"CopyrightNotice":["The Newberry Library"]}},"encoding":"ISO-8859-1"},"jpg":{"exif":{"FILE":{"FileName":"d9f28f9563eb795bf45cd1fd640f3b3e.jpg","FileDateTime":1538510198,"FileSize":965912,"FileType":2,"MimeType":"image\/jpeg","SectionsFound":"ANY_TAG, IFD0, EXIF"},"COMPUTED":{"html":"width=\"2314\" height=\"3600\"","Height":3600,"Width":2314,"IsColor":1,"ByteOrderMotorola":0,"CCDWidth":"16mm","ApertureFNumber":"f\/5.6"},"IFD0":{"Make":"Canon","Model":"Canon EOS 5D Mark III","Software":"Adobe Photoshop CS6 (Windows)","DateTime":"2016:07:12 14:08:50","Exif_IFD_Pointer":152},"EXIF":{"ExposureTime":0.008000000000000000166533453693773481063544750213623046875,"FNumber":5.5999999999999996447286321199499070644378662109375,"ExposureProgram":1,"ISOSpeedRatings":400,"UndefinedTag:0x8830":2,"UndefinedTag:0x8832":400,"ExifVersion":230,"DateTimeOriginal":"2016:07:12 02:53:21","DateTimeDigitized":"2016:07:12 02:53:21","ShutterSpeedValue":6.96578400000000019787194105447269976139068603515625,"ApertureValue":4.97085400000000010578560249996371567249298095703125,"ExposureBiasValue":0,"MaxApertureValue":3,"MeteringMode":5,"Flash":16,"FocalLength":35,"SubSecTime":44,"SubSecTimeOriginal":44,"SubSecTimeDigitized":44,"ColorSpace":65535,"ExifImageWidth":2642,"ExifImageLength":4109,"FocalPlaneXResolution":1600,"FocalPlaneYResolution":1600,"FocalPlaneResolutionUnit":3,"CustomRendered":0,"ExposureMode":1,"WhiteBalance":1,"SceneCaptureType":0,"UndefinedTag:0xA431":358023000687,"UndefinedTag:0xA432":["28\/1","75\/1","0\/0","0\/0"],"UndefinedTag:0xA434":"28-75mm","UndefinedTag:0xA435":0}}}},"item":{"id":1137,"url":"https:\/\/transcribe.newberry.org\/api\/items\/1137","resource":"items"},"element_texts":[{"html":false,"text":"Completed","element_set":{"id":4,"url":"https:\/\/transcribe.newberry.org\/api\/element_sets\/4","name":"Scripto","resource":"element_sets"},"element":{"id":53,"url":"https:\/\/transcribe.newberry.org\/api\/elements\/53","name":"Status","resource":"elements"}},{"html":false,"text":"you & your friends to the \nbest of my ability\nRespectfully yours\nA L Contrelli","element_set":{"id":4,"url":"https:\/\/transcribe.newberry.org\/api\/element_sets\/4","name":"Scripto","resource":"element_sets"},"element":{"id":52,"url":"https:\/\/transcribe.newberry.org\/api\/elements\/52","name":"Transcription","resource":"elements"}}],"extended_resources":[]},{"id":79940,"url":"https:\/\/transcribe.newberry.org\/api\/files\/79940","file_urls":{"original":"https:\/\/transcribe.newberry.org\/files\/original\/524867a40a26b44a15294fa15f6e5f66.jpg","fullsize":"https:\/\/transcribe.newberry.org\/files\/fullsize\/524867a40a26b44a15294fa15f6e5f66.jpg","thumbnail":"https:\/\/transcribe.newberry.org\/files\/thumbnails\/524867a40a26b44a15294fa15f6e5f66.jpg","square_thumbnail":"https:\/\/transcribe.newberry.org\/files\/square_thumbnails\/524867a40a26b44a15294fa15f6e5f66.jpg"},"added":"2018-10-02T19:56:45+00:00","modified":"2020-01-17T22:58:23+00:00","filename":"524867a40a26b44a15294fa15f6e5f66.jpg","authentication":"dca5a746a950c398158dc1a74e24891f","has_derivative_image":true,"mime_type":"image\/jpeg","order":null,"original_filename":"mms_213_fl_001_003_01_o2.jpg","size":1010267,"stored":true,"type_os":"JPEG image data, JFIF standard 1.01","metadata":{"mime_type":"image\/jpeg","video":{"dataformat":"jpg","lossless":false,"bits_per_sample":24,"pixel_aspect_ratio":1,"resolution_x":2291,"resolution_y":3600,"compression_ratio":0.04083074672227900159260371992786531336605548858642578125},"comments":{"IPTCEnvelope":{"CodedCharacterSet":["\u001b%G"]},"IPTCApplication":{"ApplicationRecordVersion":[""],"DateCreated":["20160712"],"TimeCreated":["025331+0000"],"CopyrightNotice":["The Newberry Library"]}},"comments_html":{"IPTCEnvelope":{"CodedCharacterSet":["\u001b%G"]},"IPTCApplication":{"ApplicationRecordVersion":[""],"DateCreated":["20160712"],"TimeCreated":["025331+0000"],"CopyrightNotice":["The Newberry Library"]}},"iptc":{"comments":{"IPTCEnvelope":{"CodedCharacterSet":["\u001b%G"]},"IPTCApplication":{"ApplicationRecordVersion":["\u0000\u0000"],"DateCreated":["20160712"],"TimeCreated":["025331+0000"],"CopyrightNotice":["The Newberry Library"]}},"encoding":"ISO-8859-1"},"jpg":{"exif":{"FILE":{"FileName":"524867a40a26b44a15294fa15f6e5f66.jpg","FileDateTime":1538510198,"FileSize":1010267,"FileType":2,"MimeType":"image\/jpeg","SectionsFound":"ANY_TAG, IFD0, EXIF"},"COMPUTED":{"html":"width=\"2291\" height=\"3600\"","Height":3600,"Width":2291,"IsColor":1,"ByteOrderMotorola":0,"CCDWidth":"16mm","ApertureFNumber":"f\/5.6"},"IFD0":{"Make":"Canon","Model":"Canon EOS 5D Mark III","Software":"Adobe Photoshop CS6 (Windows)","DateTime":"2016:07:12 14:08:52","Exif_IFD_Pointer":152},"EXIF":{"ExposureTime":0.008000000000000000166533453693773481063544750213623046875,"FNumber":5.5999999999999996447286321199499070644378662109375,"ExposureProgram":1,"ISOSpeedRatings":400,"UndefinedTag:0x8830":2,"UndefinedTag:0x8832":400,"ExifVersion":230,"DateTimeOriginal":"2016:07:12 02:53:31","DateTimeDigitized":"2016:07:12 02:53:31","ShutterSpeedValue":6.96578400000000019787194105447269976139068603515625,"ApertureValue":4.97085400000000010578560249996371567249298095703125,"ExposureBiasValue":0,"MaxApertureValue":3,"MeteringMode":5,"Flash":16,"FocalLength":35,"SubSecTime":0,"SubSecTimeOriginal":0,"SubSecTimeDigitized":0,"ColorSpace":65535,"ExifImageWidth":2615,"ExifImageLength":4109,"FocalPlaneXResolution":1600,"FocalPlaneYResolution":1600,"FocalPlaneResolutionUnit":3,"CustomRendered":0,"ExposureMode":1,"WhiteBalance":1,"SceneCaptureType":0,"UndefinedTag:0xA431":358023000687,"UndefinedTag:0xA432":["28\/1","75\/1","0\/0","0\/0"],"UndefinedTag:0xA434":"28-75mm","UndefinedTag:0xA435":0}}}},"item":{"id":1137,"url":"https:\/\/transcribe.newberry.org\/api\/items\/1137","resource":"items"},"element_texts":[{"html":false,"text":"Completed","element_set":{"id":4,"url":"https:\/\/transcribe.newberry.org\/api\/element_sets\/4","name":"Scripto","resource":"element_sets"},"element":{"id":53,"url":"https:\/\/transcribe.newberry.org\/api\/elements\/53","name":"Status","resource":"elements"}},{"html":false,"text":"Chicago Oct 1st 1883\nMiss Wilson\nDear Friend\nYour kind letter came duly to \nhand on Friday morning \nbut I did not get home untill [sic] \nSaturday night.\nI will do my very \nbest to please your friend \nI think I can make her a \nwave which will be just \nwhat she wants & will send \n'it' to her on Saturday morning \nher part is a very steep one & \nit will take me a day longer \nto make it\nKind friend things have \nbeen very dull so I have found \nit better for me to go out of the","element_set":{"id":4,"url":"https:\/\/transcribe.newberry.org\/api\/element_sets\/4","name":"Scripto","resource":"element_sets"},"element":{"id":52,"url":"https:\/\/transcribe.newberry.org\/api\/elements\/52","name":"Transcription","resource":"elements"}}],"extended_resources":[]},{"id":79941,"url":"https:\/\/transcribe.newberry.org\/api\/files\/79941","file_urls":{"original":"https:\/\/transcribe.newberry.org\/files\/original\/dcaeacda85eb5dabcb8dee76b2dad718.jpg","fullsize":"https:\/\/transcribe.newberry.org\/files\/fullsize\/dcaeacda85eb5dabcb8dee76b2dad718.jpg","thumbnail":"https:\/\/transcribe.newberry.org\/files\/thumbnails\/dcaeacda85eb5dabcb8dee76b2dad718.jpg","square_thumbnail":"https:\/\/transcribe.newberry.org\/files\/square_thumbnails\/dcaeacda85eb5dabcb8dee76b2dad718.jpg"},"added":"2018-10-02T19:56:46+00:00","modified":"2020-01-17T22:58:23+00:00","filename":"dcaeacda85eb5dabcb8dee76b2dad718.jpg","authentication":"001027707802f26163e12117cb6842a5","has_derivative_image":true,"mime_type":"image\/jpeg","order":null,"original_filename":"mms_213_fl_001_003_02_o2.jpg","size":1192574,"stored":true,"type_os":"JPEG image data, JFIF standard 1.01","metadata":{"mime_type":"image\/jpeg","video":{"dataformat":"jpg","lossless":false,"bits_per_sample":24,"pixel_aspect_ratio":1,"resolution_x":2373,"resolution_y":3600,"compression_ratio":0.046533298996425997984260902740061283111572265625},"comments":{"IPTCEnvelope":{"CodedCharacterSet":["\u001b%G"]},"IPTCApplication":{"ApplicationRecordVersion":[""],"DateCreated":["20160712"],"TimeCreated":["025343+0000"],"CopyrightNotice":["The Newberry Library"]}},"comments_html":{"IPTCEnvelope":{"CodedCharacterSet":["\u001b%G"]},"IPTCApplication":{"ApplicationRecordVersion":[""],"DateCreated":["20160712"],"TimeCreated":["025343+0000"],"CopyrightNotice":["The Newberry Library"]}},"iptc":{"comments":{"IPTCEnvelope":{"CodedCharacterSet":["\u001b%G"]},"IPTCApplication":{"ApplicationRecordVersion":["\u0000\u0000"],"DateCreated":["20160712"],"TimeCreated":["025343+0000"],"CopyrightNotice":["The Newberry Library"]}},"encoding":"ISO-8859-1"},"jpg":{"exif":{"FILE":{"FileName":"dcaeacda85eb5dabcb8dee76b2dad718.jpg","FileDateTime":1538510198,"FileSize":1192574,"FileType":2,"MimeType":"image\/jpeg","SectionsFound":"ANY_TAG, IFD0, EXIF"},"COMPUTED":{"html":"width=\"2373\" height=\"3600\"","Height":3600,"Width":2373,"IsColor":1,"ByteOrderMotorola":0,"CCDWidth":"16mm","ApertureFNumber":"f\/5.6"},"IFD0":{"Make":"Canon","Model":"Canon EOS 5D Mark III","Software":"Adobe Photoshop CS6 (Windows)","DateTime":"2016:07:12 14:08:54","Exif_IFD_Pointer":152},"EXIF":{"ExposureTime":0.008000000000000000166533453693773481063544750213623046875,"FNumber":5.5999999999999996447286321199499070644378662109375,"ExposureProgram":1,"ISOSpeedRatings":400,"UndefinedTag:0x8830":2,"UndefinedTag:0x8832":400,"ExifVersion":230,"DateTimeOriginal":"2016:07:12 02:53:43","DateTimeDigitized":"2016:07:12 02:53:43","ShutterSpeedValue":6.96578400000000019787194105447269976139068603515625,"ApertureValue":4.97085400000000010578560249996371567249298095703125,"ExposureBiasValue":0,"MaxApertureValue":3,"MeteringMode":5,"Flash":16,"FocalLength":35,"SubSecTime":0,"SubSecTimeOriginal":0,"SubSecTimeDigitized":0,"ColorSpace":65535,"ExifImageWidth":2709,"ExifImageLength":4109,"FocalPlaneXResolution":1600,"FocalPlaneYResolution":1600,"FocalPlaneResolutionUnit":3,"CustomRendered":0,"ExposureMode":1,"WhiteBalance":1,"SceneCaptureType":0,"UndefinedTag:0xA431":358023000687,"UndefinedTag:0xA432":["28\/1","75\/1","0\/0","0\/0"],"UndefinedTag:0xA434":"28-75mm","UndefinedTag:0xA435":0}}}},"item":{"id":1137,"url":"https:\/\/transcribe.newberry.org\/api\/items\/1137","resource":"items"},"element_texts":[{"html":false,"text":"Completed","element_set":{"id":4,"url":"https:\/\/transcribe.newberry.org\/api\/element_sets\/4","name":"Scripto","resource":"element_sets"},"element":{"id":53,"url":"https:\/\/transcribe.newberry.org\/api\/elements\/53","name":"Status","resource":"elements"}},{"html":false,"text":"city to canvass I was getting \nalong very nicely & had $16.00 \nsaved up to buy Hair goods \nwith so that I could come \nto Algona but last Thursday \nweek I lost all hand bag as \nwell with papers in the pockets \nalso a pocket piecing of silver 1833 \nit seems as if nothing but \nbad luck has attended me \nfor some time since your \nkind offer I felt as if I should \nso much like to come to your \ntown but felt as if I should \nnot impose on your good \n& kind offer to pay my way I \nthought that if I could \nearn & save about $30.00 I \ncould by taking a few lessons \nin curling & cleaning feathers \nI could or would rather \nbe able to make a living with \n[  ] the [  ] that amount","element_set":{"id":4,"url":"https:\/\/transcribe.newberry.org\/api\/element_sets\/4","name":"Scripto","resource":"element_sets"},"element":{"id":52,"url":"https:\/\/transcribe.newberry.org\/api\/elements\/52","name":"Transcription","resource":"elements"}}],"extended_resources":[]},{"id":79942,"url":"https:\/\/transcribe.newberry.org\/api\/files\/79942","file_urls":{"original":"https:\/\/transcribe.newberry.org\/files\/original\/0929277ee8144062d2adb2b999d4b369.jpg","fullsize":"https:\/\/transcribe.newberry.org\/files\/fullsize\/0929277ee8144062d2adb2b999d4b369.jpg","thumbnail":"https:\/\/transcribe.newberry.org\/files\/thumbnails\/0929277ee8144062d2adb2b999d4b369.jpg","square_thumbnail":"https:\/\/transcribe.newberry.org\/files\/square_thumbnails\/0929277ee8144062d2adb2b999d4b369.jpg"},"added":"2018-10-02T19:56:47+00:00","modified":"2020-01-17T22:58:23+00:00","filename":"0929277ee8144062d2adb2b999d4b369.jpg","authentication":"11eecbcdaec115b46b8eee40a4b40873","has_derivative_image":true,"mime_type":"image\/jpeg","order":null,"original_filename":"mms_213_fl_001_003_03_o2.jpg","size":1075919,"stored":true,"type_os":"JPEG image data, JFIF standard 1.01","metadata":{"mime_type":"image\/jpeg","video":{"dataformat":"jpg","lossless":false,"bits_per_sample":24,"pixel_aspect_ratio":1,"resolution_x":2319,"resolution_y":3600,"compression_ratio":0.042959089965342998895803106051971553824841976165771484375},"comments":{"IPTCEnvelope":{"CodedCharacterSet":["\u001b%G"]},"IPTCApplication":{"ApplicationRecordVersion":[""],"DateCreated":["20160712"],"TimeCreated":["025351+0000"],"CopyrightNotice":["The Newberry Library"]}},"comments_html":{"IPTCEnvelope":{"CodedCharacterSet":["\u001b%G"]},"IPTCApplication":{"ApplicationRecordVersion":[""],"DateCreated":["20160712"],"TimeCreated":["025351+0000"],"CopyrightNotice":["The Newberry Library"]}},"iptc":{"comments":{"IPTCEnvelope":{"CodedCharacterSet":["\u001b%G"]},"IPTCApplication":{"ApplicationRecordVersion":["\u0000\u0000"],"DateCreated":["20160712"],"TimeCreated":["025351+0000"],"CopyrightNotice":["The Newberry Library"]}},"encoding":"ISO-8859-1"},"jpg":{"exif":{"FILE":{"FileName":"0929277ee8144062d2adb2b999d4b369.jpg","FileDateTime":1538510198,"FileSize":1075919,"FileType":2,"MimeType":"image\/jpeg","SectionsFound":"ANY_TAG, IFD0, EXIF"},"COMPUTED":{"html":"width=\"2319\" height=\"3600\"","Height":3600,"Width":2319,"IsColor":1,"ByteOrderMotorola":0,"CCDWidth":"16mm","ApertureFNumber":"f\/5.6"},"IFD0":{"Make":"Canon","Model":"Canon EOS 5D Mark III","Software":"Adobe Photoshop CS6 (Windows)","DateTime":"2016:07:12 14:08:56","Exif_IFD_Pointer":152},"EXIF":{"ExposureTime":0.008000000000000000166533453693773481063544750213623046875,"FNumber":5.5999999999999996447286321199499070644378662109375,"ExposureProgram":1,"ISOSpeedRatings":400,"UndefinedTag:0x8830":2,"UndefinedTag:0x8832":400,"ExifVersion":230,"DateTimeOriginal":"2016:07:12 02:53:51","DateTimeDigitized":"2016:07:12 02:53:51","ShutterSpeedValue":6.96578400000000019787194105447269976139068603515625,"ApertureValue":4.97085400000000010578560249996371567249298095703125,"ExposureBiasValue":0,"MaxApertureValue":3,"MeteringMode":5,"Flash":16,"FocalLength":35,"SubSecTime":0,"SubSecTimeOriginal":0,"SubSecTimeDigitized":0,"ColorSpace":65535,"ExifImageWidth":2648,"ExifImageLength":4109,"FocalPlaneXResolution":1600,"FocalPlaneYResolution":1600,"FocalPlaneResolutionUnit":3,"CustomRendered":0,"ExposureMode":1,"WhiteBalance":1,"SceneCaptureType":0,"UndefinedTag:0xA431":358023000687,"UndefinedTag:0xA432":["28\/1","75\/1","0\/0","0\/0"],"UndefinedTag:0xA434":"28-75mm","UndefinedTag:0xA435":0}}}},"item":{"id":1137,"url":"https:\/\/transcribe.newberry.org\/api\/items\/1137","resource":"items"},"element_texts":[{"html":false,"text":"Completed","element_set":{"id":4,"url":"https:\/\/transcribe.newberry.org\/api\/element_sets\/4","name":"Scripto","resource":"element_sets"},"element":{"id":53,"url":"https:\/\/transcribe.newberry.org\/api\/elements\/53","name":"Status","resource":"elements"}},{"html":false,"text":"I think I could get a few \ndollars more of your goods so \nthat it would have enabled \nme to start in a small way \nthus you see it would not \nhave left me very much in \ndebt as it worries me so \nif I owe anything.  Still I \nwill try & keep up for two \nor three weeks longer & see \nif I can make up what I \nhave lost & in the mean \ntimes perhaps I will have \nGeorge settled for the winter \nI have not heard from \nthe gentleman that I wrote \nabout but went yesterday \nto see Bishop Feehan himself \nbut he was not at home I \nwill go again to morrow \nperhaps with better success \nI hope for Birdies sake \nthat every thing will","element_set":{"id":4,"url":"https:\/\/transcribe.newberry.org\/api\/element_sets\/4","name":"Scripto","resource":"element_sets"},"element":{"id":52,"url":"https:\/\/transcribe.newberry.org\/api\/elements\/52","name":"Transcription","resource":"elements"}}],"extended_resources":[]},{"id":79943,"url":"https:\/\/transcribe.newberry.org\/api\/files\/79943","file_urls":{"original":"https:\/\/transcribe.newberry.org\/files\/original\/e5fdd0668dda2d67cb989e6f4752e6b0.jpg","fullsize":"https:\/\/transcribe.newberry.org\/files\/fullsize\/e5fdd0668dda2d67cb989e6f4752e6b0.jpg","thumbnail":"https:\/\/transcribe.newberry.org\/files\/thumbnails\/e5fdd0668dda2d67cb989e6f4752e6b0.jpg","square_thumbnail":"https:\/\/transcribe.newberry.org\/files\/square_thumbnails\/e5fdd0668dda2d67cb989e6f4752e6b0.jpg"},"added":"2018-10-02T19:56:49+00:00","modified":"2020-01-17T22:58:23+00:00","filename":"e5fdd0668dda2d67cb989e6f4752e6b0.jpg","authentication":"96b8d9e25b2649e48fd773542e3c62c9","has_derivative_image":true,"mime_type":"image\/jpeg","order":null,"original_filename":"mms_213_fl_001_003_04_o2.jpg","size":1046032,"stored":true,"type_os":"JPEG image data, JFIF standard 1.01","metadata":{"mime_type":"image\/jpeg","video":{"dataformat":"jpg","lossless":false,"bits_per_sample":24,"pixel_aspect_ratio":1,"resolution_x":2324,"resolution_y":3600,"compression_ratio":0.04167590998916299860344025773883913643658161163330078125},"comments":{"IPTCEnvelope":{"CodedCharacterSet":["\u001b%G"]},"IPTCApplication":{"ApplicationRecordVersion":[""],"DateCreated":["20160712"],"TimeCreated":["025355+0000"],"CopyrightNotice":["The Newberry Library"]}},"comments_html":{"IPTCEnvelope":{"CodedCharacterSet":["\u001b%G"]},"IPTCApplication":{"ApplicationRecordVersion":[""],"DateCreated":["20160712"],"TimeCreated":["025355+0000"],"CopyrightNotice":["The Newberry Library"]}},"iptc":{"comments":{"IPTCEnvelope":{"CodedCharacterSet":["\u001b%G"]},"IPTCApplication":{"ApplicationRecordVersion":["\u0000\u0000"],"DateCreated":["20160712"],"TimeCreated":["025355+0000"],"CopyrightNotice":["The Newberry Library"]}},"encoding":"ISO-8859-1"},"jpg":{"exif":{"FILE":{"FileName":"e5fdd0668dda2d67cb989e6f4752e6b0.jpg","FileDateTime":1538510198,"FileSize":1046032,"FileType":2,"MimeType":"image\/jpeg","SectionsFound":"ANY_TAG, IFD0, EXIF"},"COMPUTED":{"html":"width=\"2324\" height=\"3600\"","Height":3600,"Width":2324,"IsColor":1,"ByteOrderMotorola":0,"CCDWidth":"16mm","ApertureFNumber":"f\/5.6"},"IFD0":{"Make":"Canon","Model":"Canon EOS 5D Mark III","Software":"Adobe Photoshop CS6 (Windows)","DateTime":"2016:07:12 14:08:59","Exif_IFD_Pointer":152},"EXIF":{"ExposureTime":0.008000000000000000166533453693773481063544750213623046875,"FNumber":5.5999999999999996447286321199499070644378662109375,"ExposureProgram":1,"ISOSpeedRatings":400,"UndefinedTag:0x8830":2,"UndefinedTag:0x8832":400,"ExifVersion":230,"DateTimeOriginal":"2016:07:12 02:53:55","DateTimeDigitized":"2016:07:12 02:53:55","ShutterSpeedValue":6.96578400000000019787194105447269976139068603515625,"ApertureValue":4.97085400000000010578560249996371567249298095703125,"ExposureBiasValue":0,"MaxApertureValue":3,"MeteringMode":5,"Flash":16,"FocalLength":35,"SubSecTime":1,"SubSecTimeOriginal":1,"SubSecTimeDigitized":1,"ColorSpace":65535,"ExifImageWidth":2609,"ExifImageLength":4041,"FocalPlaneXResolution":1600,"FocalPlaneYResolution":1600,"FocalPlaneResolutionUnit":3,"CustomRendered":0,"ExposureMode":1,"WhiteBalance":1,"SceneCaptureType":0,"UndefinedTag:0xA431":358023000687,"UndefinedTag:0xA432":["28\/1","75\/1","0\/0","0\/0"],"UndefinedTag:0xA434":"28-75mm","UndefinedTag:0xA435":0}}}},"item":{"id":1137,"url":"https:\/\/transcribe.newberry.org\/api\/items\/1137","resource":"items"},"element_texts":[{"html":false,"text":"Completed","element_set":{"id":4,"url":"https:\/\/transcribe.newberry.org\/api\/element_sets\/4","name":"Scripto","resource":"element_sets"},"element":{"id":53,"url":"https:\/\/transcribe.newberry.org\/api\/elements\/53","name":"Status","resource":"elements"}},{"html":false,"text":"come out all right say \nbeing away from home \ncompels her to remain at \nhome & to loose her schooling \n& alas make her unhappy\nKind friend I will \ndo my best both in regard \nto your Mammas & friends \nwork I must now close \nas I must be at Hyde Park \nby 2 OClock to shampoo a head\nWith kind regards from\nYour Respectfully\nMrs A L Contrelli\n276 Randolph\nPS I have advertised for the \nbag but with no success.\nNever carry a bag with a \nstrap across your shoulder","element_set":{"id":4,"url":"https:\/\/transcribe.newberry.org\/api\/element_sets\/4","name":"Scripto","resource":"element_sets"},"element":{"id":52,"url":"https:\/\/transcribe.newberry.org\/api\/elements\/52","name":"Transcription","resource":"elements"}}],"extended_resources":[]},{"id":79944,"url":"https:\/\/transcribe.newberry.org\/api\/files\/79944","file_urls":{"original":"https:\/\/transcribe.newberry.org\/files\/original\/7d5357a281cf65cdc4d7ed5bdcaa0102.jpg","fullsize":"https:\/\/transcribe.newberry.org\/files\/fullsize\/7d5357a281cf65cdc4d7ed5bdcaa0102.jpg","thumbnail":"https:\/\/transcribe.newberry.org\/files\/thumbnails\/7d5357a281cf65cdc4d7ed5bdcaa0102.jpg","square_thumbnail":"https:\/\/transcribe.newberry.org\/files\/square_thumbnails\/7d5357a281cf65cdc4d7ed5bdcaa0102.jpg"},"added":"2018-10-02T19:56:49+00:00","modified":"2020-01-17T22:58:23+00:00","filename":"7d5357a281cf65cdc4d7ed5bdcaa0102.jpg","authentication":"31fd6a50c52301d69444cc33ba18e16e","has_derivative_image":true,"mime_type":"image\/jpeg","order":null,"original_filename":"mms_213_fl_001_004_01_o2.jpg","size":1184819,"stored":true,"type_os":"JPEG image data, JFIF standard 1.01","metadata":{"mime_type":"image\/jpeg","video":{"dataformat":"jpg","lossless":false,"bits_per_sample":24,"pixel_aspect_ratio":1,"resolution_x":2226,"resolution_y":3600,"compression_ratio":0.049283676083991000138606608516056439839303493499755859375},"comments":{"IPTCEnvelope":{"CodedCharacterSet":["\u001b%G"]},"IPTCApplication":{"ApplicationRecordVersion":[""],"DateCreated":["20160712"],"TimeCreated":["025408+0000"],"CopyrightNotice":["The Newberry Library"]}},"comments_html":{"IPTCEnvelope":{"CodedCharacterSet":["\u001b%G"]},"IPTCApplication":{"ApplicationRecordVersion":[""],"DateCreated":["20160712"],"TimeCreated":["025408+0000"],"CopyrightNotice":["The Newberry Library"]}},"iptc":{"comments":{"IPTCEnvelope":{"CodedCharacterSet":["\u001b%G"]},"IPTCApplication":{"ApplicationRecordVersion":["\u0000\u0000"],"DateCreated":["20160712"],"TimeCreated":["025408+0000"],"CopyrightNotice":["The Newberry Library"]}},"encoding":"ISO-8859-1"},"jpg":{"exif":{"FILE":{"FileName":"7d5357a281cf65cdc4d7ed5bdcaa0102.jpg","FileDateTime":1538510198,"FileSize":1184819,"FileType":2,"MimeType":"image\/jpeg","SectionsFound":"ANY_TAG, IFD0, EXIF"},"COMPUTED":{"html":"width=\"2226\" height=\"3600\"","Height":3600,"Width":2226,"IsColor":1,"ByteOrderMotorola":0,"CCDWidth":"15mm","ApertureFNumber":"f\/5.6"},"IFD0":{"Make":"Canon","Model":"Canon EOS 5D Mark III","Software":"Adobe Photoshop CS6 (Windows)","DateTime":"2016:07:12 14:09:01","Exif_IFD_Pointer":152},"EXIF":{"ExposureTime":0.008000000000000000166533453693773481063544750213623046875,"FNumber":5.5999999999999996447286321199499070644378662109375,"ExposureProgram":1,"ISOSpeedRatings":400,"UndefinedTag:0x8830":2,"UndefinedTag:0x8832":400,"ExifVersion":230,"DateTimeOriginal":"2016:07:12 02:54:08","DateTimeDigitized":"2016:07:12 02:54:08","ShutterSpeedValue":6.96578400000000019787194105447269976139068603515625,"ApertureValue":4.97085400000000010578560249996371567249298095703125,"ExposureBiasValue":0,"MaxApertureValue":3,"MeteringMode":5,"Flash":16,"FocalLength":35,"SubSecTime":0,"SubSecTimeOriginal":0,"SubSecTimeDigitized":0,"ColorSpace":65535,"ExifImageWidth":2554,"ExifImageLength":4130,"FocalPlaneXResolution":1600,"FocalPlaneYResolution":1600,"FocalPlaneResolutionUnit":3,"CustomRendered":0,"ExposureMode":1,"WhiteBalance":1,"SceneCaptureType":0,"UndefinedTag:0xA431":358023000687,"UndefinedTag:0xA432":["28\/1","75\/1","0\/0","0\/0"],"UndefinedTag:0xA434":"28-75mm","UndefinedTag:0xA435":0}}}},"item":{"id":1137,"url":"https:\/\/transcribe.newberry.org\/api\/items\/1137","resource":"items"},"element_texts":[{"html":false,"text":"Completed","element_set":{"id":4,"url":"https:\/\/transcribe.newberry.org\/api\/element_sets\/4","name":"Scripto","resource":"element_sets"},"element":{"id":53,"url":"https:\/\/transcribe.newberry.org\/api\/elements\/53","name":"Status","resource":"elements"}},{"html":false,"text":"Chicago 8\/29th 1883\nMiss Wilson\nDear Madam\nYour letter just received\nI have\u00a0? been able to leave the city","element_set":{"id":4,"url":"https:\/\/transcribe.newberry.org\/api\/element_sets\/4","name":"Scripto","resource":"element_sets"},"element":{"id":52,"url":"https:\/\/transcribe.newberry.org\/api\/elements\/52","name":"Transcription","resource":"elements"}}],"extended_resources":[]},{"id":79945,"url":"https:\/\/transcribe.newberry.org\/api\/files\/79945","file_urls":{"original":"https:\/\/transcribe.newberry.org\/files\/original\/6315411a4a939bc4ffc731a09b695caa.jpg","fullsize":"https:\/\/transcribe.newberry.org\/files\/fullsize\/6315411a4a939bc4ffc731a09b695caa.jpg","thumbnail":"https:\/\/transcribe.newberry.org\/files\/thumbnails\/6315411a4a939bc4ffc731a09b695caa.jpg","square_thumbnail":"https:\/\/transcribe.newberry.org\/files\/square_thumbnails\/6315411a4a939bc4ffc731a09b695caa.jpg"},"added":"2018-10-02T19:56:50+00:00","modified":"2020-01-17T22:58:23+00:00","filename":"6315411a4a939bc4ffc731a09b695caa.jpg","authentication":"dc74215464d998f804a2623922bc66bf","has_derivative_image":true,"mime_type":"image\/jpeg","order":null,"original_filename":"mms_213_fl_001_004_02_o2.jpg","size":1309869,"stored":true,"type_os":"JPEG image data, JFIF standard 1.01","metadata":{"mime_type":"image\/jpeg","video":{"dataformat":"jpg","lossless":false,"bits_per_sample":24,"pixel_aspect_ratio":1,"resolution_x":2297,"resolution_y":3600,"compression_ratio":0.052801117399506998506542032600918901152908802032470703125},"comments":{"IPTCEnvelope":{"CodedCharacterSet":["\u001b%G"]},"IPTCApplication":{"ApplicationRecordVersion":[""],"DateCreated":["20160712"],"TimeCreated":["025420+0000"],"CopyrightNotice":["The Newberry Library"]}},"comments_html":{"IPTCEnvelope":{"CodedCharacterSet":["\u001b%G"]},"IPTCApplication":{"ApplicationRecordVersion":[""],"DateCreated":["20160712"],"TimeCreated":["025420+0000"],"CopyrightNotice":["The Newberry Library"]}},"iptc":{"comments":{"IPTCEnvelope":{"CodedCharacterSet":["\u001b%G"]},"IPTCApplication":{"ApplicationRecordVersion":["\u0000\u0000"],"DateCreated":["20160712"],"TimeCreated":["025420+0000"],"CopyrightNotice":["The Newberry Library"]}},"encoding":"ISO-8859-1"},"jpg":{"exif":{"FILE":{"FileName":"6315411a4a939bc4ffc731a09b695caa.jpg","FileDateTime":1538510198,"FileSize":1309869,"FileType":2,"MimeType":"image\/jpeg","SectionsFound":"ANY_TAG, IFD0, EXIF"},"COMPUTED":{"html":"width=\"2297\" height=\"3600\"","Height":3600,"Width":2297,"IsColor":1,"ByteOrderMotorola":0,"CCDWidth":"16mm","ApertureFNumber":"f\/5.6"},"IFD0":{"Make":"Canon","Model":"Canon EOS 5D Mark III","Software":"Adobe Photoshop CS6 (Windows)","DateTime":"2016:07:12 14:09:03","Exif_IFD_Pointer":152},"EXIF":{"ExposureTime":0.008000000000000000166533453693773481063544750213623046875,"FNumber":5.5999999999999996447286321199499070644378662109375,"ExposureProgram":1,"ISOSpeedRatings":400,"UndefinedTag:0x8830":2,"UndefinedTag:0x8832":400,"ExifVersion":230,"DateTimeOriginal":"2016:07:12 02:54:20","DateTimeDigitized":"2016:07:12 02:54:20","ShutterSpeedValue":6.96578400000000019787194105447269976139068603515625,"ApertureValue":4.97085400000000010578560249996371567249298095703125,"ExposureBiasValue":0,"MaxApertureValue":3,"MeteringMode":5,"Flash":16,"FocalLength":35,"SubSecTime":0,"SubSecTimeOriginal":0,"SubSecTimeDigitized":0,"ColorSpace":65535,"ExifImageWidth":2636,"ExifImageLength":4130,"FocalPlaneXResolution":1600,"FocalPlaneYResolution":1600,"FocalPlaneResolutionUnit":3,"CustomRendered":0,"ExposureMode":1,"WhiteBalance":1,"SceneCaptureType":0,"UndefinedTag:0xA431":358023000687,"UndefinedTag:0xA432":["28\/1","75\/1","0\/0","0\/0"],"UndefinedTag:0xA434":"28-75mm","UndefinedTag:0xA435":0}}}},"item":{"id":1137,"url":"https:\/\/transcribe.newberry.org\/api\/items\/1137","resource":"items"},"element_texts":[{"html":false,"text":"Completed","element_set":{"id":4,"url":"https:\/\/transcribe.newberry.org\/api\/element_sets\/4","name":"Scripto","resource":"element_sets"},"element":{"id":53,"url":"https:\/\/transcribe.newberry.org\/api\/elements\/53","name":"Status","resource":"elements"}},{"html":false,"text":"of money I am very sorry as regards the braid","element_set":{"id":4,"url":"https:\/\/transcribe.newberry.org\/api\/element_sets\/4","name":"Scripto","resource":"element_sets"},"element":{"id":52,"url":"https:\/\/transcribe.newberry.org\/api\/elements\/52","name":"Transcription","resource":"elements"}}],"extended_resources":[]},{"id":79946,"url":"https:\/\/transcribe.newberry.org\/api\/files\/79946","file_urls":{"original":"https:\/\/transcribe.newberry.org\/files\/original\/fab39d0051f8c11a2d2663ae1737e93b.jpg","fullsize":"https:\/\/transcribe.newberry.org\/files\/fullsize\/fab39d0051f8c11a2d2663ae1737e93b.jpg","thumbnail":"https:\/\/transcribe.newberry.org\/files\/thumbnails\/fab39d0051f8c11a2d2663ae1737e93b.jpg","square_thumbnail":"https:\/\/transcribe.newberry.org\/files\/square_thumbnails\/fab39d0051f8c11a2d2663ae1737e93b.jpg"},"added":"2018-10-02T19:56:52+00:00","modified":"2020-01-17T22:58:23+00:00","filename":"fab39d0051f8c11a2d2663ae1737e93b.jpg","authentication":"f351e76ca2e5e7cdc440ca75ad9b0632","has_derivative_image":true,"mime_type":"image\/jpeg","order":null,"original_filename":"mms_213_fl_001_004_03_o2.jpg","size":1210799,"stored":true,"type_os":"JPEG image data, JFIF standard 1.01","metadata":{"mime_type":"image\/jpeg","video":{"dataformat":"jpg","lossless":false,"bits_per_sample":24,"pixel_aspect_ratio":1,"resolution_x":2305,"resolution_y":3600,"compression_ratio":0.0486381859082510026315304685340379364788532257080078125},"comments":{"IPTCEnvelope":{"CodedCharacterSet":["\u001b%G"]},"IPTCApplication":{"ApplicationRecordVersion":[""],"DateCreated":["20160712"],"TimeCreated":["025431+0000"],"CopyrightNotice":["The Newberry Library"]}},"comments_html":{"IPTCEnvelope":{"CodedCharacterSet":["\u001b%G"]},"IPTCApplication":{"ApplicationRecordVersion":[""],"DateCreated":["20160712"],"TimeCreated":["025431+0000"],"CopyrightNotice":["The Newberry Library"]}},"iptc":{"comments":{"IPTCEnvelope":{"CodedCharacterSet":["\u001b%G"]},"IPTCApplication":{"ApplicationRecordVersion":["\u0000\u0000"],"DateCreated":["20160712"],"TimeCreated":["025431+0000"],"CopyrightNotice":["The Newberry Library"]}},"encoding":"ISO-8859-1"},"jpg":{"exif":{"FILE":{"FileName":"fab39d0051f8c11a2d2663ae1737e93b.jpg","FileDateTime":1538510198,"FileSize":1210799,"FileType":2,"MimeType":"image\/jpeg","SectionsFound":"ANY_TAG, IFD0, EXIF"},"COMPUTED":{"html":"width=\"2305\" height=\"3600\"","Height":3600,"Width":2305,"IsColor":1,"ByteOrderMotorola":0,"CCDWidth":"16mm","ApertureFNumber":"f\/5.6"},"IFD0":{"Make":"Canon","Model":"Canon EOS 5D Mark III","Software":"Adobe Photoshop CS6 (Windows)","DateTime":"2016:07:12 14:09:06","Exif_IFD_Pointer":152},"EXIF":{"ExposureTime":0.008000000000000000166533453693773481063544750213623046875,"FNumber":5.5999999999999996447286321199499070644378662109375,"ExposureProgram":1,"ISOSpeedRatings":400,"UndefinedTag:0x8830":2,"UndefinedTag:0x8832":400,"ExifVersion":230,"DateTimeOriginal":"2016:07:12 02:54:31","DateTimeDigitized":"2016:07:12 02:54:31","ShutterSpeedValue":6.96578400000000019787194105447269976139068603515625,"ApertureValue":4.97085400000000010578560249996371567249298095703125,"ExposureBiasValue":0,"MaxApertureValue":3,"MeteringMode":5,"Flash":16,"FocalLength":35,"SubSecTime":0,"SubSecTimeOriginal":0,"SubSecTimeDigitized":0,"ColorSpace":65535,"ExifImageWidth":2636,"ExifImageLength":4116,"FocalPlaneXResolution":1600,"FocalPlaneYResolution":1600,"FocalPlaneResolutionUnit":3,"CustomRendered":0,"ExposureMode":1,"WhiteBalance":1,"SceneCaptureType":0,"UndefinedTag:0xA431":358023000687,"UndefinedTag:0xA432":["28\/1","75\/1","0\/0","0\/0"],"UndefinedTag:0xA434":"28-75mm","UndefinedTag:0xA435":0}}}},"item":{"id":1137,"url":"https:\/\/transcribe.newberry.org\/api\/items\/1137","resource":"items"},"element_texts":[{"html":false,"text":"Completed","element_set":{"id":4,"url":"https:\/\/transcribe.newberry.org\/api\/element_sets\/4","name":"Scripto","resource":"element_sets"},"element":{"id":53,"url":"https:\/\/transcribe.newberry.org\/api\/elements\/53","name":"Status","resource":"elements"}},{"html":false,"text":"AT ONCE, IF I COULD LIKE TO MAKE IT CONNECT AT ONCE.\n\n IF I COULD GET A FREE PASS TO MASON CITY, I WOULD COME RIGHT ON AND TAKE A PART OF A STORE AS A ROOM AND WORK MY WAY UP, BUT EVERYTHING IS VERY DULL HERE AND A PERSON CANNOT START HERE IN BUSINESS THEY HAVE MONEY IF THERE ARE NO DRY GOODS AS FANCY STORES THAT KEEP THEIRS. I KNOW I COULD MAKE A LIVING FOR BIRDIE AND MYSELF.\n\nPLEASE BE KIND UNCLE TO SEND SWITCH AT ONCE AND I WILL MAKE IT. JUST THE SHADES OF SAMPLES. YOU SEND BUT IF YOU WILL LOOK ON THE SWITCH YOU WILL FIND","element_set":{"id":4,"url":"https:\/\/transcribe.newberry.org\/api\/element_sets\/4","name":"Scripto","resource":"element_sets"},"element":{"id":52,"url":"https:\/\/transcribe.newberry.org\/api\/elements\/52","name":"Transcription","resource":"elements"}}],"extended_resources":[]},{"id":79947,"url":"https:\/\/transcribe.newberry.org\/api\/files\/79947","file_urls":{"original":"https:\/\/transcribe.newberry.org\/files\/original\/b5da9b6833e049e57c032126c2b8b801.jpg","fullsize":"https:\/\/transcribe.newberry.org\/files\/fullsize\/b5da9b6833e049e57c032126c2b8b801.jpg","thumbnail":"https:\/\/transcribe.newberry.org\/files\/thumbnails\/b5da9b6833e049e57c032126c2b8b801.jpg","square_thumbnail":"https:\/\/transcribe.newberry.org\/files\/square_thumbnails\/b5da9b6833e049e57c032126c2b8b801.jpg"},"added":"2018-10-02T19:56:53+00:00","modified":"2020-01-17T22:58:23+00:00","filename":"b5da9b6833e049e57c032126c2b8b801.jpg","authentication":"1a263fd7d4a3b167f26768ad249bcfed","has_derivative_image":true,"mime_type":"image\/jpeg","order":null,"original_filename":"mms_213_fl_001_004_04_o2.jpg","size":1204658,"stored":true,"type_os":"JPEG image data, JFIF standard 1.01","metadata":{"mime_type":"image\/jpeg","video":{"dataformat":"jpg","lossless":false,"bits_per_sample":24,"pixel_aspect_ratio":1,"resolution_x":2233,"resolution_y":3600,"compression_ratio":0.049951817020783002842865272441486013121902942657470703125},"comments":{"IPTCEnvelope":{"CodedCharacterSet":["\u001b%G"]},"IPTCApplication":{"ApplicationRecordVersion":[""],"DateCreated":["20160712"],"TimeCreated":["025438+0000"],"CopyrightNotice":["The Newberry Library"]}},"comments_html":{"IPTCEnvelope":{"CodedCharacterSet":["\u001b%G"]},"IPTCApplication":{"ApplicationRecordVersion":[""],"DateCreated":["20160712"],"TimeCreated":["025438+0000"],"CopyrightNotice":["The Newberry Library"]}},"iptc":{"comments":{"IPTCEnvelope":{"CodedCharacterSet":["\u001b%G"]},"IPTCApplication":{"ApplicationRecordVersion":["\u0000\u0000"],"DateCreated":["20160712"],"TimeCreated":["025438+0000"],"CopyrightNotice":["The Newberry Library"]}},"encoding":"ISO-8859-1"},"jpg":{"exif":{"FILE":{"FileName":"b5da9b6833e049e57c032126c2b8b801.jpg","FileDateTime":1538510198,"FileSize":1204658,"FileType":2,"MimeType":"image\/jpeg","SectionsFound":"ANY_TAG, IFD0, EXIF"},"COMPUTED":{"html":"width=\"2233\" height=\"3600\"","Height":3600,"Width":2233,"IsColor":1,"ByteOrderMotorola":0,"CCDWidth":"15mm","ApertureFNumber":"f\/5.6"},"IFD0":{"Make":"Canon","Model":"Canon EOS 5D Mark III","Software":"Adobe Photoshop CS6 (Windows)","DateTime":"2016:07:12 14:09:08","Exif_IFD_Pointer":152},"EXIF":{"ExposureTime":0.008000000000000000166533453693773481063544750213623046875,"FNumber":5.5999999999999996447286321199499070644378662109375,"ExposureProgram":1,"ISOSpeedRatings":400,"UndefinedTag:0x8830":2,"UndefinedTag:0x8832":400,"ExifVersion":230,"DateTimeOriginal":"2016:07:12 02:54:38","DateTimeDigitized":"2016:07:12 02:54:38","ShutterSpeedValue":6.96578400000000019787194105447269976139068603515625,"ApertureValue":4.97085400000000010578560249996371567249298095703125,"ExposureBiasValue":0,"MaxApertureValue":3,"MeteringMode":5,"Flash":16,"FocalLength":35,"SubSecTime":0,"SubSecTimeOriginal":0,"SubSecTimeDigitized":0,"ColorSpace":65535,"ExifImageWidth":2554,"ExifImageLength":4116,"FocalPlaneXResolution":1600,"FocalPlaneYResolution":1600,"FocalPlaneResolutionUnit":3,"CustomRendered":0,"ExposureMode":1,"WhiteBalance":1,"SceneCaptureType":0,"UndefinedTag:0xA431":358023000687,"UndefinedTag:0xA432":["28\/1","75\/1","0\/0","0\/0"],"UndefinedTag:0xA434":"28-75mm","UndefinedTag:0xA435":0}}}},"item":{"id":1137,"url":"https:\/\/transcribe.newberry.org\/api\/items\/1137","resource":"items"},"element_texts":[{"html":false,"text":"Completed","element_set":{"id":4,"url":"https:\/\/transcribe.newberry.org\/api\/element_sets\/4","name":"Scripto","resource":"element_sets"},"element":{"id":53,"url":"https:\/\/transcribe.newberry.org\/api\/elements\/53","name":"Status","resource":"elements"}},{"html":false,"text":"THE SAME SAMPLE THAT YOU GAVE ME BEFORE. \n\n HOPING TO HEAR FROM YOU SOON. CLOSING RESPECTFULLY, MRS CONTRELLE\n\nP.S. YOU HAD BETTER SEND LETTER TO POST OFFICE AND I WILL CALL THERE FOR IT, SO I SHALL NOT BE HERE AT THIS HOUSE AFTER THIS WEEK. OH HOW I WISH I WAS SETTLED AT JEAN'S AS IF I ONLY HAD A SISTER LIKE YOU TO CONFIDE IN I SHOULD BE AS HAPPY, BUT HAVING NO ONE MAKES ME FEEL AS IF I SHOULD GO OUT OF MY MIND AT TIMES IF I WAS A WOMAN THAT HAD NO RESPECT FOR MY CHILDREN OR MYSELF I WOULD NOT FIND FAULT LATER AGE","element_set":{"id":4,"url":"https:\/\/transcribe.newberry.org\/api\/element_sets\/4","name":"Scripto","resource":"element_sets"},"element":{"id":52,"url":"https:\/\/transcribe.newberry.org\/api\/elements\/52","name":"Transcription","resource":"elements"}}],"extended_resources":[]},{"id":79948,"url":"https:\/\/transcribe.newberry.org\/api\/files\/79948","file_urls":{"original":"https:\/\/transcribe.newberry.org\/files\/original\/1e17fd1bb6d676732f1bb26a057150ad.jpg","fullsize":"https:\/\/transcribe.newberry.org\/files\/fullsize\/1e17fd1bb6d676732f1bb26a057150ad.jpg","thumbnail":"https:\/\/transcribe.newberry.org\/files\/thumbnails\/1e17fd1bb6d676732f1bb26a057150ad.jpg","square_thumbnail":"https:\/\/transcribe.newberry.org\/files\/square_thumbnails\/1e17fd1bb6d676732f1bb26a057150ad.jpg"},"added":"2018-10-02T19:56:54+00:00","modified":"2020-01-17T22:58:23+00:00","filename":"1e17fd1bb6d676732f1bb26a057150ad.jpg","authentication":"4fd6f6a49e21404efe434544293cd6b7","has_derivative_image":true,"mime_type":"image\/jpeg","order":null,"original_filename":"mms_213_fl_001_005_01_o2.jpg","size":969331,"stored":true,"type_os":"JPEG image data, JFIF standard 1.01","metadata":{"mime_type":"image\/jpeg","video":{"dataformat":"jpg","lossless":false,"bits_per_sample":24,"pixel_aspect_ratio":1,"resolution_x":2260,"resolution_y":3600,"compression_ratio":0.03971365945591599777575453344979905523359775543212890625},"comments":{"IPTCEnvelope":{"CodedCharacterSet":["\u001b%G"]},"IPTCApplication":{"ApplicationRecordVersion":[""],"DateCreated":["20160712"],"TimeCreated":["025449+0000"],"CopyrightNotice":["The Newberry Library"]}},"comments_html":{"IPTCEnvelope":{"CodedCharacterSet":["\u001b%G"]},"IPTCApplication":{"ApplicationRecordVersion":[""],"DateCreated":["20160712"],"TimeCreated":["025449+0000"],"CopyrightNotice":["The Newberry Library"]}},"iptc":{"comments":{"IPTCEnvelope":{"CodedCharacterSet":["\u001b%G"]},"IPTCApplication":{"ApplicationRecordVersion":["\u0000\u0000"],"DateCreated":["20160712"],"TimeCreated":["025449+0000"],"CopyrightNotice":["The Newberry Library"]}},"encoding":"ISO-8859-1"},"jpg":{"exif":{"FILE":{"FileName":"1e17fd1bb6d676732f1bb26a057150ad.jpg","FileDateTime":1538510198,"FileSize":969331,"FileType":2,"MimeType":"image\/jpeg","SectionsFound":"ANY_TAG, IFD0, EXIF"},"COMPUTED":{"html":"width=\"2260\" height=\"3600\"","Height":3600,"Width":2260,"IsColor":1,"ByteOrderMotorola":0,"CCDWidth":"16mm","ApertureFNumber":"f\/5.6"},"IFD0":{"Make":"Canon","Model":"Canon EOS 5D Mark III","Software":"Adobe Photoshop CS6 (Windows)","DateTime":"2016:07:12 14:09:10","Exif_IFD_Pointer":152},"EXIF":{"ExposureTime":0.008000000000000000166533453693773481063544750213623046875,"FNumber":5.5999999999999996447286321199499070644378662109375,"ExposureProgram":1,"ISOSpeedRatings":400,"UndefinedTag:0x8830":2,"UndefinedTag:0x8832":400,"ExifVersion":230,"DateTimeOriginal":"2016:07:12 02:54:49","DateTimeDigitized":"2016:07:12 02:54:49","ShutterSpeedValue":6.96578400000000019787194105447269976139068603515625,"ApertureValue":4.97085400000000010578560249996371567249298095703125,"ExposureBiasValue":0,"MaxApertureValue":3,"MeteringMode":5,"Flash":16,"FocalLength":35,"SubSecTime":0,"SubSecTimeOriginal":0,"SubSecTimeDigitized":0,"ColorSpace":65535,"ExifImageWidth":2602,"ExifImageLength":4143,"FocalPlaneXResolution":1600,"FocalPlaneYResolution":1600,"FocalPlaneResolutionUnit":3,"CustomRendered":0,"ExposureMode":1,"WhiteBalance":1,"SceneCaptureType":0,"UndefinedTag:0xA431":358023000687,"UndefinedTag:0xA432":["28\/1","75\/1","0\/0","0\/0"],"UndefinedTag:0xA434":"28-75mm","UndefinedTag:0xA435":0}}}},"item":{"id":1137,"url":"https:\/\/transcribe.newberry.org\/api\/items\/1137","resource":"items"},"element_texts":[{"html":false,"text":"Completed","element_set":{"id":4,"url":"https:\/\/transcribe.newberry.org\/api\/element_sets\/4","name":"Scripto","resource":"element_sets"},"element":{"id":53,"url":"https:\/\/transcribe.newberry.org\/api\/elements\/53","name":"Status","resource":"elements"}},{"html":false,"text":"Dear Miss Wilson\nI could not sleep last night \nthinking it seems so\nif I must go to Mason City\nso my last and only plan is will be to go\non Monday night\nand see about the store\nand my page ok?\nI have it ready by January 5th\nby that time I can work up what orders I have\nand perhaps be able to take some over with me last night.\nafter coming home i figured up what it would \ncost me to stay here and take a store and\nfix it up would be living","element_set":{"id":4,"url":"https:\/\/transcribe.newberry.org\/api\/element_sets\/4","name":"Scripto","resource":"element_sets"},"element":{"id":52,"url":"https:\/\/transcribe.newberry.org\/api\/elements\/52","name":"Transcription","resource":"elements"}}],"extended_resources":[]},{"id":79949,"url":"https:\/\/transcribe.newberry.org\/api\/files\/79949","file_urls":{"original":"https:\/\/transcribe.newberry.org\/files\/original\/876e1be78082d363a5790e1ade1e2d0d.jpg","fullsize":"https:\/\/transcribe.newberry.org\/files\/fullsize\/876e1be78082d363a5790e1ade1e2d0d.jpg","thumbnail":"https:\/\/transcribe.newberry.org\/files\/thumbnails\/876e1be78082d363a5790e1ade1e2d0d.jpg","square_thumbnail":"https:\/\/transcribe.newberry.org\/files\/square_thumbnails\/876e1be78082d363a5790e1ade1e2d0d.jpg"},"added":"2018-10-02T19:56:55+00:00","modified":"2020-03-30T13:52:03+00:00","filename":"876e1be78082d363a5790e1ade1e2d0d.jpg","authentication":"cd1670031a96cf31df67cd65aac17633","has_derivative_image":true,"mime_type":"image\/jpeg","order":null,"original_filename":"mms_213_fl_001_005_02_o2.jpg","size":1091989,"stored":true,"type_os":"JPEG image data, JFIF standard 1.01","metadata":{"mime_type":"image\/jpeg","video":{"dataformat":"jpg","lossless":false,"bits_per_sample":24,"pixel_aspect_ratio":1,"resolution_x":2275,"resolution_y":3600,"compression_ratio":0.04444399674399700239657562406137003563344478607177734375},"comments":{"IPTCEnvelope":{"CodedCharacterSet":["\u001b%G"]},"IPTCApplication":{"ApplicationRecordVersion":[""],"DateCreated":["20160712"],"TimeCreated":["025500+0000"],"CopyrightNotice":["The Newberry Library"]}},"comments_html":{"IPTCEnvelope":{"CodedCharacterSet":["\u001b%G"]},"IPTCApplication":{"ApplicationRecordVersion":[""],"DateCreated":["20160712"],"TimeCreated":["025500+0000"],"CopyrightNotice":["The Newberry Library"]}},"iptc":{"comments":{"IPTCEnvelope":{"CodedCharacterSet":["\u001b%G"]},"IPTCApplication":{"ApplicationRecordVersion":["\u0000\u0000"],"DateCreated":["20160712"],"TimeCreated":["025500+0000"],"CopyrightNotice":["The Newberry Library"]}},"encoding":"ISO-8859-1"},"jpg":{"exif":{"FILE":{"FileName":"876e1be78082d363a5790e1ade1e2d0d.jpg","FileDateTime":1538510198,"FileSize":1091989,"FileType":2,"MimeType":"image\/jpeg","SectionsFound":"ANY_TAG, IFD0, EXIF"},"COMPUTED":{"html":"width=\"2275\" height=\"3600\"","Height":3600,"Width":2275,"IsColor":1,"ByteOrderMotorola":0,"CCDWidth":"16mm","ApertureFNumber":"f\/5.6"},"IFD0":{"Make":"Canon","Model":"Canon EOS 5D Mark III","Software":"Adobe Photoshop CS6 (Windows)","DateTime":"2016:07:12 14:09:12","Exif_IFD_Pointer":152},"EXIF":{"ExposureTime":0.008000000000000000166533453693773481063544750213623046875,"FNumber":5.5999999999999996447286321199499070644378662109375,"ExposureProgram":1,"ISOSpeedRatings":400,"UndefinedTag:0x8830":2,"UndefinedTag:0x8832":400,"ExifVersion":230,"DateTimeOriginal":"2016:07:12 02:55:00","DateTimeDigitized":"2016:07:12 02:55:00","ShutterSpeedValue":6.96578400000000019787194105447269976139068603515625,"ApertureValue":4.97085400000000010578560249996371567249298095703125,"ExposureBiasValue":0,"MaxApertureValue":3,"MeteringMode":5,"Flash":16,"FocalLength":35,"SubSecTime":0,"SubSecTimeOriginal":0,"SubSecTimeDigitized":0,"ColorSpace":65535,"ExifImageWidth":2602,"ExifImageLength":4116,"FocalPlaneXResolution":1600,"FocalPlaneYResolution":1600,"FocalPlaneResolutionUnit":3,"CustomRendered":0,"ExposureMode":1,"WhiteBalance":1,"SceneCaptureType":0,"UndefinedTag:0xA431":358023000687,"UndefinedTag:0xA432":["28\/1","75\/1","0\/0","0\/0"],"UndefinedTag:0xA434":"28-75mm","UndefinedTag:0xA435":0}}}},"item":{"id":1137,"url":"https:\/\/transcribe.newberry.org\/api\/items\/1137","resource":"items"},"element_texts":[{"html":false,"text":"Completed","element_set":{"id":4,"url":"https:\/\/transcribe.newberry.org\/api\/element_sets\/4","name":"Scripto","resource":"element_sets"},"element":{"id":53,"url":"https:\/\/transcribe.newberry.org\/api\/elements\/53","name":"Status","resource":"elements"}},{"html":false,"text":"rent: and fix my in order for one month 53.00 to go to Mason City- about 56.00 to stay where I am as the month is almost gone about quarter the above as the Rent-A-Car will be taken out in work so it will only be our living, and perhaps I may be able to take in some orders on Monday in Mason City. That is if you will finally let Birdie stay with you Monday night. Just as soon as I would think about staying here till spring I could not go to sleep but just as soon as I had made up my Mind Regarding the above I went to sleep but very near morning. in Ligh Respectfully, Addie Cantrelle","element_set":{"id":4,"url":"https:\/\/transcribe.newberry.org\/api\/element_sets\/4","name":"Scripto","resource":"element_sets"},"element":{"id":52,"url":"https:\/\/transcribe.newberry.org\/api\/elements\/52","name":"Transcription","resource":"elements"}}],"extended_resources":[]},{"id":79950,"url":"https:\/\/transcribe.newberry.org\/api\/files\/79950","file_urls":{"original":"https:\/\/transcribe.newberry.org\/files\/original\/40f71860ebf6b85d96d6adebcbeba2fb.jpg","fullsize":"https:\/\/transcribe.newberry.org\/files\/fullsize\/40f71860ebf6b85d96d6adebcbeba2fb.jpg","thumbnail":"https:\/\/transcribe.newberry.org\/files\/thumbnails\/40f71860ebf6b85d96d6adebcbeba2fb.jpg","square_thumbnail":"https:\/\/transcribe.newberry.org\/files\/square_thumbnails\/40f71860ebf6b85d96d6adebcbeba2fb.jpg"},"added":"2018-10-02T19:56:56+00:00","modified":"2020-01-17T22:58:23+00:00","filename":"40f71860ebf6b85d96d6adebcbeba2fb.jpg","authentication":"44c0a46dff14794e77e8fa2e6792cca8","has_derivative_image":true,"mime_type":"image\/jpeg","order":null,"original_filename":"mms_213_fl_001_006_01_o2.jpg","size":811963,"stored":true,"type_os":"JPEG image data, JFIF standard 1.01","metadata":{"mime_type":"image\/jpeg","video":{"dataformat":"jpg","lossless":false,"bits_per_sample":24,"pixel_aspect_ratio":1,"resolution_x":3600,"resolution_y":2054,"compression_ratio":0.036602609181722998987762451861271983943879604339599609375},"comments":{"IPTCEnvelope":{"CodedCharacterSet":["\u001b%G"]},"IPTCApplication":{"ApplicationRecordVersion":[""],"DateCreated":["20160712"],"TimeCreated":["025157+0000"],"CopyrightNotice":["The Newberry Library"]}},"comments_html":{"IPTCEnvelope":{"CodedCharacterSet":["\u001b%G"]},"IPTCApplication":{"ApplicationRecordVersion":[""],"DateCreated":["20160712"],"TimeCreated":["025157+0000"],"CopyrightNotice":["The Newberry Library"]}},"iptc":{"comments":{"IPTCEnvelope":{"CodedCharacterSet":["\u001b%G"]},"IPTCApplication":{"ApplicationRecordVersion":["\u0000\u0000"],"DateCreated":["20160712"],"TimeCreated":["025157+0000"],"CopyrightNotice":["The Newberry Library"]}},"encoding":"ISO-8859-1"},"jpg":{"exif":{"FILE":{"FileName":"40f71860ebf6b85d96d6adebcbeba2fb.jpg","FileDateTime":1538510198,"FileSize":811963,"FileType":2,"MimeType":"image\/jpeg","SectionsFound":"ANY_TAG, IFD0, EXIF"},"COMPUTED":{"html":"width=\"3600\" height=\"2054\"","Height":2054,"Width":3600,"IsColor":1,"ByteOrderMotorola":0,"CCDWidth":"19mm","ApertureFNumber":"f\/5.6"},"IFD0":{"Make":"Canon","Model":"Canon EOS 5D Mark III","Software":"Adobe Photoshop CS6 (Windows)","DateTime":"2016:07:12 14:09:14","Exif_IFD_Pointer":152},"EXIF":{"ExposureTime":0.008000000000000000166533453693773481063544750213623046875,"FNumber":5.5999999999999996447286321199499070644378662109375,"ExposureProgram":1,"ISOSpeedRatings":400,"UndefinedTag:0x8830":2,"UndefinedTag:0x8832":400,"ExifVersion":230,"DateTimeOriginal":"2016:07:12 02:51:57","DateTimeDigitized":"2016:07:12 02:51:57","ShutterSpeedValue":6.96578400000000019787194105447269976139068603515625,"ApertureValue":4.97085400000000010578560249996371567249298095703125,"ExposureBiasValue":0,"MaxApertureValue":3,"MeteringMode":5,"Flash":16,"FocalLength":35,"SubSecTime":0,"SubSecTimeOriginal":0,"SubSecTimeDigitized":0,"ColorSpace":65535,"ExifImageWidth":3153,"ExifImageLength":1799,"FocalPlaneXResolution":1600,"FocalPlaneYResolution":1600,"FocalPlaneResolutionUnit":3,"CustomRendered":0,"ExposureMode":1,"WhiteBalance":1,"SceneCaptureType":0,"UndefinedTag:0xA431":358023000687,"UndefinedTag:0xA432":["28\/1","75\/1","0\/0","0\/0"],"UndefinedTag:0xA434":"28-75mm","UndefinedTag:0xA435":0}}}},"item":{"id":1137,"url":"https:\/\/transcribe.newberry.org\/api\/items\/1137","resource":"items"},"element_texts":[{"html":false,"text":"Completed","element_set":{"id":4,"url":"https:\/\/transcribe.newberry.org\/api\/element_sets\/4","name":"Scripto","resource":"element_sets"},"element":{"id":53,"url":"https:\/\/transcribe.newberry.org\/api\/elements\/53","name":"Status","resource":"elements"}},{"html":false,"text":"Miss. L.E.Wilson\nPresent \nTo Lenette E Wilson\nAlqona Iowa","element_set":{"id":4,"url":"https:\/\/transcribe.newberry.org\/api\/element_sets\/4","name":"Scripto","resource":"element_sets"},"element":{"id":52,"url":"https:\/\/transcribe.newberry.org\/api\/elements\/52","name":"Transcription","resource":"elements"}}],"extended_resources":[]}]