[{"id":72388,"url":"https:\/\/transcribe.newberry.org\/api\/files\/72388","file_urls":{"original":"https:\/\/transcribe.newberry.org\/files\/original\/958a6bcd3651525c1be1e34600b3e85a.jpg","fullsize":"https:\/\/transcribe.newberry.org\/files\/fullsize\/958a6bcd3651525c1be1e34600b3e85a.jpg","thumbnail":"https:\/\/transcribe.newberry.org\/files\/thumbnails\/958a6bcd3651525c1be1e34600b3e85a.jpg","square_thumbnail":"https:\/\/transcribe.newberry.org\/files\/square_thumbnails\/958a6bcd3651525c1be1e34600b3e85a.jpg"},"added":"2018-04-03T16:08:43+00:00","modified":"2020-06-12T06:58:00+00:00","filename":"958a6bcd3651525c1be1e34600b3e85a.jpg","authentication":"acd0bcb35c87fbae1878003b2d9e6827","has_derivative_image":true,"mime_type":"image\/jpeg","order":null,"original_filename":"Ayer_MS_184_FL001_00001_o2.jpg","size":1487264,"stored":true,"type_os":"JPEG image data, JFIF standard 1.01","metadata":{"mime_type":"image\/jpeg","video":{"dataformat":"jpg","lossless":false,"bits_per_sample":24,"pixel_aspect_ratio":1,"resolution_x":2781,"resolution_y":3600,"compression_ratio":0.04951802575678899975830660196152166463434696197509765625},"comments":{"IPTCEnvelope":{"CodedCharacterSet":["\u001b%G"]},"IPTCApplication":{"ApplicationRecordVersion":["\u0004"],"DateCreated":["20120501"],"TimeCreated":["103757+0000"],"DigitalCreationDate":["20120501"],"By-line":["Luna Imaging"]}},"comments_html":{"IPTCEnvelope":{"CodedCharacterSet":["\u001b%G"]},"IPTCApplication":{"ApplicationRecordVersion":["\u0004"],"DateCreated":["20120501"],"TimeCreated":["103757+0000"],"DigitalCreationDate":["20120501"],"By-line":["Luna Imaging"]}},"iptc":{"comments":{"IPTCEnvelope":{"CodedCharacterSet":["\u001b%G"]},"IPTCApplication":{"ApplicationRecordVersion":["\u0000\u0004"],"DateCreated":["20120501"],"TimeCreated":["103757+0000"],"DigitalCreationDate":["20120501"],"By-line":["Luna Imaging"]}},"encoding":"ISO-8859-1"},"jpg":{"exif":{"FILE":{"FileName":"958a6bcd3651525c1be1e34600b3e85a.jpg","FileDateTime":1522771723,"FileSize":1487264,"FileType":2,"MimeType":"image\/jpeg","SectionsFound":"ANY_TAG, IFD0, EXIF"},"COMPUTED":{"html":"width=\"2781\" height=\"3600\"","Height":3600,"Width":2781,"IsColor":1,"ByteOrderMotorola":0,"CCDWidth":"14mm","ApertureFNumber":"f\/7.1"},"IFD0":{"Make":"Canon","Model":"Canon EOS-1Ds Mark III","Software":"Adobe Photoshop CS5 Macintosh","DateTime":"2012:05:09 09:35:50","Artist":"Luna Imaging","Exif_IFD_Pointer":180},"EXIF":{"ExposureTime":0.0166666666666669995022775907500545145012438297271728515625,"FNumber":7.0999999999999996447286321199499070644378662109375,"ExposureProgram":1,"ISOSpeedRatings":200,"ExifVersion":230,"DateTimeOriginal":"2012:05:01 10:37:57","DateTimeDigitized":"2012:05:01 10:37:57","ShutterSpeedValue":5.9068909999999998916564436512999236583709716796875,"ApertureValue":5.655637999999999721012500231154263019561767578125,"ExposureBiasValue":0,"MaxApertureValue":2.625,"MeteringMode":5,"Flash":0,"FocalLength":50,"SubSecTimeOriginal":86,"SubSecTimeDigitized":86,"ColorSpace":65535,"ExifImageWidth":2294,"ExifImageLength":2969,"FocalPlaneXResolution":3957.71670190270015154965221881866455078125,"FocalPlaneYResolution":3961.90476190480012519401498138904571533203125,"FocalPlaneResolutionUnit":2,"CustomRendered":0,"ExposureMode":1,"WhiteBalance":1,"SceneCaptureType":0,"UndefinedTag:0xA430":"Luna Imaging","UndefinedTag:0xA431":620549,"UndefinedTag:0xA432":["50\/1","50\/1","0\/0","0\/0"],"UndefinedTag:0xA434":"EF50mm f\/2.5 Compact Macro"}}}},"item":{"id":1067,"url":"https:\/\/transcribe.newberry.org\/api\/items\/1067","resource":"items"},"element_texts":[{"html":false,"text":"Completed","element_set":{"id":4,"url":"https:\/\/transcribe.newberry.org\/api\/element_sets\/4","name":"Scripto","resource":"element_sets"},"element":{"id":53,"url":"https:\/\/transcribe.newberry.org\/api\/elements\/53","name":"Status","resource":"elements"}},{"html":false,"text":"[in pencil]                     George Copway\n\n                                   see Drakes Biog Dic\n\n\nMy Dr. Col\nThe meeting for the cause of the Indian will take place at the Tabirnicle on Monday evening    The Mayor will Preside, if not Ex Governor Brodick will.  Ex Mayor Harper will also be there, and several ministers likewise\nI look to none as I do to you as friend to the Indian.  And as such you will expect me to be grateful for an address or any thing that will interest the Public.\nAnd now I am going to send Printed notices to about 300 Churches for Sunday.\nI have just been to see the Different Papers and several Ministers also seem to be  [up?] in the matter.\nWe will have to ask 12  1\/2 cents at the door, for the Tabernacle\nI will call again tomorrow about 10\nI am   Dr Sir\nYours      G Copway\n[in pencil] *box Ayer N. A. MS 184 no. 2","element_set":{"id":4,"url":"https:\/\/transcribe.newberry.org\/api\/element_sets\/4","name":"Scripto","resource":"element_sets"},"element":{"id":52,"url":"https:\/\/transcribe.newberry.org\/api\/elements\/52","name":"Transcription","resource":"elements"}}],"extended_resources":[]},{"id":72389,"url":"https:\/\/transcribe.newberry.org\/api\/files\/72389","file_urls":{"original":"https:\/\/transcribe.newberry.org\/files\/original\/4832b8289fe661e3d98b2dba8feb6b83.jpg","fullsize":"https:\/\/transcribe.newberry.org\/files\/fullsize\/4832b8289fe661e3d98b2dba8feb6b83.jpg","thumbnail":"https:\/\/transcribe.newberry.org\/files\/thumbnails\/4832b8289fe661e3d98b2dba8feb6b83.jpg","square_thumbnail":"https:\/\/transcribe.newberry.org\/files\/square_thumbnails\/4832b8289fe661e3d98b2dba8feb6b83.jpg"},"added":"2018-04-03T16:08:44+00:00","modified":"2020-06-12T07:05:26+00:00","filename":"4832b8289fe661e3d98b2dba8feb6b83.jpg","authentication":"9c9ec791d56fc68a75a6765d49c825ad","has_derivative_image":true,"mime_type":"image\/jpeg","order":null,"original_filename":"Ayer_MS_184_FL001_00002_o2.jpg","size":1183159,"stored":true,"type_os":"JPEG image data, JFIF standard 1.01","metadata":{"mime_type":"image\/jpeg","video":{"dataformat":"jpg","lossless":false,"bits_per_sample":24,"pixel_aspect_ratio":1,"resolution_x":2237,"resolution_y":3600,"compression_ratio":0.04897262371893600085837050528425606898963451385498046875},"comments":{"IPTCEnvelope":{"CodedCharacterSet":["\u001b%G"]},"IPTCApplication":{"ApplicationRecordVersion":["\u0004"],"DateCreated":["20120501"],"TimeCreated":["103818+0000"],"DigitalCreationDate":["20120501"],"By-line":["Luna Imaging"]}},"comments_html":{"IPTCEnvelope":{"CodedCharacterSet":["\u001b%G"]},"IPTCApplication":{"ApplicationRecordVersion":["\u0004"],"DateCreated":["20120501"],"TimeCreated":["103818+0000"],"DigitalCreationDate":["20120501"],"By-line":["Luna Imaging"]}},"iptc":{"comments":{"IPTCEnvelope":{"CodedCharacterSet":["\u001b%G"]},"IPTCApplication":{"ApplicationRecordVersion":["\u0000\u0004"],"DateCreated":["20120501"],"TimeCreated":["103818+0000"],"DigitalCreationDate":["20120501"],"By-line":["Luna Imaging"]}},"encoding":"ISO-8859-1"},"jpg":{"exif":{"FILE":{"FileName":"4832b8289fe661e3d98b2dba8feb6b83.jpg","FileDateTime":1522771723,"FileSize":1183159,"FileType":2,"MimeType":"image\/jpeg","SectionsFound":"ANY_TAG, IFD0, EXIF"},"COMPUTED":{"html":"width=\"2237\" height=\"3600\"","Height":3600,"Width":2237,"IsColor":1,"ByteOrderMotorola":0,"CCDWidth":"15mm","ApertureFNumber":"f\/7.1"},"IFD0":{"Make":"Canon","Model":"Canon EOS-1Ds Mark III","Software":"Adobe Photoshop CS5 Macintosh","DateTime":"2012:05:09 09:35:51","Artist":"Luna Imaging","Exif_IFD_Pointer":180},"EXIF":{"ExposureTime":0.0166666666666669995022775907500545145012438297271728515625,"FNumber":7.0999999999999996447286321199499070644378662109375,"ExposureProgram":1,"ISOSpeedRatings":200,"ExifVersion":230,"DateTimeOriginal":"2012:05:01 10:38:18","DateTimeDigitized":"2012:05:01 10:38:18","ShutterSpeedValue":5.9068909999999998916564436512999236583709716796875,"ApertureValue":5.655637999999999721012500231154263019561767578125,"ExposureBiasValue":0,"MaxApertureValue":2.625,"MeteringMode":5,"Flash":0,"FocalLength":50,"SubSecTimeOriginal":35,"SubSecTimeDigitized":35,"ColorSpace":65535,"ExifImageWidth":2409,"ExifImageLength":3876,"FocalPlaneXResolution":3957.71670190270015154965221881866455078125,"FocalPlaneYResolution":3961.90476190480012519401498138904571533203125,"FocalPlaneResolutionUnit":2,"CustomRendered":0,"ExposureMode":1,"WhiteBalance":1,"SceneCaptureType":0,"UndefinedTag:0xA430":"Luna Imaging","UndefinedTag:0xA431":620549,"UndefinedTag:0xA432":["50\/1","50\/1","0\/0","0\/0"],"UndefinedTag:0xA434":"EF50mm f\/2.5 Compact Macro"}}}},"item":{"id":1067,"url":"https:\/\/transcribe.newberry.org\/api\/items\/1067","resource":"items"},"element_texts":[{"html":false,"text":"Completed","element_set":{"id":4,"url":"https:\/\/transcribe.newberry.org\/api\/element_sets\/4","name":"Scripto","resource":"element_sets"},"element":{"id":53,"url":"https:\/\/transcribe.newberry.org\/api\/elements\/53","name":"Status","resource":"elements"}},{"html":false,"text":"Albany   April\n3rd 1847\nRev Mr Pohlman\nDr Brother\nIt would gratify me very much if you or your people could do something for his young man. He has come all the way from Canada to come here to Albany to get to some school.  Ever since he was 4 years old he has been among the whites, he thinks he is not sufficiently educated to be an instructor for his own people.\nHe has been with me for 3 weeks now and as I have no means to aid him myself I take this course to acquaint the friends in Albany that they might do something for him.  I hope the rest of the Clergy will do something too.\nI request you will be kind enough to interest your congregation in his behalf tomorrow should you deem\n[along left side of page]\nI want to get him to go to school in the city.\n[in pencil] * box Ayer N. A. MS 184 no 1","element_set":{"id":4,"url":"https:\/\/transcribe.newberry.org\/api\/element_sets\/4","name":"Scripto","resource":"element_sets"},"element":{"id":52,"url":"https:\/\/transcribe.newberry.org\/api\/elements\/52","name":"Transcription","resource":"elements"}}],"extended_resources":[]},{"id":72390,"url":"https:\/\/transcribe.newberry.org\/api\/files\/72390","file_urls":{"original":"https:\/\/transcribe.newberry.org\/files\/original\/93a327b6137add8e862e1381794383f9.jpg","fullsize":"https:\/\/transcribe.newberry.org\/files\/fullsize\/93a327b6137add8e862e1381794383f9.jpg","thumbnail":"https:\/\/transcribe.newberry.org\/files\/thumbnails\/93a327b6137add8e862e1381794383f9.jpg","square_thumbnail":"https:\/\/transcribe.newberry.org\/files\/square_thumbnails\/93a327b6137add8e862e1381794383f9.jpg"},"added":"2018-04-03T16:08:45+00:00","modified":"2020-06-12T07:07:04+00:00","filename":"93a327b6137add8e862e1381794383f9.jpg","authentication":"2eb1257dd7e74e60653d23bd69f8e019","has_derivative_image":true,"mime_type":"image\/jpeg","order":null,"original_filename":"Ayer_MS_184_FL001_00003_o2.jpg","size":948047,"stored":true,"type_os":"JPEG image data, JFIF standard 1.01","metadata":{"mime_type":"image\/jpeg","video":{"dataformat":"jpg","lossless":false,"bits_per_sample":24,"pixel_aspect_ratio":1,"resolution_x":2228,"resolution_y":3600,"compression_ratio":0.039399519582419002816653375020905514247715473175048828125},"comments":{"IPTCEnvelope":{"CodedCharacterSet":["\u001b%G"]},"IPTCApplication":{"ApplicationRecordVersion":["\u0004"],"DateCreated":["20120501"],"TimeCreated":["103828+0000"],"DigitalCreationDate":["20120501"],"By-line":["Luna Imaging"]}},"comments_html":{"IPTCEnvelope":{"CodedCharacterSet":["\u001b%G"]},"IPTCApplication":{"ApplicationRecordVersion":["\u0004"],"DateCreated":["20120501"],"TimeCreated":["103828+0000"],"DigitalCreationDate":["20120501"],"By-line":["Luna Imaging"]}},"iptc":{"comments":{"IPTCEnvelope":{"CodedCharacterSet":["\u001b%G"]},"IPTCApplication":{"ApplicationRecordVersion":["\u0000\u0004"],"DateCreated":["20120501"],"TimeCreated":["103828+0000"],"DigitalCreationDate":["20120501"],"By-line":["Luna Imaging"]}},"encoding":"ISO-8859-1"},"jpg":{"exif":{"FILE":{"FileName":"93a327b6137add8e862e1381794383f9.jpg","FileDateTime":1522771723,"FileSize":948047,"FileType":2,"MimeType":"image\/jpeg","SectionsFound":"ANY_TAG, IFD0, EXIF"},"COMPUTED":{"html":"width=\"2228\" height=\"3600\"","Height":3600,"Width":2228,"IsColor":1,"ByteOrderMotorola":0,"CCDWidth":"15mm","ApertureFNumber":"f\/7.1"},"IFD0":{"Make":"Canon","Model":"Canon EOS-1Ds Mark III","Software":"Adobe Photoshop CS5 Macintosh","DateTime":"2012:05:09 09:35:51","Artist":"Luna Imaging","Exif_IFD_Pointer":180},"EXIF":{"ExposureTime":0.0166666666666669995022775907500545145012438297271728515625,"FNumber":7.0999999999999996447286321199499070644378662109375,"ExposureProgram":1,"ISOSpeedRatings":200,"ExifVersion":230,"DateTimeOriginal":"2012:05:01 10:38:28","DateTimeDigitized":"2012:05:01 10:38:28","ShutterSpeedValue":5.9068909999999998916564436512999236583709716796875,"ApertureValue":5.655637999999999721012500231154263019561767578125,"ExposureBiasValue":0,"MaxApertureValue":2.625,"MeteringMode":5,"Flash":0,"FocalLength":50,"SubSecTimeOriginal":86,"SubSecTimeDigitized":86,"ColorSpace":65535,"ExifImageWidth":2399,"ExifImageLength":3876,"FocalPlaneXResolution":3957.71670190270015154965221881866455078125,"FocalPlaneYResolution":3961.90476190480012519401498138904571533203125,"FocalPlaneResolutionUnit":2,"CustomRendered":0,"ExposureMode":1,"WhiteBalance":1,"SceneCaptureType":0,"UndefinedTag:0xA430":"Luna Imaging","UndefinedTag:0xA431":620549,"UndefinedTag:0xA432":["50\/1","50\/1","0\/0","0\/0"],"UndefinedTag:0xA434":"EF50mm f\/2.5 Compact Macro"}}}},"item":{"id":1067,"url":"https:\/\/transcribe.newberry.org\/api\/items\/1067","resource":"items"},"element_texts":[{"html":false,"text":"Completed","element_set":{"id":4,"url":"https:\/\/transcribe.newberry.org\/api\/element_sets\/4","name":"Scripto","resource":"element_sets"},"element":{"id":53,"url":"https:\/\/transcribe.newberry.org\/api\/elements\/53","name":"Status","resource":"elements"}},{"html":false,"text":"it expedient\n\n              I should have called myself but I am to go soon for stock fish ? for the Sabbath\n                         I am Dr Sir\n                         Yours in Christ\n                                 G. Copway\n                                 alias\n                                 Kobgrgaobboa\n\nRev Mr Pohlman\nWashington St\nAlbany\n[sideways on page]\nRev. G. Copway\nApril 3 1847\nRev Mr Pohlman\nWashington St\nAlbany","element_set":{"id":4,"url":"https:\/\/transcribe.newberry.org\/api\/element_sets\/4","name":"Scripto","resource":"element_sets"},"element":{"id":52,"url":"https:\/\/transcribe.newberry.org\/api\/elements\/52","name":"Transcription","resource":"elements"}}],"extended_resources":[]},{"id":72391,"url":"https:\/\/transcribe.newberry.org\/api\/files\/72391","file_urls":{"original":"https:\/\/transcribe.newberry.org\/files\/original\/edebd935779f0946c68c5e8dcbed154d.jpg","fullsize":"https:\/\/transcribe.newberry.org\/files\/fullsize\/edebd935779f0946c68c5e8dcbed154d.jpg","thumbnail":"https:\/\/transcribe.newberry.org\/files\/thumbnails\/edebd935779f0946c68c5e8dcbed154d.jpg","square_thumbnail":"https:\/\/transcribe.newberry.org\/files\/square_thumbnails\/edebd935779f0946c68c5e8dcbed154d.jpg"},"added":"2018-04-03T16:08:46+00:00","modified":"2020-06-12T18:42:01+00:00","filename":"edebd935779f0946c68c5e8dcbed154d.jpg","authentication":"9a9c302e01fec375aff956303e9ace28","has_derivative_image":true,"mime_type":"image\/jpeg","order":null,"original_filename":"Ayer_MS_184_FL002_00001_o2.jpg","size":972663,"stored":true,"type_os":"JPEG image data, JFIF standard 1.01","metadata":{"mime_type":"image\/jpeg","video":{"dataformat":"jpg","lossless":false,"bits_per_sample":24,"pixel_aspect_ratio":1,"resolution_x":2826,"resolution_y":3600,"compression_ratio":0.031868856648581002366515946278013871051371097564697265625},"comments":{"IPTCEnvelope":{"CodedCharacterSet":["\u001b%G"]},"IPTCApplication":{"ApplicationRecordVersion":["\u0004"],"DateCreated":["20120501"],"TimeCreated":["104049+0000"],"DigitalCreationDate":["20120501"],"By-line":["Luna Imaging"]}},"comments_html":{"IPTCEnvelope":{"CodedCharacterSet":["\u001b%G"]},"IPTCApplication":{"ApplicationRecordVersion":["\u0004"],"DateCreated":["20120501"],"TimeCreated":["104049+0000"],"DigitalCreationDate":["20120501"],"By-line":["Luna Imaging"]}},"iptc":{"comments":{"IPTCEnvelope":{"CodedCharacterSet":["\u001b%G"]},"IPTCApplication":{"ApplicationRecordVersion":["\u0000\u0004"],"DateCreated":["20120501"],"TimeCreated":["104049+0000"],"DigitalCreationDate":["20120501"],"By-line":["Luna Imaging"]}},"encoding":"ISO-8859-1"},"jpg":{"exif":{"FILE":{"FileName":"edebd935779f0946c68c5e8dcbed154d.jpg","FileDateTime":1522771723,"FileSize":972663,"FileType":2,"MimeType":"image\/jpeg","SectionsFound":"ANY_TAG, IFD0, EXIF"},"COMPUTED":{"html":"width=\"2826\" height=\"3600\"","Height":3600,"Width":2826,"IsColor":1,"ByteOrderMotorola":0,"CCDWidth":"14mm","ApertureFNumber":"f\/7.1"},"IFD0":{"Make":"Canon","Model":"Canon EOS-1Ds Mark III","Software":"Adobe Photoshop CS5 Macintosh","DateTime":"2012:05:09 09:38:48","Artist":"Luna Imaging","Exif_IFD_Pointer":180},"EXIF":{"ExposureTime":0.0166666666666669995022775907500545145012438297271728515625,"FNumber":7.0999999999999996447286321199499070644378662109375,"ExposureProgram":1,"ISOSpeedRatings":200,"ExifVersion":230,"DateTimeOriginal":"2012:05:01 10:40:49","DateTimeDigitized":"2012:05:01 10:40:49","ShutterSpeedValue":5.9068909999999998916564436512999236583709716796875,"ApertureValue":5.655637999999999721012500231154263019561767578125,"ExposureBiasValue":0,"MaxApertureValue":2.625,"MeteringMode":5,"Flash":0,"FocalLength":50,"SubSecTimeOriginal":98,"SubSecTimeDigitized":98,"ColorSpace":65535,"ExifImageWidth":2331,"ExifImageLength":2969,"FocalPlaneXResolution":3957.71670190270015154965221881866455078125,"FocalPlaneYResolution":3961.90476190480012519401498138904571533203125,"FocalPlaneResolutionUnit":2,"CustomRendered":0,"ExposureMode":1,"WhiteBalance":1,"SceneCaptureType":0,"UndefinedTag:0xA430":"Luna Imaging","UndefinedTag:0xA431":620549,"UndefinedTag:0xA432":["50\/1","50\/1","0\/0","0\/0"],"UndefinedTag:0xA434":"EF50mm f\/2.5 Compact Macro"}}}},"item":{"id":1067,"url":"https:\/\/transcribe.newberry.org\/api\/items\/1067","resource":"items"},"element_texts":[{"html":false,"text":"Completed","element_set":{"id":4,"url":"https:\/\/transcribe.newberry.org\/api\/element_sets\/4","name":"Scripto","resource":"element_sets"},"element":{"id":53,"url":"https:\/\/transcribe.newberry.org\/api\/elements\/53","name":"Status","resource":"elements"}},{"html":false,"text":"Mayor's Office\nPhiladelphia, March 26 1858\nHon R Vaux\nMayor of the City\nSir, Judge Conrad is preparing the Preambles & Resolutions for this evening.\nW. J. Mullen will take charge of the ordinance & the money part, and a permanent society is to be organized for the oblige.\nPlease enform me if I am & the Judge is to call for you a little before the meeting\nPlease [?remain yours faithfully?]\nG Copway","element_set":{"id":4,"url":"https:\/\/transcribe.newberry.org\/api\/element_sets\/4","name":"Scripto","resource":"element_sets"},"element":{"id":52,"url":"https:\/\/transcribe.newberry.org\/api\/elements\/52","name":"Transcription","resource":"elements"}}],"extended_resources":[]},{"id":72392,"url":"https:\/\/transcribe.newberry.org\/api\/files\/72392","file_urls":{"original":"https:\/\/transcribe.newberry.org\/files\/original\/71a0b0415b5b63dc6844baa3c7b5417f.jpg","fullsize":"https:\/\/transcribe.newberry.org\/files\/fullsize\/71a0b0415b5b63dc6844baa3c7b5417f.jpg","thumbnail":"https:\/\/transcribe.newberry.org\/files\/thumbnails\/71a0b0415b5b63dc6844baa3c7b5417f.jpg","square_thumbnail":"https:\/\/transcribe.newberry.org\/files\/square_thumbnails\/71a0b0415b5b63dc6844baa3c7b5417f.jpg"},"added":"2018-04-03T16:08:47+00:00","modified":"2020-06-12T19:04:45+00:00","filename":"71a0b0415b5b63dc6844baa3c7b5417f.jpg","authentication":"cffc5c51fddbf4f60d67ea9ae6de87bb","has_derivative_image":true,"mime_type":"image\/jpeg","order":null,"original_filename":"Ayer_MS_184_FL002_00002_o2.jpg","size":1239187,"stored":true,"type_os":"JPEG image data, JFIF standard 1.01","metadata":{"mime_type":"image\/jpeg","video":{"dataformat":"jpg","lossless":false,"bits_per_sample":24,"pixel_aspect_ratio":1,"resolution_x":2856,"resolution_y":3600,"compression_ratio":0.04017490792613299943614180165241123177111148834228515625},"comments":{"IPTCEnvelope":{"CodedCharacterSet":["\u001b%G"]},"IPTCApplication":{"ApplicationRecordVersion":["\u0004"],"DateCreated":["20120501"],"TimeCreated":["104133+0000"],"DigitalCreationDate":["20120501"],"By-line":["Luna Imaging"]}},"comments_html":{"IPTCEnvelope":{"CodedCharacterSet":["\u001b%G"]},"IPTCApplication":{"ApplicationRecordVersion":["\u0004"],"DateCreated":["20120501"],"TimeCreated":["104133+0000"],"DigitalCreationDate":["20120501"],"By-line":["Luna Imaging"]}},"iptc":{"comments":{"IPTCEnvelope":{"CodedCharacterSet":["\u001b%G"]},"IPTCApplication":{"ApplicationRecordVersion":["\u0000\u0004"],"DateCreated":["20120501"],"TimeCreated":["104133+0000"],"DigitalCreationDate":["20120501"],"By-line":["Luna Imaging"]}},"encoding":"ISO-8859-1"},"jpg":{"exif":{"FILE":{"FileName":"71a0b0415b5b63dc6844baa3c7b5417f.jpg","FileDateTime":1522771723,"FileSize":1239187,"FileType":2,"MimeType":"image\/jpeg","SectionsFound":"ANY_TAG, IFD0, EXIF"},"COMPUTED":{"html":"width=\"2856\" height=\"3600\"","Height":3600,"Width":2856,"IsColor":1,"ByteOrderMotorola":0,"CCDWidth":"14mm","ApertureFNumber":"f\/7.1"},"IFD0":{"Make":"Canon","Model":"Canon EOS-1Ds Mark III","Software":"Adobe Photoshop CS5 Macintosh","DateTime":"2012:05:09 09:38:49","Artist":"Luna Imaging","Exif_IFD_Pointer":180},"EXIF":{"ExposureTime":0.0166666666666669995022775907500545145012438297271728515625,"FNumber":7.0999999999999996447286321199499070644378662109375,"ExposureProgram":1,"ISOSpeedRatings":200,"ExifVersion":230,"DateTimeOriginal":"2012:05:01 10:41:33","DateTimeDigitized":"2012:05:01 10:41:33","ShutterSpeedValue":5.9068909999999998916564436512999236583709716796875,"ApertureValue":5.655637999999999721012500231154263019561767578125,"ExposureBiasValue":0,"MaxApertureValue":2.625,"MeteringMode":5,"Flash":0,"FocalLength":50,"SubSecTimeOriginal":4,"SubSecTimeDigitized":4,"ColorSpace":65535,"ExifImageWidth":2331,"ExifImageLength":2938,"FocalPlaneXResolution":3957.71670190270015154965221881866455078125,"FocalPlaneYResolution":3961.90476190480012519401498138904571533203125,"FocalPlaneResolutionUnit":2,"CustomRendered":0,"ExposureMode":1,"WhiteBalance":1,"SceneCaptureType":0,"UndefinedTag:0xA430":"Luna Imaging","UndefinedTag:0xA431":620549,"UndefinedTag:0xA432":["50\/1","50\/1","0\/0","0\/0"],"UndefinedTag:0xA434":"EF50mm f\/2.5 Compact Macro"}}}},"item":{"id":1067,"url":"https:\/\/transcribe.newberry.org\/api\/items\/1067","resource":"items"},"element_texts":[{"html":false,"text":"Completed","element_set":{"id":4,"url":"https:\/\/transcribe.newberry.org\/api\/element_sets\/4","name":"Scripto","resource":"element_sets"},"element":{"id":53,"url":"https:\/\/transcribe.newberry.org\/api\/elements\/53","name":"Status","resource":"elements"}},{"html":false,"text":"rec'd Jan. 24, 1851.\nJ. W. Thornton\nMy Dear Friend,\nI am to deliver a Lecture in the Tremont Temple on Sabbath evening next on \"The Peace Congress on observation in Europe.\"\nIf you can do me the favour of writing a Paragrapht for the papers on Saturday I should be very much oblige to you.\nI shall be on Saturday night I have Lift Bille &c to be Printed\nHoping to see You [illegible]\nYours very truly\nGeo Copway\nNew York\nJany 22 185[8]\n[in pencil] *box Ayer N. A ms. 184 no. 3","element_set":{"id":4,"url":"https:\/\/transcribe.newberry.org\/api\/element_sets\/4","name":"Scripto","resource":"element_sets"},"element":{"id":52,"url":"https:\/\/transcribe.newberry.org\/api\/elements\/52","name":"Transcription","resource":"elements"}}],"extended_resources":[]}]