[{"id":79951,"url":"https:\/\/transcribe.newberry.org\/api\/files\/79951","file_urls":{"original":"https:\/\/transcribe.newberry.org\/files\/original\/f6b5b21ca69af3ce641337d9ba4bf6f8.jpg","fullsize":"https:\/\/transcribe.newberry.org\/files\/fullsize\/f6b5b21ca69af3ce641337d9ba4bf6f8.jpg","thumbnail":"https:\/\/transcribe.newberry.org\/files\/thumbnails\/f6b5b21ca69af3ce641337d9ba4bf6f8.jpg","square_thumbnail":"https:\/\/transcribe.newberry.org\/files\/square_thumbnails\/f6b5b21ca69af3ce641337d9ba4bf6f8.jpg"},"added":"2018-10-02T20:01:32+00:00","modified":"2021-06-22T20:08:11+00:00","filename":"f6b5b21ca69af3ce641337d9ba4bf6f8.jpg","authentication":"7d2d38e48950a844d48ce0128ac0710b","has_derivative_image":true,"mime_type":"image\/jpeg","order":null,"original_filename":"dance_ms_olson_box_01_fl_005_001_001_o2.jpg","size":1129460,"stored":true,"type_os":"JPEG image data, JFIF standard 1.01","metadata":{"mime_type":"image\/jpeg","video":{"dataformat":"jpg","lossless":false,"bits_per_sample":24,"pixel_aspect_ratio":1,"resolution_x":2327,"resolution_y":3600,"compression_ratio":0.044941826226741997396540995168834342621266841888427734375},"comments":{"IPTCEnvelope":{"CodedCharacterSet":["\u001b%G"]},"IPTCApplication":{"ApplicationRecordVersion":["\u0004"],"DateCreated":["20161018"],"TimeCreated":["030155"],"CopyrightNotice":["The Newberry Library"]}},"comments_html":{"IPTCEnvelope":{"CodedCharacterSet":["\u001b%G"]},"IPTCApplication":{"ApplicationRecordVersion":["\u0004"],"DateCreated":["20161018"],"TimeCreated":["030155"],"CopyrightNotice":["The Newberry Library"]}},"iptc":{"comments":{"IPTCEnvelope":{"CodedCharacterSet":["\u001b%G"]},"IPTCApplication":{"ApplicationRecordVersion":["\u0000\u0004"],"DateCreated":["20161018"],"TimeCreated":["030155"],"CopyrightNotice":["The Newberry Library"]}},"encoding":"ISO-8859-1"},"jpg":{"exif":{"FILE":{"FileName":"f6b5b21ca69af3ce641337d9ba4bf6f8.jpg","FileDateTime":1538510492,"FileSize":1129460,"FileType":2,"MimeType":"image\/jpeg","SectionsFound":"ANY_TAG, IFD0, EXIF"},"COMPUTED":{"html":"width=\"2327\" height=\"3600\"","Height":3600,"Width":2327,"IsColor":1,"ByteOrderMotorola":0,"CCDWidth":"22mm","ApertureFNumber":"f\/7.1"},"IFD0":{"Make":"Canon","Model":"Canon EOS 5D Mark III","Software":"Adobe Photoshop CS6 (Windows)","DateTime":"2016:10:18 16:05:05","Exif_IFD_Pointer":152},"EXIF":{"ExposureTime":0.0200000000000000004163336342344337026588618755340576171875,"FNumber":7.0999999999999996447286321199499070644378662109375,"ExposureProgram":1,"ISOSpeedRatings":400,"UndefinedTag:0x8830":2,"UndefinedTag:0x8832":400,"ExifVersion":230,"DateTimeOriginal":"2016:10:18 03:01:55","DateTimeDigitized":"2016:10:18 03:01:55","ShutterSpeedValue":5.64385600000000042797410060302354395389556884765625,"ApertureValue":5.655637999999999721012500231154263019561767578125,"ExposureBiasValue":0,"MaxApertureValue":3,"MeteringMode":5,"Flash":16,"FocalLength":42,"SubSecTimeOriginal":34,"ColorSpace":65535,"ExifImageWidth":3525,"ExifImageLength":5453,"FocalPlaneXResolution":1600,"FocalPlaneYResolution":1600,"FocalPlaneResolutionUnit":3,"CustomRendered":0,"ExposureMode":1,"WhiteBalance":1,"SceneCaptureType":0,"UndefinedTag:0xA431":358023000687,"UndefinedTag:0xA432":["28\/1","75\/1","0\/0","0\/0"],"UndefinedTag:0xA434":"28-75mm","UndefinedTag:0xA435":0}}}},"item":{"id":1138,"url":"https:\/\/transcribe.newberry.org\/api\/items\/1138","resource":"items"},"element_texts":[{"html":false,"text":"Completed","element_set":{"id":4,"url":"https:\/\/transcribe.newberry.org\/api\/element_sets\/4","name":"Scripto","resource":"element_sets"},"element":{"id":53,"url":"https:\/\/transcribe.newberry.org\/api\/elements\/53","name":"Status","resource":"elements"}},{"html":false,"text":"We are, the undersigned Pierre Antonius & co. - first-party and Augusta Olsen - second party, agreed as follows\n\n(1st) The second party Augusta Olsen promises to send her daughter Miss Christina Olsen to dance & help the actors in the performances which will be shown in the said Theater in midway plaisance and also agreed to come at 9 o'clock A.M. to join our actors in the performances which will be shown in the times appointed P.M & A.M. by the first party, but the first party agreed to set the second party free from service after nine o'clock in the evening. Upon this agreement the second party is obligated from thenceforth to begin in her practicing & rehearsing the imitation of the Turkish dancers & customs which are requested of her & to try her best imitate it as soon as possible that she may please the stage manager & promises to be obedient to do what she is requested for.\n(2nd) The first party promises to give the second party a salary of $20 for the first week; then when the second party will be able to appear on the stage just to imitate the Turkish dance or part of it, the first party agreed to give $25 twenty-five dollars per week and promises to raise the salary as soon as her dance improves. \nNow after trying her for the first week, if she proved successful or has a hope of success in future she will continue in the work & her salary will be raised.","element_set":{"id":4,"url":"https:\/\/transcribe.newberry.org\/api\/element_sets\/4","name":"Scripto","resource":"element_sets"},"element":{"id":52,"url":"https:\/\/transcribe.newberry.org\/api\/elements\/52","name":"Transcription","resource":"elements"}}],"extended_resources":[]},{"id":79952,"url":"https:\/\/transcribe.newberry.org\/api\/files\/79952","file_urls":{"original":"https:\/\/transcribe.newberry.org\/files\/original\/7be4f2f4d72cd2b925453f0988de2c1f.jpg","fullsize":"https:\/\/transcribe.newberry.org\/files\/fullsize\/7be4f2f4d72cd2b925453f0988de2c1f.jpg","thumbnail":"https:\/\/transcribe.newberry.org\/files\/thumbnails\/7be4f2f4d72cd2b925453f0988de2c1f.jpg","square_thumbnail":"https:\/\/transcribe.newberry.org\/files\/square_thumbnails\/7be4f2f4d72cd2b925453f0988de2c1f.jpg"},"added":"2018-10-02T20:01:33+00:00","modified":"2021-06-22T20:08:11+00:00","filename":"7be4f2f4d72cd2b925453f0988de2c1f.jpg","authentication":"57d69376de4f7779ab6e088ca1e8fb4b","has_derivative_image":true,"mime_type":"image\/jpeg","order":null,"original_filename":"dance_ms_olson_box_01_fl_005_001_002_o2.jpg","size":884255,"stored":true,"type_os":"JPEG image data, JFIF standard 1.01","metadata":{"mime_type":"image\/jpeg","video":{"dataformat":"jpg","lossless":false,"bits_per_sample":24,"pixel_aspect_ratio":1,"resolution_x":2266,"resolution_y":3600,"compression_ratio":0.03613215488215500148516667877629515714943408966064453125},"comments":{"IPTCEnvelope":{"CodedCharacterSet":["\u001b%G"]},"IPTCApplication":{"ApplicationRecordVersion":["\u0004"],"DateCreated":["20161018"],"TimeCreated":["030200"],"CopyrightNotice":["The Newberry Library"]}},"comments_html":{"IPTCEnvelope":{"CodedCharacterSet":["\u001b%G"]},"IPTCApplication":{"ApplicationRecordVersion":["\u0004"],"DateCreated":["20161018"],"TimeCreated":["030200"],"CopyrightNotice":["The Newberry Library"]}},"iptc":{"comments":{"IPTCEnvelope":{"CodedCharacterSet":["\u001b%G"]},"IPTCApplication":{"ApplicationRecordVersion":["\u0000\u0004"],"DateCreated":["20161018"],"TimeCreated":["030200"],"CopyrightNotice":["The Newberry Library"]}},"encoding":"ISO-8859-1"},"jpg":{"exif":{"FILE":{"FileName":"7be4f2f4d72cd2b925453f0988de2c1f.jpg","FileDateTime":1538510492,"FileSize":884255,"FileType":2,"MimeType":"image\/jpeg","SectionsFound":"ANY_TAG, IFD0, EXIF"},"COMPUTED":{"html":"width=\"2266\" height=\"3600\"","Height":3600,"Width":2266,"IsColor":1,"ByteOrderMotorola":0,"CCDWidth":"21mm","ApertureFNumber":"f\/7.1"},"IFD0":{"Make":"Canon","Model":"Canon EOS 5D Mark III","Software":"Adobe Photoshop CS6 (Windows)","DateTime":"2016:10:18 16:03:20","Exif_IFD_Pointer":152},"EXIF":{"ExposureTime":0.0200000000000000004163336342344337026588618755340576171875,"FNumber":7.0999999999999996447286321199499070644378662109375,"ExposureProgram":1,"ISOSpeedRatings":400,"UndefinedTag:0x8830":2,"UndefinedTag:0x8832":400,"ExifVersion":230,"DateTimeOriginal":"2016:10:18 03:02:00","DateTimeDigitized":"2016:10:18 03:02:00","ShutterSpeedValue":5.64385600000000042797410060302354395389556884765625,"ApertureValue":5.655637999999999721012500231154263019561767578125,"ExposureBiasValue":0,"MaxApertureValue":3,"MeteringMode":5,"Flash":16,"FocalLength":42,"SubSecTimeOriginal":4,"ColorSpace":65535,"ExifImageWidth":3460,"ExifImageLength":5495,"FocalPlaneXResolution":1600,"FocalPlaneYResolution":1600,"FocalPlaneResolutionUnit":3,"CustomRendered":0,"ExposureMode":1,"WhiteBalance":1,"SceneCaptureType":0,"UndefinedTag:0xA431":358023000687,"UndefinedTag:0xA432":["28\/1","75\/1","0\/0","0\/0"],"UndefinedTag:0xA434":"28-75mm","UndefinedTag:0xA435":0}}}},"item":{"id":1138,"url":"https:\/\/transcribe.newberry.org\/api\/items\/1138","resource":"items"},"element_texts":[{"html":false,"text":"Completed","element_set":{"id":4,"url":"https:\/\/transcribe.newberry.org\/api\/element_sets\/4","name":"Scripto","resource":"element_sets"},"element":{"id":53,"url":"https:\/\/transcribe.newberry.org\/api\/elements\/53","name":"Status","resource":"elements"}},{"html":false,"text":"as mentioned before; & if she proved unsuccessful then the first party is free to leave her of the work after giving her the salary of what she has worked with it's in the days past.\n(3rd) If the first party approves the work of the second party & wishes to continue the contract to the close of the World's fair the second party is obliged to obey according to the conditions above mentioned.\nFor the acceptance of this agreement two copies are written & signed by both of us. \nMrs Augusta Olsen","element_set":{"id":4,"url":"https:\/\/transcribe.newberry.org\/api\/element_sets\/4","name":"Scripto","resource":"element_sets"},"element":{"id":52,"url":"https:\/\/transcribe.newberry.org\/api\/elements\/52","name":"Transcription","resource":"elements"}}],"extended_resources":[]},{"id":79953,"url":"https:\/\/transcribe.newberry.org\/api\/files\/79953","file_urls":{"original":"https:\/\/transcribe.newberry.org\/files\/original\/cde40badfc50ec16d797fbd2417c7ddc.jpg","fullsize":"https:\/\/transcribe.newberry.org\/files\/fullsize\/cde40badfc50ec16d797fbd2417c7ddc.jpg","thumbnail":"https:\/\/transcribe.newberry.org\/files\/thumbnails\/cde40badfc50ec16d797fbd2417c7ddc.jpg","square_thumbnail":"https:\/\/transcribe.newberry.org\/files\/square_thumbnails\/cde40badfc50ec16d797fbd2417c7ddc.jpg"},"added":"2018-10-02T20:01:34+00:00","modified":"2021-06-22T20:08:11+00:00","filename":"cde40badfc50ec16d797fbd2417c7ddc.jpg","authentication":"cbeefa04af97ef51d023b815aac64ad6","has_derivative_image":true,"mime_type":"image\/jpeg","order":null,"original_filename":"dance_ms_olson_box_01_fl_005_002_001_o2.jpg","size":1513678,"stored":true,"type_os":"JPEG image data, JFIF standard 1.01","metadata":{"mime_type":"image\/jpeg","video":{"dataformat":"jpg","lossless":false,"bits_per_sample":24,"pixel_aspect_ratio":1,"resolution_x":2906,"resolution_y":3600,"compression_ratio":0.048229652570671001365898433732581906951963901519775390625},"comments":{"IPTCEnvelope":{"CodedCharacterSet":["\u001b%G"]},"IPTCApplication":{"ApplicationRecordVersion":["\u0004"],"DateCreated":["20161018"],"TimeCreated":["030215"],"CopyrightNotice":["The Newberry Library"]}},"comments_html":{"IPTCEnvelope":{"CodedCharacterSet":["\u001b%G"]},"IPTCApplication":{"ApplicationRecordVersion":["\u0004"],"DateCreated":["20161018"],"TimeCreated":["030215"],"CopyrightNotice":["The Newberry Library"]}},"iptc":{"comments":{"IPTCEnvelope":{"CodedCharacterSet":["\u001b%G"]},"IPTCApplication":{"ApplicationRecordVersion":["\u0000\u0004"],"DateCreated":["20161018"],"TimeCreated":["030215"],"CopyrightNotice":["The Newberry Library"]}},"encoding":"ISO-8859-1"},"jpg":{"exif":{"FILE":{"FileName":"cde40badfc50ec16d797fbd2417c7ddc.jpg","FileDateTime":1538510492,"FileSize":1513678,"FileType":2,"MimeType":"image\/jpeg","SectionsFound":"ANY_TAG, IFD0, EXIF"},"COMPUTED":{"html":"width=\"2906\" height=\"3600\"","Height":3600,"Width":2906,"IsColor":1,"ByteOrderMotorola":0,"CCDWidth":"21mm","ApertureFNumber":"f\/7.1"},"IFD0":{"Make":"Canon","Model":"Canon EOS 5D Mark III","Software":"Adobe Photoshop CS6 (Windows)","DateTime":"2016:10:18 16:02:02","Exif_IFD_Pointer":152},"EXIF":{"ExposureTime":0.0200000000000000004163336342344337026588618755340576171875,"FNumber":7.0999999999999996447286321199499070644378662109375,"ExposureProgram":1,"ISOSpeedRatings":400,"UndefinedTag:0x8830":2,"UndefinedTag:0x8832":400,"ExifVersion":230,"DateTimeOriginal":"2016:10:18 03:02:15","DateTimeDigitized":"2016:10:18 03:02:15","ShutterSpeedValue":5.64385600000000042797410060302354395389556884765625,"ApertureValue":5.655637999999999721012500231154263019561767578125,"ExposureBiasValue":0,"MaxApertureValue":3,"MeteringMode":5,"Flash":16,"FocalLength":38,"ColorSpace":65535,"ExifImageWidth":3424,"ExifImageLength":4241,"FocalPlaneXResolution":1600,"FocalPlaneYResolution":1600,"FocalPlaneResolutionUnit":3,"CustomRendered":0,"ExposureMode":1,"WhiteBalance":1,"SceneCaptureType":0,"UndefinedTag:0xA431":358023000687,"UndefinedTag:0xA432":["28\/1","75\/1","0\/0","0\/0"],"UndefinedTag:0xA434":"28-75mm","UndefinedTag:0xA435":0}}}},"item":{"id":1138,"url":"https:\/\/transcribe.newberry.org\/api\/items\/1138","resource":"items"},"element_texts":[{"html":false,"text":"Completed","element_set":{"id":4,"url":"https:\/\/transcribe.newberry.org\/api\/element_sets\/4","name":"Scripto","resource":"element_sets"},"element":{"id":53,"url":"https:\/\/transcribe.newberry.org\/api\/elements\/53","name":"Status","resource":"elements"}},{"html":false,"text":"AGREEMENT:\nWe, the undersigned, Pierre Antonius & Co. a party of the first part and Augusta Olsen a party of the second part, agreed according to the following conditions:\n(1rst) The party of the second part agrees to send her daughter, Miss Christina Olsen, the dancer & actress, to help the actors in the performances which will be shown in the Turkish Theatre Midway Plaisance, world's fair; as also agreed to send the said Miss at 9 o'Clock AM to join our actors in the dances & performances which will be shown in the time appointed. AM, PM, by the party of the first part; but the party of the first part agrees to set the second party of the second part free from service after nine o'clock in the evening.\n\nUpon this agreement the party of the second part became responsible from thenceforth to send her daughter to the said Theatre to begin her rehearsing & practising the imitation of the Turkish dances & customs which are requested of her & also to try her best in imitating it as soon as possible, that she may please the stage manager & promises to be obedient to do what she is requested for. \n(2nd) The party of the first part agrees to give the party of the second part a salary of $20 twenty dollars a week in return","element_set":{"id":4,"url":"https:\/\/transcribe.newberry.org\/api\/element_sets\/4","name":"Scripto","resource":"element_sets"},"element":{"id":52,"url":"https:\/\/transcribe.newberry.org\/api\/elements\/52","name":"Transcription","resource":"elements"}}],"extended_resources":[]},{"id":79954,"url":"https:\/\/transcribe.newberry.org\/api\/files\/79954","file_urls":{"original":"https:\/\/transcribe.newberry.org\/files\/original\/ef26c90f165083a736a0da4c8710235b.jpg","fullsize":"https:\/\/transcribe.newberry.org\/files\/fullsize\/ef26c90f165083a736a0da4c8710235b.jpg","thumbnail":"https:\/\/transcribe.newberry.org\/files\/thumbnails\/ef26c90f165083a736a0da4c8710235b.jpg","square_thumbnail":"https:\/\/transcribe.newberry.org\/files\/square_thumbnails\/ef26c90f165083a736a0da4c8710235b.jpg"},"added":"2018-10-02T20:01:36+00:00","modified":"2021-06-22T20:08:11+00:00","filename":"ef26c90f165083a736a0da4c8710235b.jpg","authentication":"2ec917e62527c016eecc1a8e4023c8cb","has_derivative_image":true,"mime_type":"image\/jpeg","order":null,"original_filename":"dance_ms_olson_box_01_fl_005_002_002_o2.jpg","size":1418063,"stored":true,"type_os":"JPEG image data, JFIF standard 1.01","metadata":{"mime_type":"image\/jpeg","video":{"dataformat":"jpg","lossless":false,"bits_per_sample":24,"pixel_aspect_ratio":1,"resolution_x":2879,"resolution_y":3600,"compression_ratio":0.045606852945338997862290142393248970620334148406982421875},"comments":{"IPTCEnvelope":{"CodedCharacterSet":["\u001b%G"]},"IPTCApplication":{"ApplicationRecordVersion":["\u0004"],"DateCreated":["20161018"],"TimeCreated":["030227"],"CopyrightNotice":["The Newberry Library"]}},"comments_html":{"IPTCEnvelope":{"CodedCharacterSet":["\u001b%G"]},"IPTCApplication":{"ApplicationRecordVersion":["\u0004"],"DateCreated":["20161018"],"TimeCreated":["030227"],"CopyrightNotice":["The Newberry Library"]}},"iptc":{"comments":{"IPTCEnvelope":{"CodedCharacterSet":["\u001b%G"]},"IPTCApplication":{"ApplicationRecordVersion":["\u0000\u0004"],"DateCreated":["20161018"],"TimeCreated":["030227"],"CopyrightNotice":["The Newberry Library"]}},"encoding":"ISO-8859-1"},"jpg":{"exif":{"FILE":{"FileName":"ef26c90f165083a736a0da4c8710235b.jpg","FileDateTime":1538510492,"FileSize":1418063,"FileType":2,"MimeType":"image\/jpeg","SectionsFound":"ANY_TAG, IFD0, EXIF"},"COMPUTED":{"html":"width=\"2879\" height=\"3600\"","Height":3600,"Width":2879,"IsColor":1,"ByteOrderMotorola":0,"CCDWidth":"21mm","ApertureFNumber":"f\/7.1"},"IFD0":{"Make":"Canon","Model":"Canon EOS 5D Mark III","Software":"Adobe Photoshop CS6 (Windows)","DateTime":"2016:10:18 15:58:59","Exif_IFD_Pointer":152},"EXIF":{"ExposureTime":0.0200000000000000004163336342344337026588618755340576171875,"FNumber":7.0999999999999996447286321199499070644378662109375,"ExposureProgram":1,"ISOSpeedRatings":400,"UndefinedTag:0x8830":2,"UndefinedTag:0x8832":400,"ExifVersion":230,"DateTimeOriginal":"2016:10:18 03:02:27","DateTimeDigitized":"2016:10:18 03:02:27","ShutterSpeedValue":5.64385600000000042797410060302354395389556884765625,"ApertureValue":5.655637999999999721012500231154263019561767578125,"ExposureBiasValue":0,"MaxApertureValue":3,"MeteringMode":5,"Flash":16,"FocalLength":38,"SubSecTimeOriginal":99,"ColorSpace":65535,"ExifImageWidth":3403,"ExifImageLength":4255,"FocalPlaneXResolution":1600,"FocalPlaneYResolution":1600,"FocalPlaneResolutionUnit":3,"CustomRendered":0,"ExposureMode":1,"WhiteBalance":1,"SceneCaptureType":0,"UndefinedTag:0xA431":358023000687,"UndefinedTag:0xA432":["28\/1","75\/1","0\/0","0\/0"],"UndefinedTag:0xA434":"28-75mm","UndefinedTag:0xA435":0}}}},"item":{"id":1138,"url":"https:\/\/transcribe.newberry.org\/api\/items\/1138","resource":"items"},"element_texts":[{"html":false,"text":"Completed","element_set":{"id":4,"url":"https:\/\/transcribe.newberry.org\/api\/element_sets\/4","name":"Scripto","resource":"element_sets"},"element":{"id":53,"url":"https:\/\/transcribe.newberry.org\/api\/elements\/53","name":"Status","resource":"elements"}},{"html":false,"text":"As the service of her daughter in Turkish Theater, Then when the said Miss Christina Oslon will be able to appear on the stage just to indicate? the Turkish dance or a kind of it in a recomendable manner - The party of the first part agreed to give the party of the second part $25 twenty five dollars per week + unclear promised to raise the salary as soon as the dance improves.\nNow after trying the said miss Christina Olscon for the first week + proved successful in this work, she may continue in this work + her salary would be raised as mentioned before + if she proved the contrary then the  party of the first part will be free to leave her of the work after giving her the wages of the days worked.\n(3rd) If the party of the first part approved the work of the the said miss Christina Olscon + wish to continue the contract with the party of the second part the last is unclear to obey according to the conditions above mentioned even to the close of the World's Fair.\nMy own hands, unclear signs witness this agreement of this the 27th of June 1893 unclear","element_set":{"id":4,"url":"https:\/\/transcribe.newberry.org\/api\/element_sets\/4","name":"Scripto","resource":"element_sets"},"element":{"id":52,"url":"https:\/\/transcribe.newberry.org\/api\/elements\/52","name":"Transcription","resource":"elements"}}],"extended_resources":[]},{"id":79955,"url":"https:\/\/transcribe.newberry.org\/api\/files\/79955","file_urls":{"original":"https:\/\/transcribe.newberry.org\/files\/original\/cf3fc5617c73094aa6833c43b08c2449.jpg","fullsize":"https:\/\/transcribe.newberry.org\/files\/fullsize\/cf3fc5617c73094aa6833c43b08c2449.jpg","thumbnail":"https:\/\/transcribe.newberry.org\/files\/thumbnails\/cf3fc5617c73094aa6833c43b08c2449.jpg","square_thumbnail":"https:\/\/transcribe.newberry.org\/files\/square_thumbnails\/cf3fc5617c73094aa6833c43b08c2449.jpg"},"added":"2018-10-02T20:01:37+00:00","modified":"2021-06-22T20:08:11+00:00","filename":"cf3fc5617c73094aa6833c43b08c2449.jpg","authentication":"f8a7dcdd4a8a8b239f803f29d855d317","has_derivative_image":true,"mime_type":"image\/jpeg","order":null,"original_filename":"dance_ms_olson_box_01_fl_006_001_001_o2.jpg","size":1257041,"stored":true,"type_os":"JPEG image data, JFIF standard 1.01","metadata":{"mime_type":"image\/jpeg","video":{"dataformat":"jpg","lossless":false,"bits_per_sample":24,"pixel_aspect_ratio":1,"resolution_x":3600,"resolution_y":2895,"compression_ratio":0.04020472717968399944954427382981521077454090118408203125},"comments":{"IPTCEnvelope":{"CodedCharacterSet":["\u001b%G"]},"IPTCApplication":{"ApplicationRecordVersion":["\u0004"],"DateCreated":["20161018"],"TimeCreated":["024911"],"CopyrightNotice":["The Newberry Library"]}},"comments_html":{"IPTCEnvelope":{"CodedCharacterSet":["\u001b%G"]},"IPTCApplication":{"ApplicationRecordVersion":["\u0004"],"DateCreated":["20161018"],"TimeCreated":["024911"],"CopyrightNotice":["The Newberry Library"]}},"iptc":{"comments":{"IPTCEnvelope":{"CodedCharacterSet":["\u001b%G"]},"IPTCApplication":{"ApplicationRecordVersion":["\u0000\u0004"],"DateCreated":["20161018"],"TimeCreated":["024911"],"CopyrightNotice":["The Newberry Library"]}},"encoding":"ISO-8859-1"},"jpg":{"exif":{"FILE":{"FileName":"cf3fc5617c73094aa6833c43b08c2449.jpg","FileDateTime":1538510492,"FileSize":1257041,"FileType":2,"MimeType":"image\/jpeg","SectionsFound":"ANY_TAG, IFD0, EXIF"},"COMPUTED":{"html":"width=\"3600\" height=\"2895\"","Height":2895,"Width":3600,"IsColor":1,"ByteOrderMotorola":0,"CCDWidth":"26mm","ApertureFNumber":"f\/7.1"},"IFD0":{"Make":"Canon","Model":"Canon EOS 5D Mark III","Software":"Adobe Photoshop CS6 (Windows)","DateTime":"2016:10:18 15:56:03","Exif_IFD_Pointer":152},"EXIF":{"ExposureTime":0.0200000000000000004163336342344337026588618755340576171875,"FNumber":7.0999999999999996447286321199499070644378662109375,"ExposureProgram":1,"ISOSpeedRatings":400,"UndefinedTag:0x8830":2,"UndefinedTag:0x8832":400,"ExifVersion":230,"DateTimeOriginal":"2016:10:18 02:49:11","DateTimeDigitized":"2016:10:18 02:49:11","ShutterSpeedValue":5.64385600000000042797410060302354395389556884765625,"ApertureValue":5.655637999999999721012500231154263019561767578125,"ExposureBiasValue":0,"MaxApertureValue":3,"MeteringMode":5,"Flash":16,"FocalLength":42,"ColorSpace":65535,"ExifImageWidth":4276,"ExifImageLength":3439,"FocalPlaneXResolution":1600,"FocalPlaneYResolution":1600,"FocalPlaneResolutionUnit":3,"CustomRendered":0,"ExposureMode":1,"WhiteBalance":1,"SceneCaptureType":0,"UndefinedTag:0xA431":358023000687,"UndefinedTag:0xA432":["28\/1","75\/1","0\/0","0\/0"],"UndefinedTag:0xA434":"28-75mm","UndefinedTag:0xA435":0}}}},"item":{"id":1138,"url":"https:\/\/transcribe.newberry.org\/api\/items\/1138","resource":"items"},"element_texts":[{"html":false,"text":"Completed","element_set":{"id":4,"url":"https:\/\/transcribe.newberry.org\/api\/element_sets\/4","name":"Scripto","resource":"element_sets"},"element":{"id":53,"url":"https:\/\/transcribe.newberry.org\/api\/elements\/53","name":"Status","resource":"elements"}},{"html":false,"text":"To whom it may concern we certify that miss Christina Olson has been engaged as a dancer with us in the Turkish Theater, mid way plaisance, World's Fair for a term of five months + has proved to be very clever + diligent in her service in the said theater.\nShe has studied the Turkish + unclear dance + practiced it in the said theater + proved after all to attain a recommendable degree of dance worthy of approval by all the Turks.\nSo wherever she may go or work we will believe that she will show such a faithfulness in service as a dancer + will dance the real Turkish dance as it is danced in Turkey This recommendation","element_set":{"id":4,"url":"https:\/\/transcribe.newberry.org\/api\/element_sets\/4","name":"Scripto","resource":"element_sets"},"element":{"id":52,"url":"https:\/\/transcribe.newberry.org\/api\/elements\/52","name":"Transcription","resource":"elements"}}],"extended_resources":[]},{"id":79956,"url":"https:\/\/transcribe.newberry.org\/api\/files\/79956","file_urls":{"original":"https:\/\/transcribe.newberry.org\/files\/original\/b916b647a4bce3c5f2233a10b658bad7.jpg","fullsize":"https:\/\/transcribe.newberry.org\/files\/fullsize\/b916b647a4bce3c5f2233a10b658bad7.jpg","thumbnail":"https:\/\/transcribe.newberry.org\/files\/thumbnails\/b916b647a4bce3c5f2233a10b658bad7.jpg","square_thumbnail":"https:\/\/transcribe.newberry.org\/files\/square_thumbnails\/b916b647a4bce3c5f2233a10b658bad7.jpg"},"added":"2018-10-02T20:01:38+00:00","modified":"2021-06-22T20:08:11+00:00","filename":"b916b647a4bce3c5f2233a10b658bad7.jpg","authentication":"355e3908fab0c7f20bc84245c3c7fcfe","has_derivative_image":true,"mime_type":"image\/jpeg","order":null,"original_filename":"dance_ms_olson_box_01_fl_006_001_002_o2.jpg","size":1100935,"stored":true,"type_os":"JPEG image data, JFIF standard 1.01","metadata":{"mime_type":"image\/jpeg","video":{"dataformat":"jpg","lossless":false,"bits_per_sample":24,"pixel_aspect_ratio":1,"resolution_x":3600,"resolution_y":2861,"compression_ratio":0.03563034810413300002007730427067144773900508880615234375},"comments":{"IPTCEnvelope":{"CodedCharacterSet":["\u001b%G"]},"IPTCApplication":{"ApplicationRecordVersion":["\u0004"],"DateCreated":["20161018"],"TimeCreated":["024915"],"CopyrightNotice":["The Newberry Library"]}},"comments_html":{"IPTCEnvelope":{"CodedCharacterSet":["\u001b%G"]},"IPTCApplication":{"ApplicationRecordVersion":["\u0004"],"DateCreated":["20161018"],"TimeCreated":["024915"],"CopyrightNotice":["The Newberry Library"]}},"iptc":{"comments":{"IPTCEnvelope":{"CodedCharacterSet":["\u001b%G"]},"IPTCApplication":{"ApplicationRecordVersion":["\u0000\u0004"],"DateCreated":["20161018"],"TimeCreated":["024915"],"CopyrightNotice":["The Newberry Library"]}},"encoding":"ISO-8859-1"},"jpg":{"exif":{"FILE":{"FileName":"b916b647a4bce3c5f2233a10b658bad7.jpg","FileDateTime":1538510492,"FileSize":1100935,"FileType":2,"MimeType":"image\/jpeg","SectionsFound":"ANY_TAG, IFD0, EXIF"},"COMPUTED":{"html":"width=\"3600\" height=\"2861\"","Height":2861,"Width":3600,"IsColor":1,"ByteOrderMotorola":0,"CCDWidth":"26mm","ApertureFNumber":"f\/7.1"},"IFD0":{"Make":"Canon","Model":"Canon EOS 5D Mark III","Software":"Adobe Photoshop CS6 (Windows)","DateTime":"2016:10:18 15:54:33","Exif_IFD_Pointer":152},"EXIF":{"ExposureTime":0.0200000000000000004163336342344337026588618755340576171875,"FNumber":7.0999999999999996447286321199499070644378662109375,"ExposureProgram":1,"ISOSpeedRatings":400,"UndefinedTag:0x8830":2,"UndefinedTag:0x8832":400,"ExifVersion":230,"DateTimeOriginal":"2016:10:18 02:49:15","DateTimeDigitized":"2016:10:18 02:49:15","ShutterSpeedValue":5.64385600000000042797410060302354395389556884765625,"ApertureValue":5.655637999999999721012500231154263019561767578125,"ExposureBiasValue":0,"MaxApertureValue":3,"MeteringMode":5,"Flash":16,"FocalLength":42,"SubSecTimeOriginal":91,"ColorSpace":65535,"ExifImageWidth":4230,"ExifImageLength":3362,"FocalPlaneXResolution":1600,"FocalPlaneYResolution":1600,"FocalPlaneResolutionUnit":3,"CustomRendered":0,"ExposureMode":1,"WhiteBalance":1,"SceneCaptureType":0,"UndefinedTag:0xA431":358023000687,"UndefinedTag:0xA432":["28\/1","75\/1","0\/0","0\/0"],"UndefinedTag:0xA434":"28-75mm","UndefinedTag:0xA435":0}}}},"item":{"id":1138,"url":"https:\/\/transcribe.newberry.org\/api\/items\/1138","resource":"items"},"element_texts":[{"html":false,"text":"Completed","element_set":{"id":4,"url":"https:\/\/transcribe.newberry.org\/api\/element_sets\/4","name":"Scripto","resource":"element_sets"},"element":{"id":53,"url":"https:\/\/transcribe.newberry.org\/api\/elements\/53","name":"Status","resource":"elements"}},{"html":false,"text":"is written + signed by the managers of the Turkish Theaters this day of the 3rd of November 1893\nSignatures","element_set":{"id":4,"url":"https:\/\/transcribe.newberry.org\/api\/element_sets\/4","name":"Scripto","resource":"element_sets"},"element":{"id":52,"url":"https:\/\/transcribe.newberry.org\/api\/elements\/52","name":"Transcription","resource":"elements"}}],"extended_resources":[]},{"id":90661,"url":"https:\/\/transcribe.newberry.org\/api\/files\/90661","file_urls":{"original":"https:\/\/transcribe.newberry.org\/files\/original\/306fd6a812e378711f4666def86ece7f.jpg","fullsize":"https:\/\/transcribe.newberry.org\/files\/fullsize\/306fd6a812e378711f4666def86ece7f.jpg","thumbnail":"https:\/\/transcribe.newberry.org\/files\/thumbnails\/306fd6a812e378711f4666def86ece7f.jpg","square_thumbnail":"https:\/\/transcribe.newberry.org\/files\/square_thumbnails\/306fd6a812e378711f4666def86ece7f.jpg"},"added":"2019-11-08T17:01:16+00:00","modified":"2021-06-22T20:08:11+00:00","filename":"306fd6a812e378711f4666def86ece7f.jpg","authentication":"95a1d02e4238daaceb53e8cfef05a344","has_derivative_image":true,"mime_type":"image\/jpeg","order":null,"original_filename":"Christina_Olson_photographs.jpg","size":954806,"stored":true,"type_os":"JPEG image data, JFIF standard 1.01","metadata":{"mime_type":"image\/jpeg","video":{"dataformat":"jpg","lossless":false,"bits_per_sample":24,"pixel_aspect_ratio":1,"resolution_x":2942,"resolution_y":3600,"compression_ratio":0.030050293325275999334333931756191304884850978851318359375}},"item":{"id":1138,"url":"https:\/\/transcribe.newberry.org\/api\/items\/1138","resource":"items"},"element_texts":[{"html":false,"text":"Completed","element_set":{"id":4,"url":"https:\/\/transcribe.newberry.org\/api\/element_sets\/4","name":"Scripto","resource":"element_sets"},"element":{"id":53,"url":"https:\/\/transcribe.newberry.org\/api\/elements\/53","name":"Status","resource":"elements"}},{"html":false,"text":"Christina Olsen","element_set":{"id":4,"url":"https:\/\/transcribe.newberry.org\/api\/element_sets\/4","name":"Scripto","resource":"element_sets"},"element":{"id":52,"url":"https:\/\/transcribe.newberry.org\/api\/elements\/52","name":"Transcription","resource":"elements"}}],"extended_resources":[]}]