[{"id":72393,"url":"https:\/\/transcribe.newberry.org\/api\/files\/72393","file_urls":{"original":"https:\/\/transcribe.newberry.org\/files\/original\/4514b4abf2230c1118fa478188c5f9e4.jpg","fullsize":"https:\/\/transcribe.newberry.org\/files\/fullsize\/4514b4abf2230c1118fa478188c5f9e4.jpg","thumbnail":"https:\/\/transcribe.newberry.org\/files\/thumbnails\/4514b4abf2230c1118fa478188c5f9e4.jpg","square_thumbnail":"https:\/\/transcribe.newberry.org\/files\/square_thumbnails\/4514b4abf2230c1118fa478188c5f9e4.jpg"},"added":"2018-04-03T16:09:54+00:00","modified":"2020-04-09T00:42:06+00:00","filename":"4514b4abf2230c1118fa478188c5f9e4.jpg","authentication":"545c36369f8624417aa2ae5f75e45454","has_derivative_image":true,"mime_type":"image\/jpeg","order":null,"original_filename":"Ayer_MS_195_00001_o2.jpg","size":1781005,"stored":true,"type_os":"JPEG image data, JFIF standard 1.01","metadata":{"mime_type":"image\/jpeg","video":{"dataformat":"jpg","lossless":false,"bits_per_sample":24,"pixel_aspect_ratio":1,"resolution_x":2889,"resolution_y":3600,"compression_ratio":0.057081298155199002020143694835496717132627964019775390625},"comments":{"IPTCEnvelope":{"CodedCharacterSet":["\u001b%G"]},"IPTCApplication":{"ApplicationRecordVersion":[""],"DateCreated":["20120501"],"TimeCreated":["103819+0000"]}},"comments_html":{"IPTCEnvelope":{"CodedCharacterSet":["\u001b%G"]},"IPTCApplication":{"ApplicationRecordVersion":[""],"DateCreated":["20120501"],"TimeCreated":["103819+0000"]}},"iptc":{"comments":{"IPTCEnvelope":{"CodedCharacterSet":["\u001b%G"]},"IPTCApplication":{"ApplicationRecordVersion":["\u0000\u0000"],"DateCreated":["20120501"],"TimeCreated":["103819+0000"]}},"encoding":"ISO-8859-1"},"jpg":{"exif":{"FILE":{"FileName":"4514b4abf2230c1118fa478188c5f9e4.jpg","FileDateTime":1522771794,"FileSize":1781005,"FileType":2,"MimeType":"image\/jpeg","SectionsFound":"ANY_TAG, IFD0, EXIF"},"COMPUTED":{"html":"width=\"2889\" height=\"3600\"","Height":3600,"Width":2889,"IsColor":1,"ByteOrderMotorola":0,"CCDWidth":"13mm","ApertureFNumber":"f\/7.1"},"IFD0":{"Make":"Canon","Model":"Canon EOS 5D Mark II","Software":"Adobe Photoshop CS5.1 Macintosh","DateTime":"2012:05:10 12:07:40","Exif_IFD_Pointer":154},"EXIF":{"ExposureTime":0.0166666666666669995022775907500545145012438297271728515625,"FNumber":7.0999999999999996447286321199499070644378662109375,"ExposureProgram":1,"ISOSpeedRatings":200,"ExifVersion":221,"DateTimeOriginal":"2012:05:01 10:38:19","DateTimeDigitized":"2012:05:01 10:38:19","ShutterSpeedValue":5.9068909999999998916564436512999236583709716796875,"ApertureValue":5.655637999999999721012500231154263019561767578125,"ExposureBiasValue":0,"MaxApertureValue":2.625,"MeteringMode":5,"Flash":16,"FocalLength":50,"SubSecTime":58,"SubSecTimeOriginal":58,"SubSecTimeDigitized":58,"ColorSpace":65535,"ExifImageWidth":2073,"ExifImageLength":2583,"FocalPlaneXResolution":3849.21178889649991106125526130199432373046875,"FocalPlaneYResolution":3908.14196242170010009431280195713043212890625,"FocalPlaneResolutionUnit":2,"CustomRendered":0,"ExposureMode":1,"WhiteBalance":1,"SceneCaptureType":0,"UndefinedTag:0xA431":3021505797,"UndefinedTag:0xA432":["50\/1","50\/1","0\/0","0\/0"],"UndefinedTag:0xA434":"EF50mm f\/2.5 Compact Macro"}}}},"item":{"id":1068,"url":"https:\/\/transcribe.newberry.org\/api\/items\/1068","resource":"items"},"element_texts":[{"html":false,"text":"Completed","element_set":{"id":4,"url":"https:\/\/transcribe.newberry.org\/api\/element_sets\/4","name":"Scripto","resource":"element_sets"},"element":{"id":53,"url":"https:\/\/transcribe.newberry.org\/api\/elements\/53","name":"Status","resource":"elements"}},{"html":false,"text":"Fort Pitt March 12th. 1763\nHon[oure]d. Sir\nTwo Days ago I was Feaverd. with yours of the 30th on Recept of the former Leter I Wrote  Mr. McKee & att the Same Time Desired he wold Write the Hurons & Lett you know what had Come to his knolidge of the Causes of the Indians uneseyness on Susquehenna wh. I make No Doubt he has Don\nI Wrote yr. Honour by an Express wh. Left this the Eight of Feby. & Sent you Every thing then worth yr. Notice & In a few Days I will Send you Mr. Hutchens Draft wh. is finished Butt Did Nott think Safe to Send itt by J. Borrer who is Just  Returnd with one Scalp from the Cherrokes I furnishd. him & his party as they were going with what  Nesereys i.e. necessaries they then Wanted  & Likewise Now on there Return.\nAs yr Honour observes, the Indians that pass by this part to & from Warr are very uneasy att our Nott Supplying them with Ammunision & Nesereys Notwithstanding I ashure you itt has Cost me above ayaers Saley i.e. a year's salary within this twelf months in trifels, Were? then the officrs Commanding hear wold Alou them In order to keep\nAyer N.A MS 195 no. 1 Newberry Library shelfmark, in pencil","element_set":{"id":4,"url":"https:\/\/transcribe.newberry.org\/api\/element_sets\/4","name":"Scripto","resource":"element_sets"},"element":{"id":52,"url":"https:\/\/transcribe.newberry.org\/api\/elements\/52","name":"Transcription","resource":"elements"}}],"extended_resources":[]},{"id":72394,"url":"https:\/\/transcribe.newberry.org\/api\/files\/72394","file_urls":{"original":"https:\/\/transcribe.newberry.org\/files\/original\/bf6e61ef18f1a5732737ef94eea7c3e6.jpg","fullsize":"https:\/\/transcribe.newberry.org\/files\/fullsize\/bf6e61ef18f1a5732737ef94eea7c3e6.jpg","thumbnail":"https:\/\/transcribe.newberry.org\/files\/thumbnails\/bf6e61ef18f1a5732737ef94eea7c3e6.jpg","square_thumbnail":"https:\/\/transcribe.newberry.org\/files\/square_thumbnails\/bf6e61ef18f1a5732737ef94eea7c3e6.jpg"},"added":"2018-04-03T16:09:56+00:00","modified":"2020-04-09T21:31:21+00:00","filename":"bf6e61ef18f1a5732737ef94eea7c3e6.jpg","authentication":"ffa95ec2c3f31c3c65d1412871caadf9","has_derivative_image":true,"mime_type":"image\/jpeg","order":null,"original_filename":"Ayer_MS_195_00002_o2 copy.jpg","size":870566,"stored":true,"type_os":"JPEG image data, EXIF standard","metadata":{"mime_type":"image\/jpeg","video":{"dataformat":"jpg","lossless":false,"bits_per_sample":24,"pixel_aspect_ratio":1,"resolution_x":1800,"resolution_y":2215,"compression_ratio":0.07278371373630999896509052859983057714998722076416015625},"comments":{"IPTCEnvelope":{"CodedCharacterSet":["\u001b%G"]},"IPTCApplication":{"ApplicationRecordVersion":[""],"DateCreated":["20120501"],"TimeCreated":["103847+0000"]}},"comments_html":{"IPTCEnvelope":{"CodedCharacterSet":["\u001b%G"]},"IPTCApplication":{"ApplicationRecordVersion":[""],"DateCreated":["20120501"],"TimeCreated":["103847+0000"]}},"iptc":{"comments":{"IPTCEnvelope":{"CodedCharacterSet":["\u001b%G"]},"IPTCApplication":{"ApplicationRecordVersion":["\u0000\u0000"],"DateCreated":["20120501"],"TimeCreated":["103847+0000"]}},"encoding":"ISO-8859-1"},"jpg":{"exif":{"FILE":{"FileName":"bf6e61ef18f1a5732737ef94eea7c3e6.jpg","FileDateTime":1522771794,"FileSize":870566,"FileType":2,"MimeType":"image\/jpeg","SectionsFound":"ANY_TAG, IFD0, THUMBNAIL, EXIF"},"COMPUTED":{"html":"width=\"1800\" height=\"2215\"","Height":2215,"Width":1800,"IsColor":1,"ByteOrderMotorola":0,"CCDWidth":"11mm","ApertureFNumber":"f\/7.1","Thumbnail.FileType":2,"Thumbnail.MimeType":"image\/jpeg"},"IFD0":{"ImageWidth":3600,"ImageLength":2215,"BitsPerSample":[8,8,8],"PhotometricInterpretation":2,"Make":"Canon","Model":"Canon EOS 5D Mark II","Orientation":1,"SamplesPerPixel":3,"XResolution":300,"YResolution":300,"ResolutionUnit":2,"Software":"Adobe Photoshop CC 2017 (Windows)","DateTime":"2018:04:03 09:46:39","Exif_IFD_Pointer":288},"THUMBNAIL":{"Compression":6,"XResolution":72,"YResolution":72,"ResolutionUnit":2,"JPEGInterchangeFormat":930,"JPEGInterchangeFormatLength":10232},"EXIF":{"ExposureTime":0.0166666666666669995022775907500545145012438297271728515625,"FNumber":7.0999999999999996447286321199499070644378662109375,"ExposureProgram":1,"ISOSpeedRatings":200,"ExifVersion":221,"DateTimeOriginal":"2012:05:01 10:38:47","DateTimeDigitized":"2012:05:01 10:38:47","ShutterSpeedValue":5.9068909999999998916564436512999236583709716796875,"ApertureValue":5.655637999999999721012500231154263019561767578125,"ExposureBiasValue":0,"MaxApertureValue":2.625,"MeteringMode":5,"Flash":16,"FocalLength":50,"SubSecTime":79,"SubSecTimeOriginal":79,"SubSecTimeDigitized":79,"ColorSpace":65535,"ExifImageWidth":1800,"ExifImageLength":2215,"FocalPlaneXResolution":3849.21178889649991106125526130199432373046875,"FocalPlaneYResolution":3908.14196242170010009431280195713043212890625,"FocalPlaneResolutionUnit":2,"CustomRendered":0,"ExposureMode":1,"WhiteBalance":1,"SceneCaptureType":0,"UndefinedTag:0xA431":3021505797,"UndefinedTag:0xA432":["50\/1","50\/1","0\/0","0\/0"],"UndefinedTag:0xA434":"EF50mm f\/2.5 Compact Macro"}}}},"item":{"id":1068,"url":"https:\/\/transcribe.newberry.org\/api\/items\/1068","resource":"items"},"element_texts":[{"html":false,"text":"Completed","element_set":{"id":4,"url":"https:\/\/transcribe.newberry.org\/api\/element_sets\/4","name":"Scripto","resource":"element_sets"},"element":{"id":53,"url":"https:\/\/transcribe.newberry.org\/api\/elements\/53","name":"Status","resource":"elements"}},{"html":false,"text":"Them In Temper So thet I Can Say Now I Searve the king for Nothing & find my Self,\nEver Sence the Reduction of Canada the Indians in those parts apeerd very Jelous of our growing power Butt Sence I aquainted them of the paice i.e. peace & Lett them know that all North America was Ceaded to Greatt Britain they  Seem Much more So\nIf the Indians whome you Menshon to have Murdred two white Men going from Nigra Should  Come this Way  I will Indeaver to have them Secured\nI Expect in about Ten Days all the Cheeffs of the Shawnees ? heer with all the prisners they have of ours after which I will Write yr. honour & transmitt you a Copey of My Proceeding with them\nwe have had a flood here that was two foot Higher in the fort then that we had Last Spring--Butt we have had No Amunision Damedgd. this time as we have None hear butt Several Houses Swept away\nI am with Greatt Esteem & Regard yr. Honours\nMost Humble Servant\nGeo: Croghan\nTo the Honourable Sir William Johnson Bart.","element_set":{"id":4,"url":"https:\/\/transcribe.newberry.org\/api\/element_sets\/4","name":"Scripto","resource":"element_sets"},"element":{"id":52,"url":"https:\/\/transcribe.newberry.org\/api\/elements\/52","name":"Transcription","resource":"elements"}}],"extended_resources":[]},{"id":72395,"url":"https:\/\/transcribe.newberry.org\/api\/files\/72395","file_urls":{"original":"https:\/\/transcribe.newberry.org\/files\/original\/4b7f08e4b0b1632d87ec82bc3df7045d.jpg","fullsize":"https:\/\/transcribe.newberry.org\/files\/fullsize\/4b7f08e4b0b1632d87ec82bc3df7045d.jpg","thumbnail":"https:\/\/transcribe.newberry.org\/files\/thumbnails\/4b7f08e4b0b1632d87ec82bc3df7045d.jpg","square_thumbnail":"https:\/\/transcribe.newberry.org\/files\/square_thumbnails\/4b7f08e4b0b1632d87ec82bc3df7045d.jpg"},"added":"2018-04-03T16:09:56+00:00","modified":"2020-04-09T00:39:34+00:00","filename":"4b7f08e4b0b1632d87ec82bc3df7045d.jpg","authentication":"e69af43a6ade0f49a8ca69a59d3b8336","has_derivative_image":true,"mime_type":"image\/jpeg","order":null,"original_filename":"Ayer_MS_195_00002_o2.jpg","size":677834,"stored":true,"type_os":"JPEG image data, EXIF standard","metadata":{"mime_type":"image\/jpeg","video":{"dataformat":"jpg","lossless":false,"bits_per_sample":24,"pixel_aspect_ratio":1,"resolution_x":1800,"resolution_y":2215,"compression_ratio":0.056670345288854999388217237310527707450091838836669921875},"comments":{"IPTCEnvelope":{"CodedCharacterSet":["\u001b%G"]},"IPTCApplication":{"ApplicationRecordVersion":[""],"DateCreated":["20120501"],"TimeCreated":["103847+0000"]}},"comments_html":{"IPTCEnvelope":{"CodedCharacterSet":["\u001b%G"]},"IPTCApplication":{"ApplicationRecordVersion":[""],"DateCreated":["20120501"],"TimeCreated":["103847+0000"]}},"iptc":{"comments":{"IPTCEnvelope":{"CodedCharacterSet":["\u001b%G"]},"IPTCApplication":{"ApplicationRecordVersion":["\u0000\u0000"],"DateCreated":["20120501"],"TimeCreated":["103847+0000"]}},"encoding":"ISO-8859-1"},"jpg":{"exif":{"FILE":{"FileName":"4b7f08e4b0b1632d87ec82bc3df7045d.jpg","FileDateTime":1522771794,"FileSize":677834,"FileType":2,"MimeType":"image\/jpeg","SectionsFound":"ANY_TAG, IFD0, THUMBNAIL, EXIF"},"COMPUTED":{"html":"width=\"1800\" height=\"2215\"","Height":2215,"Width":1800,"IsColor":1,"ByteOrderMotorola":0,"CCDWidth":"11mm","ApertureFNumber":"f\/7.1","Thumbnail.FileType":2,"Thumbnail.MimeType":"image\/jpeg"},"IFD0":{"ImageWidth":3600,"ImageLength":2215,"BitsPerSample":[8,8,8],"PhotometricInterpretation":2,"Make":"Canon","Model":"Canon EOS 5D Mark II","Orientation":1,"SamplesPerPixel":3,"XResolution":300,"YResolution":300,"ResolutionUnit":2,"Software":"Adobe Photoshop CC 2017 (Windows)","DateTime":"2018:04:03 09:46:39","Exif_IFD_Pointer":288},"THUMBNAIL":{"Compression":6,"XResolution":72,"YResolution":72,"ResolutionUnit":2,"JPEGInterchangeFormat":930,"JPEGInterchangeFormatLength":6089},"EXIF":{"ExposureTime":0.0166666666666669995022775907500545145012438297271728515625,"FNumber":7.0999999999999996447286321199499070644378662109375,"ExposureProgram":1,"ISOSpeedRatings":200,"ExifVersion":221,"DateTimeOriginal":"2012:05:01 10:38:47","DateTimeDigitized":"2012:05:01 10:38:47","ShutterSpeedValue":5.9068909999999998916564436512999236583709716796875,"ApertureValue":5.655637999999999721012500231154263019561767578125,"ExposureBiasValue":0,"MaxApertureValue":2.625,"MeteringMode":5,"Flash":16,"FocalLength":50,"SubSecTime":79,"SubSecTimeOriginal":79,"SubSecTimeDigitized":79,"ColorSpace":65535,"ExifImageWidth":1800,"ExifImageLength":2215,"FocalPlaneXResolution":3849.21178889649991106125526130199432373046875,"FocalPlaneYResolution":3908.14196242170010009431280195713043212890625,"FocalPlaneResolutionUnit":2,"CustomRendered":0,"ExposureMode":1,"WhiteBalance":1,"SceneCaptureType":0,"UndefinedTag:0xA431":3021505797,"UndefinedTag:0xA432":["50\/1","50\/1","0\/0","0\/0"],"UndefinedTag:0xA434":"EF50mm f\/2.5 Compact Macro"}}}},"item":{"id":1068,"url":"https:\/\/transcribe.newberry.org\/api\/items\/1068","resource":"items"},"element_texts":[{"html":false,"text":"Completed","element_set":{"id":4,"url":"https:\/\/transcribe.newberry.org\/api\/element_sets\/4","name":"Scripto","resource":"element_sets"},"element":{"id":53,"url":"https:\/\/transcribe.newberry.org\/api\/elements\/53","name":"Status","resource":"elements"}},{"html":false,"text":"PS. Sr. I am much obligd. to you for the Method you Recommend for Cureing My Disorder however I thank god I have gott over itt Some Months Ago & Doing my Duty My kilt I made apresent of to a Scotche Leard i.e. Laird nott Learnd. yett to Wear Brichs Pray make my Complements to Mr. Johney Capt. Johnson & Capt. Clause who I haer is quit the army & Liveing with you I hope to have the plesher of Seeing Johnson Hall this Sumer if yr. honour aproves of My Request which I made in my Last Leter --- ---\n[[in pencil: [p.] 2 MS 195 no. 1]]","element_set":{"id":4,"url":"https:\/\/transcribe.newberry.org\/api\/element_sets\/4","name":"Scripto","resource":"element_sets"},"element":{"id":52,"url":"https:\/\/transcribe.newberry.org\/api\/elements\/52","name":"Transcription","resource":"elements"}}],"extended_resources":[]},{"id":72396,"url":"https:\/\/transcribe.newberry.org\/api\/files\/72396","file_urls":{"original":"https:\/\/transcribe.newberry.org\/files\/original\/3ee27a05ad2c76e59ae98a92b0f25aa9.jpg","fullsize":"https:\/\/transcribe.newberry.org\/files\/fullsize\/3ee27a05ad2c76e59ae98a92b0f25aa9.jpg","thumbnail":"https:\/\/transcribe.newberry.org\/files\/thumbnails\/3ee27a05ad2c76e59ae98a92b0f25aa9.jpg","square_thumbnail":"https:\/\/transcribe.newberry.org\/files\/square_thumbnails\/3ee27a05ad2c76e59ae98a92b0f25aa9.jpg"},"added":"2018-04-03T16:09:57+00:00","modified":"2020-04-09T01:09:37+00:00","filename":"3ee27a05ad2c76e59ae98a92b0f25aa9.jpg","authentication":"d51c1ebc8272817129753c5a985ea7e0","has_derivative_image":true,"mime_type":"image\/jpeg","order":null,"original_filename":"Ayer_MS_195_00003_o2.jpg","size":1327277,"stored":true,"type_os":"JPEG image data, JFIF standard 1.01","metadata":{"mime_type":"image\/jpeg","video":{"dataformat":"jpg","lossless":false,"bits_per_sample":24,"pixel_aspect_ratio":1,"resolution_x":2902,"resolution_y":3600,"compression_ratio":0.042348731398524998292831611479414277710020542144775390625},"comments":{"IPTCEnvelope":{"CodedCharacterSet":["\u001b%G"]},"IPTCApplication":{"ApplicationRecordVersion":[""],"DateCreated":["20120501"],"TimeCreated":["103910+0000"]}},"comments_html":{"IPTCEnvelope":{"CodedCharacterSet":["\u001b%G"]},"IPTCApplication":{"ApplicationRecordVersion":[""],"DateCreated":["20120501"],"TimeCreated":["103910+0000"]}},"iptc":{"comments":{"IPTCEnvelope":{"CodedCharacterSet":["\u001b%G"]},"IPTCApplication":{"ApplicationRecordVersion":["\u0000\u0000"],"DateCreated":["20120501"],"TimeCreated":["103910+0000"]}},"encoding":"ISO-8859-1"},"jpg":{"exif":{"FILE":{"FileName":"3ee27a05ad2c76e59ae98a92b0f25aa9.jpg","FileDateTime":1522771794,"FileSize":1327277,"FileType":2,"MimeType":"image\/jpeg","SectionsFound":"ANY_TAG, IFD0, EXIF"},"COMPUTED":{"html":"width=\"2902\" height=\"3600\"","Height":3600,"Width":2902,"IsColor":1,"ByteOrderMotorola":0,"CCDWidth":"13mm","ApertureFNumber":"f\/7.1"},"IFD0":{"Make":"Canon","Model":"Canon EOS 5D Mark II","Software":"Adobe Photoshop CS5.1 Macintosh","DateTime":"2012:05:10 12:07:44","Exif_IFD_Pointer":154},"EXIF":{"ExposureTime":0.0166666666666669995022775907500545145012438297271728515625,"FNumber":7.0999999999999996447286321199499070644378662109375,"ExposureProgram":1,"ISOSpeedRatings":200,"ExifVersion":221,"DateTimeOriginal":"2012:05:01 10:39:10","DateTimeDigitized":"2012:05:01 10:39:10","ShutterSpeedValue":5.9068909999999998916564436512999236583709716796875,"ApertureValue":5.655637999999999721012500231154263019561767578125,"ExposureBiasValue":0,"MaxApertureValue":2.625,"MeteringMode":5,"Flash":16,"FocalLength":50,"SubSecTime":20,"SubSecTimeOriginal":20,"SubSecTimeDigitized":20,"ColorSpace":65535,"ExifImageWidth":2069,"ExifImageLength":2566,"FocalPlaneXResolution":3849.21178889649991106125526130199432373046875,"FocalPlaneYResolution":3908.14196242170010009431280195713043212890625,"FocalPlaneResolutionUnit":2,"CustomRendered":0,"ExposureMode":1,"WhiteBalance":1,"SceneCaptureType":0,"UndefinedTag:0xA431":3021505797,"UndefinedTag:0xA432":["50\/1","50\/1","0\/0","0\/0"],"UndefinedTag:0xA434":"EF50mm f\/2.5 Compact Macro"}}}},"item":{"id":1068,"url":"https:\/\/transcribe.newberry.org\/api\/items\/1068","resource":"items"},"element_texts":[{"html":false,"text":"Completed","element_set":{"id":4,"url":"https:\/\/transcribe.newberry.org\/api\/element_sets\/4","name":"Scripto","resource":"element_sets"},"element":{"id":53,"url":"https:\/\/transcribe.newberry.org\/api\/elements\/53","name":"Status","resource":"elements"}},{"html":false,"text":"Fort Pitt March 12th. 1763\nLetter from Mr Croghan by Mohawk Inds. returning from War ---- docket title","element_set":{"id":4,"url":"https:\/\/transcribe.newberry.org\/api\/element_sets\/4","name":"Scripto","resource":"element_sets"},"element":{"id":52,"url":"https:\/\/transcribe.newberry.org\/api\/elements\/52","name":"Transcription","resource":"elements"}}],"extended_resources":[]},{"id":72397,"url":"https:\/\/transcribe.newberry.org\/api\/files\/72397","file_urls":{"original":"https:\/\/transcribe.newberry.org\/files\/original\/9d9fa4b73896bade1a993cea73b90113.jpg","fullsize":"https:\/\/transcribe.newberry.org\/files\/fullsize\/9d9fa4b73896bade1a993cea73b90113.jpg","thumbnail":"https:\/\/transcribe.newberry.org\/files\/thumbnails\/9d9fa4b73896bade1a993cea73b90113.jpg","square_thumbnail":"https:\/\/transcribe.newberry.org\/files\/square_thumbnails\/9d9fa4b73896bade1a993cea73b90113.jpg"},"added":"2018-04-03T16:09:58+00:00","modified":"2020-04-09T01:13:08+00:00","filename":"9d9fa4b73896bade1a993cea73b90113.jpg","authentication":"800ef70d5deee3c641be6fc973579355","has_derivative_image":true,"mime_type":"image\/jpeg","order":null,"original_filename":"Ayer_MS_195_00004_o2.jpg","size":1323337,"stored":true,"type_os":"JPEG image data, JFIF standard 1.01","metadata":{"mime_type":"image\/jpeg","video":{"dataformat":"jpg","lossless":false,"bits_per_sample":24,"pixel_aspect_ratio":1,"resolution_x":2165,"resolution_y":3600,"compression_ratio":0.0565963989393550026552048848316189832985401153564453125},"comments":{"IPTCEnvelope":{"CodedCharacterSet":["\u001b%G"]},"IPTCApplication":{"ApplicationRecordVersion":[""],"DateCreated":["20120501"],"TimeCreated":["103955+0000"]}},"comments_html":{"IPTCEnvelope":{"CodedCharacterSet":["\u001b%G"]},"IPTCApplication":{"ApplicationRecordVersion":[""],"DateCreated":["20120501"],"TimeCreated":["103955+0000"]}},"iptc":{"comments":{"IPTCEnvelope":{"CodedCharacterSet":["\u001b%G"]},"IPTCApplication":{"ApplicationRecordVersion":["\u0000\u0000"],"DateCreated":["20120501"],"TimeCreated":["103955+0000"]}},"encoding":"ISO-8859-1"},"jpg":{"exif":{"FILE":{"FileName":"9d9fa4b73896bade1a993cea73b90113.jpg","FileDateTime":1522771794,"FileSize":1323337,"FileType":2,"MimeType":"image\/jpeg","SectionsFound":"ANY_TAG, IFD0, EXIF"},"COMPUTED":{"html":"width=\"2165\" height=\"3600\"","Height":3600,"Width":2165,"IsColor":1,"ByteOrderMotorola":0,"CCDWidth":"14mm","ApertureFNumber":"f\/7.1"},"IFD0":{"Make":"Canon","Model":"Canon EOS 5D Mark II","Software":"Adobe Photoshop CS5.1 Macintosh","DateTime":"2012:05:10 12:07:45","Exif_IFD_Pointer":154},"EXIF":{"ExposureTime":0.0166666666666669995022775907500545145012438297271728515625,"FNumber":7.0999999999999996447286321199499070644378662109375,"ExposureProgram":1,"ISOSpeedRatings":200,"ExifVersion":221,"DateTimeOriginal":"2012:05:01 10:39:55","DateTimeDigitized":"2012:05:01 10:39:55","ShutterSpeedValue":5.9068909999999998916564436512999236583709716796875,"ApertureValue":5.655637999999999721012500231154263019561767578125,"ExposureBiasValue":0,"MaxApertureValue":2.625,"MeteringMode":5,"Flash":16,"FocalLength":50,"SubSecTime":3,"SubSecTimeOriginal":3,"SubSecTimeDigitized":3,"ColorSpace":65535,"ExifImageWidth":2173,"ExifImageLength":3612,"FocalPlaneXResolution":3849.21178889649991106125526130199432373046875,"FocalPlaneYResolution":3908.14196242170010009431280195713043212890625,"FocalPlaneResolutionUnit":2,"CustomRendered":0,"ExposureMode":1,"WhiteBalance":1,"SceneCaptureType":0,"UndefinedTag:0xA431":3021505797,"UndefinedTag:0xA432":["50\/1","50\/1","0\/0","0\/0"],"UndefinedTag:0xA434":"EF50mm f\/2.5 Compact Macro"}}}},"item":{"id":1068,"url":"https:\/\/transcribe.newberry.org\/api\/items\/1068","resource":"items"},"element_texts":[{"html":false,"text":"Completed","element_set":{"id":4,"url":"https:\/\/transcribe.newberry.org\/api\/element_sets\/4","name":"Scripto","resource":"element_sets"},"element":{"id":53,"url":"https:\/\/transcribe.newberry.org\/api\/elements\/53","name":"Status","resource":"elements"}},{"html":false,"text":"Copy.\/\n\n                                                                    Fort Pitt June 17th 1766.\n                  Sir,\n                                        Yesterday a Party of Six Nations came here\n                           from War having been against the Southern Indians,\n                           and informs Me that on their way across the Frontiers\n                           of Virginia they see two Indians of a Party which had\n                           been going against the Cherokees who informed them\n                           that four of their Party had been killed by the English.\n                                         I Am Sensible that Your Excellency has\n                           wrote to the Several Governors on the Subject of Murdering\n                           Indians, and by the best Accounts I can get, the\n                           Magistrates on the Frontiers, who ought to preserve\n                           the peace rather encourage the Killing of them, and\n                           unless Your Excellency can prevail on the Several\n                           Governors, to take Some more Effectual Measures than\n                           they have hitherto done to prevent this practice,\n                           I fear a Peace cannot be long preserved with those Nations\n                           tho' at the same time I Am fully persuaded that the \n                           Indians are very desirous of maintaining Peace with\n                           us. And last Night two Shawanese arrived from the\n                           Plains of Scioto and informs Me that Twenty Men of\n                           their Nation was returned from the Ilinois Country,\n                           and would meet Me at Scioto and Show Me all the\n                           Speeches they had received from the Indians there,\n                                                                                                 those\n\nTo His Excellency,\n\n         The Hon.ble Major General Gage.","element_set":{"id":4,"url":"https:\/\/transcribe.newberry.org\/api\/element_sets\/4","name":"Scripto","resource":"element_sets"},"element":{"id":52,"url":"https:\/\/transcribe.newberry.org\/api\/elements\/52","name":"Transcription","resource":"elements"}}],"extended_resources":[]},{"id":72398,"url":"https:\/\/transcribe.newberry.org\/api\/files\/72398","file_urls":{"original":"https:\/\/transcribe.newberry.org\/files\/original\/e1bffb3dbd1cdcbe6ab4f6dc63f4f1bd.jpg","fullsize":"https:\/\/transcribe.newberry.org\/files\/fullsize\/e1bffb3dbd1cdcbe6ab4f6dc63f4f1bd.jpg","thumbnail":"https:\/\/transcribe.newberry.org\/files\/thumbnails\/e1bffb3dbd1cdcbe6ab4f6dc63f4f1bd.jpg","square_thumbnail":"https:\/\/transcribe.newberry.org\/files\/square_thumbnails\/e1bffb3dbd1cdcbe6ab4f6dc63f4f1bd.jpg"},"added":"2018-04-03T16:09:59+00:00","modified":"2020-01-30T17:28:47+00:00","filename":"e1bffb3dbd1cdcbe6ab4f6dc63f4f1bd.jpg","authentication":"7dfd95490969a9ea4140809ed9cc12c3","has_derivative_image":true,"mime_type":"image\/jpeg","order":null,"original_filename":"Ayer_MS_195_00005_o2.jpg","size":1374653,"stored":true,"type_os":"JPEG image data, JFIF standard 1.01","metadata":{"mime_type":"image\/jpeg","video":{"dataformat":"jpg","lossless":false,"bits_per_sample":24,"pixel_aspect_ratio":1,"resolution_x":2585,"resolution_y":3600,"compression_ratio":0.049238949781502998337412435603255289606750011444091796875},"comments":{"IPTCEnvelope":{"CodedCharacterSet":["\u001b%G"]},"IPTCApplication":{"ApplicationRecordVersion":[""],"DateCreated":["20120501"],"TimeCreated":["104027+0000"]}},"comments_html":{"IPTCEnvelope":{"CodedCharacterSet":["\u001b%G"]},"IPTCApplication":{"ApplicationRecordVersion":[""],"DateCreated":["20120501"],"TimeCreated":["104027+0000"]}},"iptc":{"comments":{"IPTCEnvelope":{"CodedCharacterSet":["\u001b%G"]},"IPTCApplication":{"ApplicationRecordVersion":["\u0000\u0000"],"DateCreated":["20120501"],"TimeCreated":["104027+0000"]}},"encoding":"ISO-8859-1"},"jpg":{"exif":{"FILE":{"FileName":"e1bffb3dbd1cdcbe6ab4f6dc63f4f1bd.jpg","FileDateTime":1522771794,"FileSize":1374653,"FileType":2,"MimeType":"image\/jpeg","SectionsFound":"ANY_TAG, IFD0, EXIF"},"COMPUTED":{"html":"width=\"2585\" height=\"3600\"","Height":3600,"Width":2585,"IsColor":1,"ByteOrderMotorola":0,"CCDWidth":"17mm","ApertureFNumber":"f\/7.1"},"IFD0":{"Make":"Canon","Model":"Canon EOS 5D Mark II","Software":"Adobe Photoshop CS5.1 Macintosh","DateTime":"2012:05:10 12:07:46","Exif_IFD_Pointer":154},"EXIF":{"ExposureTime":0.0166666666666669995022775907500545145012438297271728515625,"FNumber":7.0999999999999996447286321199499070644378662109375,"ExposureProgram":1,"ISOSpeedRatings":200,"ExifVersion":221,"DateTimeOriginal":"2012:05:01 10:40:27","DateTimeDigitized":"2012:05:01 10:40:27","ShutterSpeedValue":5.9068909999999998916564436512999236583709716796875,"ApertureValue":5.655637999999999721012500231154263019561767578125,"ExposureBiasValue":0,"MaxApertureValue":2.625,"MeteringMode":5,"Flash":16,"FocalLength":50,"SubSecTime":35,"SubSecTimeOriginal":35,"SubSecTimeDigitized":35,"ColorSpace":65535,"ExifImageWidth":2583,"ExifImageLength":3596,"FocalPlaneXResolution":3849.21178889649991106125526130199432373046875,"FocalPlaneYResolution":3908.14196242170010009431280195713043212890625,"FocalPlaneResolutionUnit":2,"CustomRendered":0,"ExposureMode":1,"WhiteBalance":1,"SceneCaptureType":0,"UndefinedTag:0xA431":3021505797,"UndefinedTag:0xA432":["50\/1","50\/1","0\/0","0\/0"],"UndefinedTag:0xA434":"EF50mm f\/2.5 Compact Macro"}}}},"item":{"id":1068,"url":"https:\/\/transcribe.newberry.org\/api\/items\/1068","resource":"items"},"element_texts":[{"html":false,"text":"Completed","element_set":{"id":4,"url":"https:\/\/transcribe.newberry.org\/api\/element_sets\/4","name":"Scripto","resource":"element_sets"},"element":{"id":53,"url":"https:\/\/transcribe.newberry.org\/api\/elements\/53","name":"Status","resource":"elements"}},{"html":false,"text":"those two Men say that the French are very Industrious\n             in Sending Belts to all Nations in that Country, to\n             encourage them to drive the English out of the Country.\n                             I shall be able to write Your Excellency more\n             fully on this Subject from Scioto, when I see the Belts\n             and Speeches.\n                            As I am just setting off and have not time\n             to write Sir William Johnson, Request the favor of Your\n             Excellency to write him the purposS of this Letter.\n                                                      I Am,\n                                                                &ca\n                                                    \/Signed\/ Geo. Croghan.","element_set":{"id":4,"url":"https:\/\/transcribe.newberry.org\/api\/element_sets\/4","name":"Scripto","resource":"element_sets"},"element":{"id":52,"url":"https:\/\/transcribe.newberry.org\/api\/elements\/52","name":"Transcription","resource":"elements"}}],"extended_resources":[]},{"id":72399,"url":"https:\/\/transcribe.newberry.org\/api\/files\/72399","file_urls":{"original":"https:\/\/transcribe.newberry.org\/files\/original\/6cf4f9d0dbff5c2a796044b63a5ca79d.jpg","fullsize":"https:\/\/transcribe.newberry.org\/files\/fullsize\/6cf4f9d0dbff5c2a796044b63a5ca79d.jpg","thumbnail":"https:\/\/transcribe.newberry.org\/files\/thumbnails\/6cf4f9d0dbff5c2a796044b63a5ca79d.jpg","square_thumbnail":"https:\/\/transcribe.newberry.org\/files\/square_thumbnails\/6cf4f9d0dbff5c2a796044b63a5ca79d.jpg"},"added":"2018-04-03T16:10:01+00:00","modified":"2020-04-09T17:53:56+00:00","filename":"6cf4f9d0dbff5c2a796044b63a5ca79d.jpg","authentication":"0b594c9a67f90b5b0127cd42b17de800","has_derivative_image":true,"mime_type":"image\/jpeg","order":null,"original_filename":"Ayer_MS_195_00007_o2.jpg","size":965173,"stored":true,"type_os":"JPEG image data, JFIF standard 1.01","metadata":{"mime_type":"image\/jpeg","video":{"dataformat":"jpg","lossless":false,"bits_per_sample":24,"pixel_aspect_ratio":1,"resolution_x":2179,"resolution_y":3600,"compression_ratio":0.041013249366852001787098203067216672934591770172119140625},"comments":{"IPTCEnvelope":{"CodedCharacterSet":["\u001b%G"]},"IPTCApplication":{"ApplicationRecordVersion":[""],"DateCreated":["20120501"],"TimeCreated":["104100+0000"]}},"comments_html":{"IPTCEnvelope":{"CodedCharacterSet":["\u001b%G"]},"IPTCApplication":{"ApplicationRecordVersion":[""],"DateCreated":["20120501"],"TimeCreated":["104100+0000"]}},"iptc":{"comments":{"IPTCEnvelope":{"CodedCharacterSet":["\u001b%G"]},"IPTCApplication":{"ApplicationRecordVersion":["\u0000\u0000"],"DateCreated":["20120501"],"TimeCreated":["104100+0000"]}},"encoding":"ISO-8859-1"},"jpg":{"exif":{"FILE":{"FileName":"6cf4f9d0dbff5c2a796044b63a5ca79d.jpg","FileDateTime":1522771794,"FileSize":965173,"FileType":2,"MimeType":"image\/jpeg","SectionsFound":"ANY_TAG, IFD0, EXIF"},"COMPUTED":{"html":"width=\"2179\" height=\"3600\"","Height":3600,"Width":2179,"IsColor":1,"ByteOrderMotorola":0,"CCDWidth":"14mm","ApertureFNumber":"f\/7.1"},"IFD0":{"Make":"Canon","Model":"Canon EOS 5D Mark II","Software":"Adobe Photoshop CS5.1 Macintosh","DateTime":"2012:05:10 12:07:49","Exif_IFD_Pointer":154},"EXIF":{"ExposureTime":0.0166666666666669995022775907500545145012438297271728515625,"FNumber":7.0999999999999996447286321199499070644378662109375,"ExposureProgram":1,"ISOSpeedRatings":200,"ExifVersion":221,"DateTimeOriginal":"2012:05:01 10:41:00","DateTimeDigitized":"2012:05:01 10:41:00","ShutterSpeedValue":5.9068909999999998916564436512999236583709716796875,"ApertureValue":5.655637999999999721012500231154263019561767578125,"ExposureBiasValue":0,"MaxApertureValue":2.625,"MeteringMode":5,"Flash":16,"FocalLength":50,"SubSecTime":73,"SubSecTimeOriginal":73,"SubSecTimeDigitized":73,"ColorSpace":65535,"ExifImageWidth":2184,"ExifImageLength":3607,"FocalPlaneXResolution":3849.21178889649991106125526130199432373046875,"FocalPlaneYResolution":3908.14196242170010009431280195713043212890625,"FocalPlaneResolutionUnit":2,"CustomRendered":0,"ExposureMode":1,"WhiteBalance":1,"SceneCaptureType":0,"UndefinedTag:0xA431":3021505797,"UndefinedTag:0xA432":["50\/1","50\/1","0\/0","0\/0"],"UndefinedTag:0xA434":"EF50mm f\/2.5 Compact Macro"}}}},"item":{"id":1068,"url":"https:\/\/transcribe.newberry.org\/api\/items\/1068","resource":"items"},"element_texts":[{"html":false,"text":"Completed","element_set":{"id":4,"url":"https:\/\/transcribe.newberry.org\/api\/element_sets\/4","name":"Scripto","resource":"element_sets"},"element":{"id":53,"url":"https:\/\/transcribe.newberry.org\/api\/elements\/53","name":"Status","resource":"elements"}},{"html":false,"text":"Fort Pitt. June 17th. 1766 Copy of Mr. Croghan's Letter to Genrl. Gage-- docket title","element_set":{"id":4,"url":"https:\/\/transcribe.newberry.org\/api\/element_sets\/4","name":"Scripto","resource":"element_sets"},"element":{"id":52,"url":"https:\/\/transcribe.newberry.org\/api\/elements\/52","name":"Transcription","resource":"elements"}}],"extended_resources":[]},{"id":72400,"url":"https:\/\/transcribe.newberry.org\/api\/files\/72400","file_urls":{"original":"https:\/\/transcribe.newberry.org\/files\/original\/f83af5e73d38a26e86339213f08a4271.jpg","fullsize":"https:\/\/transcribe.newberry.org\/files\/fullsize\/f83af5e73d38a26e86339213f08a4271.jpg","thumbnail":"https:\/\/transcribe.newberry.org\/files\/thumbnails\/f83af5e73d38a26e86339213f08a4271.jpg","square_thumbnail":"https:\/\/transcribe.newberry.org\/files\/square_thumbnails\/f83af5e73d38a26e86339213f08a4271.jpg"},"added":"2018-04-03T16:10:02+00:00","modified":"2020-04-09T18:16:41+00:00","filename":"f83af5e73d38a26e86339213f08a4271.jpg","authentication":"4003cc93604d35b5ef4fe148e62fc9c1","has_derivative_image":true,"mime_type":"image\/jpeg","order":null,"original_filename":"Ayer_MS_195_00008_o2.jpg","size":1425254,"stored":true,"type_os":"JPEG image data, JFIF standard 1.01","metadata":{"mime_type":"image\/jpeg","video":{"dataformat":"jpg","lossless":false,"bits_per_sample":24,"pixel_aspect_ratio":1,"resolution_x":2151,"resolution_y":3600,"compression_ratio":0.06135191211667299915344386818105704151093959808349609375},"comments":{"IPTCEnvelope":{"CodedCharacterSet":["\u001b%G"]},"IPTCApplication":{"ApplicationRecordVersion":[""],"DateCreated":["20120501"],"TimeCreated":["104135+0000"]}},"comments_html":{"IPTCEnvelope":{"CodedCharacterSet":["\u001b%G"]},"IPTCApplication":{"ApplicationRecordVersion":[""],"DateCreated":["20120501"],"TimeCreated":["104135+0000"]}},"iptc":{"comments":{"IPTCEnvelope":{"CodedCharacterSet":["\u001b%G"]},"IPTCApplication":{"ApplicationRecordVersion":["\u0000\u0000"],"DateCreated":["20120501"],"TimeCreated":["104135+0000"]}},"encoding":"ISO-8859-1"},"jpg":{"exif":{"FILE":{"FileName":"f83af5e73d38a26e86339213f08a4271.jpg","FileDateTime":1522771794,"FileSize":1425254,"FileType":2,"MimeType":"image\/jpeg","SectionsFound":"ANY_TAG, IFD0, EXIF"},"COMPUTED":{"html":"width=\"2151\" height=\"3600\"","Height":3600,"Width":2151,"IsColor":1,"ByteOrderMotorola":0,"CCDWidth":"13mm","ApertureFNumber":"f\/7.1"},"IFD0":{"Make":"Canon","Model":"Canon EOS 5D Mark II","Software":"Adobe Photoshop CS5.1 Macintosh","DateTime":"2012:05:10 12:07:50","Exif_IFD_Pointer":154},"EXIF":{"ExposureTime":0.0166666666666669995022775907500545145012438297271728515625,"FNumber":7.0999999999999996447286321199499070644378662109375,"ExposureProgram":1,"ISOSpeedRatings":200,"ExifVersion":221,"DateTimeOriginal":"2012:05:01 10:41:35","DateTimeDigitized":"2012:05:01 10:41:35","ShutterSpeedValue":5.9068909999999998916564436512999236583709716796875,"ApertureValue":5.655637999999999721012500231154263019561767578125,"ExposureBiasValue":0,"MaxApertureValue":2.625,"MeteringMode":5,"Flash":16,"FocalLength":50,"SubSecTime":24,"SubSecTimeOriginal":24,"SubSecTimeDigitized":24,"ColorSpace":65535,"ExifImageWidth":2025,"ExifImageLength":3388,"FocalPlaneXResolution":3849.21178889649991106125526130199432373046875,"FocalPlaneYResolution":3908.14196242170010009431280195713043212890625,"FocalPlaneResolutionUnit":2,"CustomRendered":0,"ExposureMode":1,"WhiteBalance":1,"SceneCaptureType":0,"UndefinedTag:0xA431":3021505797,"UndefinedTag:0xA432":["50\/1","50\/1","0\/0","0\/0"],"UndefinedTag:0xA434":"EF50mm f\/2.5 Compact Macro"}}}},"item":{"id":1068,"url":"https:\/\/transcribe.newberry.org\/api\/items\/1068","resource":"items"},"element_texts":[{"html":false,"text":"Completed","element_set":{"id":4,"url":"https:\/\/transcribe.newberry.org\/api\/element_sets\/4","name":"Scripto","resource":"element_sets"},"element":{"id":53,"url":"https:\/\/transcribe.newberry.org\/api\/elements\/53","name":"Status","resource":"elements"}},{"html":false,"text":"Dear Sir\nNew London June 22d. 1768\nIt has afforded me the greatest Uneasiness, That I could not before now remit you the Amount of the Bill, That you were so good as to indorse for Me; This has been solely occasioned I assure you by the Illness of Sir William Johnson. I dispatched an Express from Fort Pitt with my Publick Account as I wrote you And I had not the least Suspicion That Sir William was not at Home; And what has increased my Disappointment greatly is That None of Them were forwarded from Johnson Hall,-- Wherefore I have been under a Necessity of borrowing a Sum here to deliver to your Brother to be forwarded to you. I hope as this very unforeseen Accident has occasioned the Delay That Mr Meredith will be so good as to Accept the Amount of the Bills in Currency at Philadelphia with Interest from the Date of them & I will thankfully allow him a Commission On receiving the Money there.\nYour Brother left my Draft in your favour on Mr Wetherhead for \u00a31397. 3. 10 NYork Currency in the hands of Mr Charles McEvers; And I have prevailed On Capt Trent to proceed to New York & pay him that Sum & see That He immediately remits you his Brothers Sterling Bills for the Amount;-- With which Bills pray pay Mr Meredith with Interest & Commissions. And then with the Ballance, discharge your Brother Charles Account against me.\nYour Brother S. W. has delivered to me the List of Names for the Thirty Thousand Acres of Land for yourself, Mr Meredith & Other Friends; And I paid the Indians when Sir Henry Moore was up their Consideration Money;-- And I hope this Summer to have the survey Made; The Cost of which I will also pay & then furnish you with an Account of the Whole, That I have advanced for you.","element_set":{"id":4,"url":"https:\/\/transcribe.newberry.org\/api\/element_sets\/4","name":"Scripto","resource":"element_sets"},"element":{"id":52,"url":"https:\/\/transcribe.newberry.org\/api\/elements\/52","name":"Transcription","resource":"elements"}}],"extended_resources":[]},{"id":72401,"url":"https:\/\/transcribe.newberry.org\/api\/files\/72401","file_urls":{"original":"https:\/\/transcribe.newberry.org\/files\/original\/29532d87792ba9743bbd0e1c014c9b1c.jpg","fullsize":"https:\/\/transcribe.newberry.org\/files\/fullsize\/29532d87792ba9743bbd0e1c014c9b1c.jpg","thumbnail":"https:\/\/transcribe.newberry.org\/files\/thumbnails\/29532d87792ba9743bbd0e1c014c9b1c.jpg","square_thumbnail":"https:\/\/transcribe.newberry.org\/files\/square_thumbnails\/29532d87792ba9743bbd0e1c014c9b1c.jpg"},"added":"2018-04-03T16:10:03+00:00","modified":"2020-04-09T18:40:51+00:00","filename":"29532d87792ba9743bbd0e1c014c9b1c.jpg","authentication":"5819a19c8dfb7c37a6756b99dcbd8e79","has_derivative_image":true,"mime_type":"image\/jpeg","order":null,"original_filename":"Ayer_MS_195_00009_o2.jpg","size":1439628,"stored":true,"type_os":"JPEG image data, JFIF standard 1.01","metadata":{"mime_type":"image\/jpeg","video":{"dataformat":"jpg","lossless":false,"bits_per_sample":24,"pixel_aspect_ratio":1,"resolution_x":2175,"resolution_y":3600,"compression_ratio":0.061286845466156002204538566502378671430051326751708984375},"comments":{"IPTCEnvelope":{"CodedCharacterSet":["\u001b%G"]},"IPTCApplication":{"ApplicationRecordVersion":[""],"DateCreated":["20120501"],"TimeCreated":["104204+0000"]}},"comments_html":{"IPTCEnvelope":{"CodedCharacterSet":["\u001b%G"]},"IPTCApplication":{"ApplicationRecordVersion":[""],"DateCreated":["20120501"],"TimeCreated":["104204+0000"]}},"iptc":{"comments":{"IPTCEnvelope":{"CodedCharacterSet":["\u001b%G"]},"IPTCApplication":{"ApplicationRecordVersion":["\u0000\u0000"],"DateCreated":["20120501"],"TimeCreated":["104204+0000"]}},"encoding":"ISO-8859-1"},"jpg":{"exif":{"FILE":{"FileName":"29532d87792ba9743bbd0e1c014c9b1c.jpg","FileDateTime":1522771794,"FileSize":1439628,"FileType":2,"MimeType":"image\/jpeg","SectionsFound":"ANY_TAG, IFD0, EXIF"},"COMPUTED":{"html":"width=\"2175\" height=\"3600\"","Height":3600,"Width":2175,"IsColor":1,"ByteOrderMotorola":0,"CCDWidth":"13mm","ApertureFNumber":"f\/7.1"},"IFD0":{"Make":"Canon","Model":"Canon EOS 5D Mark II","Software":"Adobe Photoshop CS5 Windows","DateTime":"2012:06:27 09:42:55","Exif_IFD_Pointer":150},"EXIF":{"ExposureTime":0.0166666666666669995022775907500545145012438297271728515625,"FNumber":7.0999999999999996447286321199499070644378662109375,"ExposureProgram":1,"ISOSpeedRatings":200,"ExifVersion":221,"DateTimeOriginal":"2012:05:01 10:42:04","DateTimeDigitized":"2012:05:01 10:42:04","ShutterSpeedValue":5.9068909999999998916564436512999236583709716796875,"ApertureValue":5.655637999999999721012500231154263019561767578125,"ExposureBiasValue":0,"MaxApertureValue":2.625,"MeteringMode":5,"Flash":16,"FocalLength":50,"SubSecTime":6,"SubSecTimeOriginal":6,"SubSecTimeDigitized":6,"ColorSpace":65535,"ExifImageWidth":2044,"ExifImageLength":3383,"FocalPlaneXResolution":3849.21178889649991106125526130199432373046875,"FocalPlaneYResolution":3908.14196242170010009431280195713043212890625,"FocalPlaneResolutionUnit":2,"CustomRendered":0,"ExposureMode":1,"WhiteBalance":1,"SceneCaptureType":0,"UndefinedTag:0xA431":3021505797,"UndefinedTag:0xA432":["50\/1","50\/1","0\/0","0\/0"],"UndefinedTag:0xA434":"EF50mm f\/2.5 Compact Macro"}}}},"item":{"id":1068,"url":"https:\/\/transcribe.newberry.org\/api\/items\/1068","resource":"items"},"element_texts":[{"html":false,"text":"Completed","element_set":{"id":4,"url":"https:\/\/transcribe.newberry.org\/api\/element_sets\/4","name":"Scripto","resource":"element_sets"},"element":{"id":53,"url":"https:\/\/transcribe.newberry.org\/api\/elements\/53","name":"Status","resource":"elements"}},{"html":false,"text":"The Disappointment to me About the Publick Accounts, realy grieves me much, as I am sure, it must be very inconvenient to Mr Pollard to be detained from his Money;-- But really I am not to blame.-- Although there has been great Neglect in their not being transmitted from Johnson Hall to Sir William. I shall loose no Time in getting them concluded as soon as we get to Fort Johnson & then shall remit a Sufficiency to pay Mr Pollard. To Morrow Sir William, Sir John your Brother & myself set off for the New England Springs & from there we to to the Mohocks Country. Sir William's Illness has prevented the Time for Opening the Congress being Named;-- But the Indians are all sent for And as soon as We get to the Spring The Time & Place will be determined On.\nI have not Leisure now to write to Governor Franklin & Mr Galloway;-- But I intend to do it, as soon as all Preliminary Matters are settled, Which will be timely for the coming to the Conference, if they choose it, As the vast Number of different Tribes, which are to Meet, joined to Sir William's Indisposition will make it much later, than any of Us expected.----I have however the Satisfaction to assure you, That Every Thing will be satisfactorily concluded at the Conference, in respect to the Indian Grant, for the Indian Traders Losses.\nI am with my best Compliments to your Father and all the Family\nDear Sir\nYour most obedient humble Servt\nGeo: Croghan\nPS Since I have been so disappointed by Sir William's Sickness, I am Rejoiced That you did not accept my Draft from Carlisle for \u00a3250, I shall however, I flatter myself, Remit in time for it.","element_set":{"id":4,"url":"https:\/\/transcribe.newberry.org\/api\/element_sets\/4","name":"Scripto","resource":"element_sets"},"element":{"id":52,"url":"https:\/\/transcribe.newberry.org\/api\/elements\/52","name":"Transcription","resource":"elements"}}],"extended_resources":[]},{"id":72402,"url":"https:\/\/transcribe.newberry.org\/api\/files\/72402","file_urls":{"original":"https:\/\/transcribe.newberry.org\/files\/original\/3014a2028fe285ff5ebde949930f5b03.jpg","fullsize":"https:\/\/transcribe.newberry.org\/files\/fullsize\/3014a2028fe285ff5ebde949930f5b03.jpg","thumbnail":"https:\/\/transcribe.newberry.org\/files\/thumbnails\/3014a2028fe285ff5ebde949930f5b03.jpg","square_thumbnail":"https:\/\/transcribe.newberry.org\/files\/square_thumbnails\/3014a2028fe285ff5ebde949930f5b03.jpg"},"added":"2018-04-03T16:10:04+00:00","modified":"2020-04-09T18:41:57+00:00","filename":"3014a2028fe285ff5ebde949930f5b03.jpg","authentication":"3b8e60eff390ccceabf65c66774f66fb","has_derivative_image":true,"mime_type":"image\/jpeg","order":null,"original_filename":"Ayer_MS_195_00010_o2.jpg","size":1110393,"stored":true,"type_os":"JPEG image data, JFIF standard 1.01","metadata":{"mime_type":"image\/jpeg","video":{"dataformat":"jpg","lossless":false,"bits_per_sample":24,"pixel_aspect_ratio":1,"resolution_x":2200,"resolution_y":3600,"compression_ratio":0.046733712121212002410519659179044538177549839019775390625},"comments":{"IPTCEnvelope":{"CodedCharacterSet":["\u001b%G"]},"IPTCApplication":{"ApplicationRecordVersion":[""],"DateCreated":["20120501"],"TimeCreated":["104214+0000"]}},"comments_html":{"IPTCEnvelope":{"CodedCharacterSet":["\u001b%G"]},"IPTCApplication":{"ApplicationRecordVersion":[""],"DateCreated":["20120501"],"TimeCreated":["104214+0000"]}},"iptc":{"comments":{"IPTCEnvelope":{"CodedCharacterSet":["\u001b%G"]},"IPTCApplication":{"ApplicationRecordVersion":["\u0000\u0000"],"DateCreated":["20120501"],"TimeCreated":["104214+0000"]}},"encoding":"ISO-8859-1"},"jpg":{"exif":{"FILE":{"FileName":"3014a2028fe285ff5ebde949930f5b03.jpg","FileDateTime":1522771794,"FileSize":1110393,"FileType":2,"MimeType":"image\/jpeg","SectionsFound":"ANY_TAG, IFD0, EXIF"},"COMPUTED":{"html":"width=\"2200\" height=\"3600\"","Height":3600,"Width":2200,"IsColor":1,"ByteOrderMotorola":0,"CCDWidth":"13mm","ApertureFNumber":"f\/7.1"},"IFD0":{"Make":"Canon","Model":"Canon EOS 5D Mark II","Software":"Adobe Photoshop CS5 Windows","DateTime":"2012:06:27 09:41:48","Exif_IFD_Pointer":150},"EXIF":{"ExposureTime":0.0166666666666669995022775907500545145012438297271728515625,"FNumber":7.0999999999999996447286321199499070644378662109375,"ExposureProgram":1,"ISOSpeedRatings":200,"ExifVersion":221,"DateTimeOriginal":"2012:05:01 10:42:14","DateTimeDigitized":"2012:05:01 10:42:14","ShutterSpeedValue":5.9068909999999998916564436512999236583709716796875,"ApertureValue":5.655637999999999721012500231154263019561767578125,"ExposureBiasValue":0,"MaxApertureValue":2.625,"MeteringMode":5,"Flash":16,"FocalLength":50,"SubSecTime":45,"SubSecTimeOriginal":45,"SubSecTimeDigitized":45,"ColorSpace":65535,"ExifImageWidth":2064,"ExifImageLength":3377,"FocalPlaneXResolution":3849.21178889649991106125526130199432373046875,"FocalPlaneYResolution":3908.14196242170010009431280195713043212890625,"FocalPlaneResolutionUnit":2,"CustomRendered":0,"ExposureMode":1,"WhiteBalance":1,"SceneCaptureType":0,"UndefinedTag:0xA431":3021505797,"UndefinedTag:0xA432":["50\/1","50\/1","0\/0","0\/0"],"UndefinedTag:0xA434":"EF50mm f\/2.5 Compact Macro"}}}},"item":{"id":1068,"url":"https:\/\/transcribe.newberry.org\/api\/items\/1068","resource":"items"},"element_texts":[{"html":false,"text":"Completed","element_set":{"id":4,"url":"https:\/\/transcribe.newberry.org\/api\/element_sets\/4","name":"Scripto","resource":"element_sets"},"element":{"id":53,"url":"https:\/\/transcribe.newberry.org\/api\/elements\/53","name":"Status","resource":"elements"}},{"html":false,"text":"George Croghan\nJune 22. 1768 docket title","element_set":{"id":4,"url":"https:\/\/transcribe.newberry.org\/api\/element_sets\/4","name":"Scripto","resource":"element_sets"},"element":{"id":52,"url":"https:\/\/transcribe.newberry.org\/api\/elements\/52","name":"Transcription","resource":"elements"}}],"extended_resources":[]},{"id":72403,"url":"https:\/\/transcribe.newberry.org\/api\/files\/72403","file_urls":{"original":"https:\/\/transcribe.newberry.org\/files\/original\/79fd44903249560ec3fa78dcf90db3e0.jpg","fullsize":"https:\/\/transcribe.newberry.org\/files\/fullsize\/79fd44903249560ec3fa78dcf90db3e0.jpg","thumbnail":"https:\/\/transcribe.newberry.org\/files\/thumbnails\/79fd44903249560ec3fa78dcf90db3e0.jpg","square_thumbnail":"https:\/\/transcribe.newberry.org\/files\/square_thumbnails\/79fd44903249560ec3fa78dcf90db3e0.jpg"},"added":"2018-04-03T16:10:05+00:00","modified":"2020-04-09T18:19:41+00:00","filename":"79fd44903249560ec3fa78dcf90db3e0.jpg","authentication":"1799c8bde7607cc157de56cacf254cb3","has_derivative_image":true,"mime_type":"image\/jpeg","order":null,"original_filename":"Ayer_MS_195_00011_o2.jpg","size":1087819,"stored":true,"type_os":"JPEG image data, JFIF standard 1.01","metadata":{"mime_type":"image\/jpeg","video":{"dataformat":"jpg","lossless":false,"bits_per_sample":24,"pixel_aspect_ratio":1,"resolution_x":3600,"resolution_y":2160,"compression_ratio":0.0466314729080929968318969258689321577548980712890625},"comments":{"IPTCEnvelope":{"CodedCharacterSet":["\u001b%G"]},"IPTCApplication":{"ApplicationRecordVersion":[""],"DateCreated":["20120501"],"TimeCreated":["104225+0000"]}},"comments_html":{"IPTCEnvelope":{"CodedCharacterSet":["\u001b%G"]},"IPTCApplication":{"ApplicationRecordVersion":[""],"DateCreated":["20120501"],"TimeCreated":["104225+0000"]}},"iptc":{"comments":{"IPTCEnvelope":{"CodedCharacterSet":["\u001b%G"]},"IPTCApplication":{"ApplicationRecordVersion":["\u0000\u0000"],"DateCreated":["20120501"],"TimeCreated":["104225+0000"]}},"encoding":"ISO-8859-1"},"jpg":{"exif":{"FILE":{"FileName":"79fd44903249560ec3fa78dcf90db3e0.jpg","FileDateTime":1522771794,"FileSize":1087819,"FileType":2,"MimeType":"image\/jpeg","SectionsFound":"ANY_TAG, IFD0, EXIF"},"COMPUTED":{"html":"width=\"3600\" height=\"2160\"","Height":2160,"Width":3600,"IsColor":1,"ByteOrderMotorola":0,"CCDWidth":"22mm","ApertureFNumber":"f\/7.1"},"IFD0":{"Make":"Canon","Model":"Canon EOS 5D Mark II","Software":"Adobe Photoshop CS5.1 Macintosh","DateTime":"2012:05:10 12:07:53","Exif_IFD_Pointer":154},"EXIF":{"ExposureTime":0.0166666666666669995022775907500545145012438297271728515625,"FNumber":7.0999999999999996447286321199499070644378662109375,"ExposureProgram":1,"ISOSpeedRatings":200,"ExifVersion":221,"DateTimeOriginal":"2012:05:01 10:42:25","DateTimeDigitized":"2012:05:01 10:42:25","ShutterSpeedValue":5.9068909999999998916564436512999236583709716796875,"ApertureValue":5.655637999999999721012500231154263019561767578125,"ExposureBiasValue":0,"MaxApertureValue":2.625,"MeteringMode":5,"Flash":16,"FocalLength":50,"SubSecTime":44,"SubSecTimeOriginal":44,"SubSecTimeDigitized":44,"ColorSpace":65535,"ExifImageWidth":3383,"ExifImageLength":2030,"FocalPlaneXResolution":3849.21178889649991106125526130199432373046875,"FocalPlaneYResolution":3908.14196242170010009431280195713043212890625,"FocalPlaneResolutionUnit":2,"CustomRendered":0,"ExposureMode":1,"WhiteBalance":1,"SceneCaptureType":0,"UndefinedTag:0xA431":3021505797,"UndefinedTag:0xA432":["50\/1","50\/1","0\/0","0\/0"],"UndefinedTag:0xA434":"EF50mm f\/2.5 Compact Macro"}}}},"item":{"id":1068,"url":"https:\/\/transcribe.newberry.org\/api\/items\/1068","resource":"items"},"element_texts":[{"html":false,"text":"Completed","element_set":{"id":4,"url":"https:\/\/transcribe.newberry.org\/api\/element_sets\/4","name":"Scripto","resource":"element_sets"},"element":{"id":53,"url":"https:\/\/transcribe.newberry.org\/api\/elements\/53","name":"Status","resource":"elements"}},{"html":false,"text":"N L 3.8 in different hand\nTo\nMr Thomas Wharton Senr Mercht\nIn Front Street\nPhiladelphia\nred wax seal with bird (phoenix?) in center","element_set":{"id":4,"url":"https:\/\/transcribe.newberry.org\/api\/element_sets\/4","name":"Scripto","resource":"element_sets"},"element":{"id":52,"url":"https:\/\/transcribe.newberry.org\/api\/elements\/52","name":"Transcription","resource":"elements"}}],"extended_resources":[]},{"id":72404,"url":"https:\/\/transcribe.newberry.org\/api\/files\/72404","file_urls":{"original":"https:\/\/transcribe.newberry.org\/files\/original\/d31cf60e7fe748c182275a6821b6ee1c.jpg","fullsize":"https:\/\/transcribe.newberry.org\/files\/fullsize\/d31cf60e7fe748c182275a6821b6ee1c.jpg","thumbnail":"https:\/\/transcribe.newberry.org\/files\/thumbnails\/d31cf60e7fe748c182275a6821b6ee1c.jpg","square_thumbnail":"https:\/\/transcribe.newberry.org\/files\/square_thumbnails\/d31cf60e7fe748c182275a6821b6ee1c.jpg"},"added":"2018-04-03T16:10:06+00:00","modified":"2020-04-09T20:33:35+00:00","filename":"d31cf60e7fe748c182275a6821b6ee1c.jpg","authentication":"8fce2c8ae8530f0ad779b730446c2e72","has_derivative_image":true,"mime_type":"image\/jpeg","order":null,"original_filename":"Ayer_MS_195_00012_o2.jpg","size":1134668,"stored":true,"type_os":"JPEG image data, JFIF standard 1.01","metadata":{"mime_type":"image\/jpeg","video":{"dataformat":"jpg","lossless":false,"bits_per_sample":24,"pixel_aspect_ratio":1,"resolution_x":2179,"resolution_y":3600,"compression_ratio":0.048215627284007002428811716754353255964815616607666015625},"comments":{"IPTCEnvelope":{"CodedCharacterSet":["\u001b%G"]},"IPTCApplication":{"ApplicationRecordVersion":[""],"DateCreated":["20120501"],"TimeCreated":["104252+0000"]}},"comments_html":{"IPTCEnvelope":{"CodedCharacterSet":["\u001b%G"]},"IPTCApplication":{"ApplicationRecordVersion":[""],"DateCreated":["20120501"],"TimeCreated":["104252+0000"]}},"iptc":{"comments":{"IPTCEnvelope":{"CodedCharacterSet":["\u001b%G"]},"IPTCApplication":{"ApplicationRecordVersion":["\u0000\u0000"],"DateCreated":["20120501"],"TimeCreated":["104252+0000"]}},"encoding":"ISO-8859-1"},"jpg":{"exif":{"FILE":{"FileName":"d31cf60e7fe748c182275a6821b6ee1c.jpg","FileDateTime":1522771794,"FileSize":1134668,"FileType":2,"MimeType":"image\/jpeg","SectionsFound":"ANY_TAG, IFD0, EXIF"},"COMPUTED":{"html":"width=\"2179\" height=\"3600\"","Height":3600,"Width":2179,"IsColor":1,"ByteOrderMotorola":0,"CCDWidth":"8mm","ApertureFNumber":"f\/7.1"},"IFD0":{"Make":"Canon","Model":"Canon EOS 5D Mark II","Software":"Adobe Photoshop CS5.1 Macintosh","DateTime":"2012:05:10 12:07:55","Exif_IFD_Pointer":154},"EXIF":{"ExposureTime":0.0166666666666669995022775907500545145012438297271728515625,"FNumber":7.0999999999999996447286321199499070644378662109375,"ExposureProgram":1,"ISOSpeedRatings":200,"ExifVersion":221,"DateTimeOriginal":"2012:05:01 10:42:52","DateTimeDigitized":"2012:05:01 10:42:52","ShutterSpeedValue":5.9068909999999998916564436512999236583709716796875,"ApertureValue":5.655637999999999721012500231154263019561767578125,"ExposureBiasValue":0,"MaxApertureValue":2.625,"MeteringMode":5,"Flash":16,"FocalLength":50,"SubSecTime":5,"SubSecTimeOriginal":5,"SubSecTimeDigitized":5,"ColorSpace":65535,"ExifImageWidth":1250,"ExifImageLength":2065,"FocalPlaneXResolution":3849.21178889649991106125526130199432373046875,"FocalPlaneYResolution":3908.14196242170010009431280195713043212890625,"FocalPlaneResolutionUnit":2,"CustomRendered":0,"ExposureMode":1,"WhiteBalance":1,"SceneCaptureType":0,"UndefinedTag:0xA431":3021505797,"UndefinedTag:0xA432":["50\/1","50\/1","0\/0","0\/0"],"UndefinedTag:0xA434":"EF50mm f\/2.5 Compact Macro"}}}},"item":{"id":1068,"url":"https:\/\/transcribe.newberry.org\/api\/items\/1068","resource":"items"},"element_texts":[{"html":false,"text":"Completed","element_set":{"id":4,"url":"https:\/\/transcribe.newberry.org\/api\/element_sets\/4","name":"Scripto","resource":"element_sets"},"element":{"id":53,"url":"https:\/\/transcribe.newberry.org\/api\/elements\/53","name":"Status","resource":"elements"}},{"html":false,"text":"June the 6th. 1769\nSir\nPlese to pay the Bassen Goosen Vanalstine or order the Sume of Sixty pounds and Charge itt to Acount of Sir yr. Most Humble Servant\nGeo: Croghan\nTo Majer Funda\nRecd. the above Contents\nGossen Van Alstey? i.e. Alstine?\nCol in French War & Indian Agent &c pencil note, later hand","element_set":{"id":4,"url":"https:\/\/transcribe.newberry.org\/api\/element_sets\/4","name":"Scripto","resource":"element_sets"},"element":{"id":52,"url":"https:\/\/transcribe.newberry.org\/api\/elements\/52","name":"Transcription","resource":"elements"}}],"extended_resources":[]},{"id":72405,"url":"https:\/\/transcribe.newberry.org\/api\/files\/72405","file_urls":{"original":"https:\/\/transcribe.newberry.org\/files\/original\/9e1f02ab78b20881588283c2cb7b9893.jpg","fullsize":"https:\/\/transcribe.newberry.org\/files\/fullsize\/9e1f02ab78b20881588283c2cb7b9893.jpg","thumbnail":"https:\/\/transcribe.newberry.org\/files\/thumbnails\/9e1f02ab78b20881588283c2cb7b9893.jpg","square_thumbnail":"https:\/\/transcribe.newberry.org\/files\/square_thumbnails\/9e1f02ab78b20881588283c2cb7b9893.jpg"},"added":"2018-04-03T16:10:08+00:00","modified":"2020-04-09T20:27:47+00:00","filename":"9e1f02ab78b20881588283c2cb7b9893.jpg","authentication":"3e53f893cfa1e965bb8106462721930a","has_derivative_image":true,"mime_type":"image\/jpeg","order":null,"original_filename":"Ayer_MS_195_00013_o2.jpg","size":1104891,"stored":true,"type_os":"JPEG image data, JFIF standard 1.01","metadata":{"mime_type":"image\/jpeg","video":{"dataformat":"jpg","lossless":false,"bits_per_sample":24,"pixel_aspect_ratio":1,"resolution_x":2164,"resolution_y":3600,"compression_ratio":0.047275749640583002164628823038583504967391490936279296875},"comments":{"IPTCEnvelope":{"CodedCharacterSet":["\u001b%G"]},"IPTCApplication":{"ApplicationRecordVersion":[""],"DateCreated":["20120501"],"TimeCreated":["104301+0000"]}},"comments_html":{"IPTCEnvelope":{"CodedCharacterSet":["\u001b%G"]},"IPTCApplication":{"ApplicationRecordVersion":[""],"DateCreated":["20120501"],"TimeCreated":["104301+0000"]}},"iptc":{"comments":{"IPTCEnvelope":{"CodedCharacterSet":["\u001b%G"]},"IPTCApplication":{"ApplicationRecordVersion":["\u0000\u0000"],"DateCreated":["20120501"],"TimeCreated":["104301+0000"]}},"encoding":"ISO-8859-1"},"jpg":{"exif":{"FILE":{"FileName":"9e1f02ab78b20881588283c2cb7b9893.jpg","FileDateTime":1522771794,"FileSize":1104891,"FileType":2,"MimeType":"image\/jpeg","SectionsFound":"ANY_TAG, IFD0, EXIF"},"COMPUTED":{"html":"width=\"2164\" height=\"3600\"","Height":3600,"Width":2164,"IsColor":1,"ByteOrderMotorola":0,"CCDWidth":"8mm","ApertureFNumber":"f\/7.1"},"IFD0":{"Make":"Canon","Model":"Canon EOS 5D Mark II","Software":"Adobe Photoshop CS5.1 Macintosh","DateTime":"2012:05:10 12:07:56","Exif_IFD_Pointer":154},"EXIF":{"ExposureTime":0.0166666666666669995022775907500545145012438297271728515625,"FNumber":7.0999999999999996447286321199499070644378662109375,"ExposureProgram":1,"ISOSpeedRatings":200,"ExifVersion":221,"DateTimeOriginal":"2012:05:01 10:43:01","DateTimeDigitized":"2012:05:01 10:43:01","ShutterSpeedValue":5.9068909999999998916564436512999236583709716796875,"ApertureValue":5.655637999999999721012500231154263019561767578125,"ExposureBiasValue":0,"MaxApertureValue":2.625,"MeteringMode":5,"Flash":16,"FocalLength":50,"SubSecTime":13,"SubSecTimeOriginal":13,"SubSecTimeDigitized":13,"ColorSpace":65535,"ExifImageWidth":1247,"ExifImageLength":2074,"FocalPlaneXResolution":3849.21178889649991106125526130199432373046875,"FocalPlaneYResolution":3908.14196242170010009431280195713043212890625,"FocalPlaneResolutionUnit":2,"CustomRendered":0,"ExposureMode":1,"WhiteBalance":1,"SceneCaptureType":0,"UndefinedTag:0xA431":3021505797,"UndefinedTag:0xA432":["50\/1","50\/1","0\/0","0\/0"],"UndefinedTag:0xA434":"EF50mm f\/2.5 Compact Macro"}}}},"item":{"id":1068,"url":"https:\/\/transcribe.newberry.org\/api\/items\/1068","resource":"items"},"element_texts":[{"html":false,"text":"Completed","element_set":{"id":4,"url":"https:\/\/transcribe.newberry.org\/api\/element_sets\/4","name":"Scripto","resource":"element_sets"},"element":{"id":53,"url":"https:\/\/transcribe.newberry.org\/api\/elements\/53","name":"Status","resource":"elements"}},{"html":false,"text":"Col. George Croghan\nOrder June 6th. 1769 docket title\nColl. Crochens i.e. Croghan's order By Capt Van Alstine for \u00a360\nCol in the French War Indian Trader Grandfather of Coll Geo Croghan the Hero of Ft. Santusby? i.e. Stephenson? in 1813 pencil note identifying Croghan, in a later hand, top left","element_set":{"id":4,"url":"https:\/\/transcribe.newberry.org\/api\/element_sets\/4","name":"Scripto","resource":"element_sets"},"element":{"id":52,"url":"https:\/\/transcribe.newberry.org\/api\/elements\/52","name":"Transcription","resource":"elements"}}],"extended_resources":[]},{"id":72406,"url":"https:\/\/transcribe.newberry.org\/api\/files\/72406","file_urls":{"original":"https:\/\/transcribe.newberry.org\/files\/original\/fc2c715247c04a899cce0d0d7c9bc82d.jpg","fullsize":"https:\/\/transcribe.newberry.org\/files\/fullsize\/fc2c715247c04a899cce0d0d7c9bc82d.jpg","thumbnail":"https:\/\/transcribe.newberry.org\/files\/thumbnails\/fc2c715247c04a899cce0d0d7c9bc82d.jpg","square_thumbnail":"https:\/\/transcribe.newberry.org\/files\/square_thumbnails\/fc2c715247c04a899cce0d0d7c9bc82d.jpg"},"added":"2018-04-03T16:10:09+00:00","modified":"2020-04-09T20:53:12+00:00","filename":"fc2c715247c04a899cce0d0d7c9bc82d.jpg","authentication":"331f674187a8f42b1a317ba1a43bd058","has_derivative_image":true,"mime_type":"image\/jpeg","order":null,"original_filename":"Ayer_MS_195_00014_o2.jpg","size":1728039,"stored":true,"type_os":"JPEG image data, JFIF standard 1.01","metadata":{"mime_type":"image\/jpeg","video":{"dataformat":"jpg","lossless":false,"bits_per_sample":24,"pixel_aspect_ratio":1,"resolution_x":2905,"resolution_y":3600,"compression_ratio":0.055078695735322001636458111306637874804437160491943359375},"comments":{"IPTCEnvelope":{"CodedCharacterSet":["\u001b%G"]},"IPTCApplication":{"ApplicationRecordVersion":[""],"DateCreated":["20120501"],"TimeCreated":["104319+0000"]}},"comments_html":{"IPTCEnvelope":{"CodedCharacterSet":["\u001b%G"]},"IPTCApplication":{"ApplicationRecordVersion":[""],"DateCreated":["20120501"],"TimeCreated":["104319+0000"]}},"iptc":{"comments":{"IPTCEnvelope":{"CodedCharacterSet":["\u001b%G"]},"IPTCApplication":{"ApplicationRecordVersion":["\u0000\u0000"],"DateCreated":["20120501"],"TimeCreated":["104319+0000"]}},"encoding":"ISO-8859-1"},"jpg":{"exif":{"FILE":{"FileName":"fc2c715247c04a899cce0d0d7c9bc82d.jpg","FileDateTime":1522771794,"FileSize":1728039,"FileType":2,"MimeType":"image\/jpeg","SectionsFound":"ANY_TAG, IFD0, EXIF"},"COMPUTED":{"html":"width=\"2905\" height=\"3600\"","Height":3600,"Width":2905,"IsColor":1,"ByteOrderMotorola":0,"CCDWidth":"13mm","ApertureFNumber":"f\/7.1"},"IFD0":{"Make":"Canon","Model":"Canon EOS 5D Mark II","Software":"Adobe Photoshop CS5.1 Macintosh","DateTime":"2012:05:10 12:07:57","Exif_IFD_Pointer":154},"EXIF":{"ExposureTime":0.0166666666666669995022775907500545145012438297271728515625,"FNumber":7.0999999999999996447286321199499070644378662109375,"ExposureProgram":1,"ISOSpeedRatings":200,"ExifVersion":221,"DateTimeOriginal":"2012:05:01 10:43:19","DateTimeDigitized":"2012:05:01 10:43:19","ShutterSpeedValue":5.9068909999999998916564436512999236583709716796875,"ApertureValue":5.655637999999999721012500231154263019561767578125,"ExposureBiasValue":0,"MaxApertureValue":2.625,"MeteringMode":5,"Flash":16,"FocalLength":50,"SubSecTime":23,"SubSecTimeOriginal":23,"SubSecTimeDigitized":23,"ColorSpace":65535,"ExifImageWidth":2061,"ExifImageLength":2554,"FocalPlaneXResolution":3849.21178889649991106125526130199432373046875,"FocalPlaneYResolution":3908.14196242170010009431280195713043212890625,"FocalPlaneResolutionUnit":2,"CustomRendered":0,"ExposureMode":1,"WhiteBalance":1,"SceneCaptureType":0,"UndefinedTag:0xA431":3021505797,"UndefinedTag:0xA432":["50\/1","50\/1","0\/0","0\/0"],"UndefinedTag:0xA434":"EF50mm f\/2.5 Compact Macro"}}}},"item":{"id":1068,"url":"https:\/\/transcribe.newberry.org\/api\/items\/1068","resource":"items"},"element_texts":[{"html":false,"text":"Completed","element_set":{"id":4,"url":"https:\/\/transcribe.newberry.org\/api\/element_sets\/4","name":"Scripto","resource":"element_sets"},"element":{"id":53,"url":"https:\/\/transcribe.newberry.org\/api\/elements\/53","name":"Status","resource":"elements"}},{"html":false,"text":"Fort pitt Debr. 25th. 1770\nSir\nI am feaverd. with yours of the 30th Octr. and observe the Contents I Can Ashure you I Did Nott Main that you Should have any further Connection with Me in a Nother purchass, alttho you have Taken itt in that Sence. the Cheiff purport of my Leter was to Know whether you & the Executours of the Late Mr. Plumsted wold Chuse to abide by the Contract you Made with Me or No If you wold chuse to be of, I am Satisfyd. and will Excange our bonds of Contract when Ever you plase, However I will Nott Deceive? you as I find you Imagine that the Tract falls within the province of pensylvania & I think itt will Nott, butt be that as itt will as you Seem Nott Inclind. to be Concernd. in any More than these word unclear I am willing to Divide these Tracts with you and the Sooner the Beter, they will pay us Very\nTo Mr. David Franks","element_set":{"id":4,"url":"https:\/\/transcribe.newberry.org\/api\/element_sets\/4","name":"Scripto","resource":"element_sets"},"element":{"id":52,"url":"https:\/\/transcribe.newberry.org\/api\/elements\/52","name":"Transcription","resource":"elements"}}],"extended_resources":[]},{"id":72407,"url":"https:\/\/transcribe.newberry.org\/api\/files\/72407","file_urls":{"original":"https:\/\/transcribe.newberry.org\/files\/original\/2ebda8fbf2abc9febf5dcc5fe9fb24e8.jpg","fullsize":"https:\/\/transcribe.newberry.org\/files\/fullsize\/2ebda8fbf2abc9febf5dcc5fe9fb24e8.jpg","thumbnail":"https:\/\/transcribe.newberry.org\/files\/thumbnails\/2ebda8fbf2abc9febf5dcc5fe9fb24e8.jpg","square_thumbnail":"https:\/\/transcribe.newberry.org\/files\/square_thumbnails\/2ebda8fbf2abc9febf5dcc5fe9fb24e8.jpg"},"added":"2018-04-03T16:10:10+00:00","modified":"2020-04-09T21:27:02+00:00","filename":"2ebda8fbf2abc9febf5dcc5fe9fb24e8.jpg","authentication":"f4c20fd0d03f034605779ac13e2f5e9c","has_derivative_image":true,"mime_type":"image\/jpeg","order":null,"original_filename":"Ayer_MS_195_00015_o2 copy.jpg","size":795855,"stored":true,"type_os":"JPEG image data, EXIF standard","metadata":{"mime_type":"image\/jpeg","video":{"dataformat":"jpg","lossless":false,"bits_per_sample":24,"pixel_aspect_ratio":1,"resolution_x":1800,"resolution_y":2225,"compression_ratio":0.06623845193508100248624970163291436620056629180908203125},"comments":{"IPTCEnvelope":{"CodedCharacterSet":["\u001b%G"]},"IPTCApplication":{"ApplicationRecordVersion":[""],"DateCreated":["20120501"],"TimeCreated":["104335+0000"]}},"comments_html":{"IPTCEnvelope":{"CodedCharacterSet":["\u001b%G"]},"IPTCApplication":{"ApplicationRecordVersion":[""],"DateCreated":["20120501"],"TimeCreated":["104335+0000"]}},"iptc":{"comments":{"IPTCEnvelope":{"CodedCharacterSet":["\u001b%G"]},"IPTCApplication":{"ApplicationRecordVersion":["\u0000\u0000"],"DateCreated":["20120501"],"TimeCreated":["104335+0000"]}},"encoding":"ISO-8859-1"},"jpg":{"exif":{"FILE":{"FileName":"2ebda8fbf2abc9febf5dcc5fe9fb24e8.jpg","FileDateTime":1522771794,"FileSize":795855,"FileType":2,"MimeType":"image\/jpeg","SectionsFound":"ANY_TAG, IFD0, THUMBNAIL, EXIF"},"COMPUTED":{"html":"width=\"1800\" height=\"2225\"","Height":2225,"Width":1800,"IsColor":1,"ByteOrderMotorola":0,"CCDWidth":"11mm","ApertureFNumber":"f\/7.1","Thumbnail.FileType":2,"Thumbnail.MimeType":"image\/jpeg"},"IFD0":{"ImageWidth":3600,"ImageLength":2225,"BitsPerSample":[8,8,8],"PhotometricInterpretation":2,"Make":"Canon","Model":"Canon EOS 5D Mark II","Orientation":1,"SamplesPerPixel":3,"XResolution":300,"YResolution":300,"ResolutionUnit":2,"Software":"Adobe Photoshop CC 2017 (Windows)","DateTime":"2018:04:03 09:46:40","Exif_IFD_Pointer":288},"THUMBNAIL":{"Compression":6,"XResolution":72,"YResolution":72,"ResolutionUnit":2,"JPEGInterchangeFormat":930,"JPEGInterchangeFormatLength":10080},"EXIF":{"ExposureTime":0.0166666666666669995022775907500545145012438297271728515625,"FNumber":7.0999999999999996447286321199499070644378662109375,"ExposureProgram":1,"ISOSpeedRatings":200,"ExifVersion":221,"DateTimeOriginal":"2012:05:01 10:43:35","DateTimeDigitized":"2012:05:01 10:43:35","ShutterSpeedValue":5.9068909999999998916564436512999236583709716796875,"ApertureValue":5.655637999999999721012500231154263019561767578125,"ExposureBiasValue":0,"MaxApertureValue":2.625,"MeteringMode":5,"Flash":16,"FocalLength":50,"SubSecTime":72,"SubSecTimeOriginal":72,"SubSecTimeDigitized":72,"ColorSpace":65535,"ExifImageWidth":1800,"ExifImageLength":2225,"FocalPlaneXResolution":3849.21178889649991106125526130199432373046875,"FocalPlaneYResolution":3908.14196242170010009431280195713043212890625,"FocalPlaneResolutionUnit":2,"CustomRendered":0,"ExposureMode":1,"WhiteBalance":1,"SceneCaptureType":0,"UndefinedTag:0xA431":3021505797,"UndefinedTag:0xA432":["50\/1","50\/1","0\/0","0\/0"],"UndefinedTag:0xA434":"EF50mm f\/2.5 Compact Macro"}}}},"item":{"id":1068,"url":"https:\/\/transcribe.newberry.org\/api\/items\/1068","resource":"items"},"element_texts":[{"html":false,"text":"Completed","element_set":{"id":4,"url":"https:\/\/transcribe.newberry.org\/api\/element_sets\/4","name":"Scripto","resource":"element_sets"},"element":{"id":53,"url":"https:\/\/transcribe.newberry.org\/api\/elements\/53","name":"Status","resource":"elements"}},{"html":false,"text":"wall i.e. well for I Could Sell the Ten Tracts att 20\/per accer if you will Send up the Drafts to Mr. Ross we Can Divide them Directly or if you Chouse to Keep the whole in yr. own hands as its of so Great use to you in feeding Cattle & Raseing Corn & hay you Shall have My part of them Ten Tracts for 15\/per accer tho I was offerd. 20\/ wh. you Can Aply to the Creaditt of My old Debt with you and Mr. Levey,\nCampble i.e. Campbell whom you Menshon is Imployd. by Mr. Ross to Rase Corn & feed Cattle for this post by wh. the Contractors has had Great benifitt Sence the year 65, as to Mans? pretensions its Nothing I Request you will Do Somthing Requesting the Devisions of those Tracts or Takeing the whole as I have offerd. for I think those Improvements is Nott well Manadgd. tho they Cost us a Considerable Sume if was Don I Could Take Cair of My own part & you yrs. I am oblidgd. to you for the aCounts you Sent & hope Some Satisfaction will be obtaind. for the Loses of 50? blotted as to the other its all Setled I am Sir with Great Regard yr. Most Humble. Servant\nGeo: Croghan\nTo Mr. David Franks.","element_set":{"id":4,"url":"https:\/\/transcribe.newberry.org\/api\/element_sets\/4","name":"Scripto","resource":"element_sets"},"element":{"id":52,"url":"https:\/\/transcribe.newberry.org\/api\/elements\/52","name":"Transcription","resource":"elements"}}],"extended_resources":[]},{"id":72408,"url":"https:\/\/transcribe.newberry.org\/api\/files\/72408","file_urls":{"original":"https:\/\/transcribe.newberry.org\/files\/original\/650bd5164449e0e5c4357c3f1a7d834c.jpg","fullsize":"https:\/\/transcribe.newberry.org\/files\/fullsize\/650bd5164449e0e5c4357c3f1a7d834c.jpg","thumbnail":"https:\/\/transcribe.newberry.org\/files\/thumbnails\/650bd5164449e0e5c4357c3f1a7d834c.jpg","square_thumbnail":"https:\/\/transcribe.newberry.org\/files\/square_thumbnails\/650bd5164449e0e5c4357c3f1a7d834c.jpg"},"added":"2018-04-03T16:10:11+00:00","modified":"2020-03-30T18:08:24+00:00","filename":"650bd5164449e0e5c4357c3f1a7d834c.jpg","authentication":"019b09c4a996f1a2053fd3f4ee8e6350","has_derivative_image":true,"mime_type":"image\/jpeg","order":null,"original_filename":"Ayer_MS_195_00016_o2.jpg","size":1383810,"stored":true,"type_os":"JPEG image data, JFIF standard 1.01","metadata":{"mime_type":"image\/jpeg","video":{"dataformat":"jpg","lossless":false,"bits_per_sample":24,"pixel_aspect_ratio":1,"resolution_x":3600,"resolution_y":2908,"compression_ratio":0.044061401497784001557445066055151983164250850677490234375},"comments":{"IPTCEnvelope":{"CodedCharacterSet":["\u001b%G"]},"IPTCApplication":{"ApplicationRecordVersion":[""],"DateCreated":["20120501"],"TimeCreated":["104408+0000"]}},"comments_html":{"IPTCEnvelope":{"CodedCharacterSet":["\u001b%G"]},"IPTCApplication":{"ApplicationRecordVersion":[""],"DateCreated":["20120501"],"TimeCreated":["104408+0000"]}},"iptc":{"comments":{"IPTCEnvelope":{"CodedCharacterSet":["\u001b%G"]},"IPTCApplication":{"ApplicationRecordVersion":["\u0000\u0000"],"DateCreated":["20120501"],"TimeCreated":["104408+0000"]}},"encoding":"ISO-8859-1"},"jpg":{"exif":{"FILE":{"FileName":"650bd5164449e0e5c4357c3f1a7d834c.jpg","FileDateTime":1522771794,"FileSize":1383810,"FileType":2,"MimeType":"image\/jpeg","SectionsFound":"ANY_TAG, IFD0, EXIF"},"COMPUTED":{"html":"width=\"3600\" height=\"2908\"","Height":2908,"Width":3600,"IsColor":1,"ByteOrderMotorola":0,"CCDWidth":"16mm","ApertureFNumber":"f\/7.1"},"IFD0":{"Make":"Canon","Model":"Canon EOS 5D Mark II","Software":"Adobe Photoshop CS5.1 Macintosh","DateTime":"2012:05:10 12:07:59","Exif_IFD_Pointer":154},"EXIF":{"ExposureTime":0.0166666666666669995022775907500545145012438297271728515625,"FNumber":7.0999999999999996447286321199499070644378662109375,"ExposureProgram":1,"ISOSpeedRatings":200,"ExifVersion":221,"DateTimeOriginal":"2012:05:01 10:44:08","DateTimeDigitized":"2012:05:01 10:44:08","ShutterSpeedValue":5.9068909999999998916564436512999236583709716796875,"ApertureValue":5.655637999999999721012500231154263019561767578125,"ExposureBiasValue":0,"MaxApertureValue":2.625,"MeteringMode":5,"Flash":16,"FocalLength":50,"SubSecTime":13,"SubSecTimeOriginal":13,"SubSecTimeDigitized":13,"ColorSpace":65535,"ExifImageWidth":2547,"ExifImageLength":2058,"FocalPlaneXResolution":3849.21178889649991106125526130199432373046875,"FocalPlaneYResolution":3908.14196242170010009431280195713043212890625,"FocalPlaneResolutionUnit":2,"CustomRendered":0,"ExposureMode":1,"WhiteBalance":1,"SceneCaptureType":0,"UndefinedTag:0xA431":3021505797,"UndefinedTag:0xA432":["50\/1","50\/1","0\/0","0\/0"],"UndefinedTag:0xA434":"EF50mm f\/2.5 Compact Macro"}}}},"item":{"id":1068,"url":"https:\/\/transcribe.newberry.org\/api\/items\/1068","resource":"items"},"element_texts":[{"html":false,"text":"Completed","element_set":{"id":4,"url":"https:\/\/transcribe.newberry.org\/api\/element_sets\/4","name":"Scripto","resource":"element_sets"},"element":{"id":53,"url":"https:\/\/transcribe.newberry.org\/api\/elements\/53","name":"Status","resource":"elements"}},{"html":false,"text":"To\nMr David Franks\nPhilladelphia","element_set":{"id":4,"url":"https:\/\/transcribe.newberry.org\/api\/element_sets\/4","name":"Scripto","resource":"element_sets"},"element":{"id":52,"url":"https:\/\/transcribe.newberry.org\/api\/elements\/52","name":"Transcription","resource":"elements"}}],"extended_resources":[]}]