[{"id":68285,"url":"https:\/\/transcribe.newberry.org\/api\/files\/68285","file_urls":{"original":"https:\/\/transcribe.newberry.org\/files\/original\/f683255ad5005b9697c992bb2af89891.jpg","fullsize":"https:\/\/transcribe.newberry.org\/files\/fullsize\/f683255ad5005b9697c992bb2af89891.jpg","thumbnail":"https:\/\/transcribe.newberry.org\/files\/thumbnails\/f683255ad5005b9697c992bb2af89891.jpg","square_thumbnail":"https:\/\/transcribe.newberry.org\/files\/square_thumbnails\/f683255ad5005b9697c992bb2af89891.jpg"},"added":"2018-03-28T14:59:42+00:00","modified":"2019-11-08T17:38:15+00:00","filename":"f683255ad5005b9697c992bb2af89891.jpg","authentication":"087bf7e36bc20531e4de6c2083cc6e78","has_derivative_image":true,"mime_type":"image\/jpeg","order":null,"original_filename":"Ayer_MS_578_00001_o2.jpg","size":1187800,"stored":true,"type_os":"JPEG image data, JFIF standard 1.01","metadata":{"mime_type":"image\/jpeg","video":{"dataformat":"jpg","lossless":false,"bits_per_sample":24,"pixel_aspect_ratio":1,"resolution_x":2194,"resolution_y":3600,"compression_ratio":0.050128296026198997104028620697135920636355876922607421875},"comments":{"IPTCEnvelope":{"CodedCharacterSet":["\u001b%G"]},"IPTCApplication":{"ApplicationRecordVersion":["\u0004"],"DateCreated":["20120502"],"TimeCreated":["123530+0000"],"DigitalCreationDate":["20120502"],"By-line":["Luna Imaging"]}},"comments_html":{"IPTCEnvelope":{"CodedCharacterSet":["\u001b%G"]},"IPTCApplication":{"ApplicationRecordVersion":["\u0004"],"DateCreated":["20120502"],"TimeCreated":["123530+0000"],"DigitalCreationDate":["20120502"],"By-line":["Luna Imaging"]}},"iptc":{"comments":{"IPTCEnvelope":{"CodedCharacterSet":["\u001b%G"]},"IPTCApplication":{"ApplicationRecordVersion":["\u0000\u0004"],"DateCreated":["20120502"],"TimeCreated":["123530+0000"],"DigitalCreationDate":["20120502"],"By-line":["Luna Imaging"]}},"encoding":"ISO-8859-1"},"jpg":{"exif":{"FILE":{"FileName":"f683255ad5005b9697c992bb2af89891.jpg","FileDateTime":1522249182,"FileSize":1187800,"FileType":2,"MimeType":"image\/jpeg","SectionsFound":"ANY_TAG, IFD0, EXIF"},"COMPUTED":{"html":"width=\"2194\" height=\"3600\"","Height":3600,"Width":2194,"IsColor":1,"ByteOrderMotorola":0,"CCDWidth":"14mm","ApertureFNumber":"f\/7.1"},"IFD0":{"Make":"Canon","Model":"Canon EOS-1Ds Mark III","Software":"Adobe Photoshop CS5 Macintosh","DateTime":"2012:05:10 13:40:47","Artist":"Luna Imaging","Exif_IFD_Pointer":180},"EXIF":{"ExposureTime":0.0166666666666669995022775907500545145012438297271728515625,"FNumber":7.0999999999999996447286321199499070644378662109375,"ExposureProgram":1,"ISOSpeedRatings":200,"ExifVersion":230,"DateTimeOriginal":"2012:05:02 12:35:30","DateTimeDigitized":"2012:05:02 12:35:30","ShutterSpeedValue":5.9068909999999998916564436512999236583709716796875,"ApertureValue":5.655637999999999721012500231154263019561767578125,"ExposureBiasValue":0,"MaxApertureValue":2.625,"MeteringMode":5,"Flash":0,"FocalLength":50,"SubSecTimeOriginal":5,"SubSecTimeDigitized":5,"ColorSpace":65535,"ExifImageWidth":2184,"ExifImageLength":3582,"FocalPlaneXResolution":3957.71670190270015154965221881866455078125,"FocalPlaneYResolution":3961.90476190480012519401498138904571533203125,"FocalPlaneResolutionUnit":2,"CustomRendered":0,"ExposureMode":1,"WhiteBalance":1,"SceneCaptureType":0,"UndefinedTag:0xA430":"Luna Imaging","UndefinedTag:0xA431":620549,"UndefinedTag:0xA432":["50\/1","50\/1","0\/0","0\/0"],"UndefinedTag:0xA434":"EF50mm f\/2.5 Compact Macro"}}}},"item":{"id":1024,"url":"https:\/\/transcribe.newberry.org\/api\/items\/1024","resource":"items"},"element_texts":[{"html":false,"text":"Completed","element_set":{"id":4,"url":"https:\/\/transcribe.newberry.org\/api\/element_sets\/4","name":"Scripto","resource":"element_sets"},"element":{"id":53,"url":"https:\/\/transcribe.newberry.org\/api\/elements\/53","name":"Status","resource":"elements"}},{"html":false,"text":"By His Excellency William Shirley Esq.\nCaptain General and Governour in Cheif in and\nOver his Majesty's Province of the Massachusetts\nBay in New England.\nA Declaration of War against the Cape Sables &\nSt John's Indians.\n\n    Whereas the Indians inhabiting his Majesty's \n\nProvince of Nova Scotia commonly called the Cape Sables~\nIndians, who have submitted themselves to his Majesty's \nGovernment by solemn Treaty with the Governour of Commander\nin Cheif of his Majesty's said Province of Nova Scotia,\ndid sometime in the Winter last past, in the Port of Jedoure, in\na Treacherous & cruel manner, murder divers of his Majesty's\nEnglish Subjects, belonging to a fishing Vessel owned & fitted\nout by his Majesty's subjects of this Province, & did Seize \nthe said Vessel, with the Goods & Effects belonging thereto:\nAnd whereas the said Cape Sable Indians, with the Indians\nof the St John's Tribe, who have likewise submitted themselves\nto his majesty's Government, by solemn Treaty with \nthe Commander in Cheif of this Province, have in a hostile\nmanner joined with the French King's Subjects, his Majesty's \ndeclared Enemies, in Assaulting his Majesty's\nFort at Annapolis Royal, & the Garrison posted there,\ndivers of whom they have slain; & have likewise killed a Master\nof a Sloop belonging to this Province, while he was assisting \nthat Garrison in providing Fenel? for them; and the said Indians\nhave also for divers Months past, ,in an hostile manner,~\nblock'd up the said Fort, & kept the Garrison upon continual\nAlarms; By all which the said Indians have openly \ndeclared their Rebellion against his Majesty, & their Hostility\nagainst this Majesty's good Subjects.\n\n    I do therefore with the Advice of his Majesty's\n\nCouncil","element_set":{"id":4,"url":"https:\/\/transcribe.newberry.org\/api\/element_sets\/4","name":"Scripto","resource":"element_sets"},"element":{"id":52,"url":"https:\/\/transcribe.newberry.org\/api\/elements\/52","name":"Transcription","resource":"elements"}}],"extended_resources":[]},{"id":68286,"url":"https:\/\/transcribe.newberry.org\/api\/files\/68286","file_urls":{"original":"https:\/\/transcribe.newberry.org\/files\/original\/b4ded609d1fe4aa096df9dfa5be1537b.jpg","fullsize":"https:\/\/transcribe.newberry.org\/files\/fullsize\/b4ded609d1fe4aa096df9dfa5be1537b.jpg","thumbnail":"https:\/\/transcribe.newberry.org\/files\/thumbnails\/b4ded609d1fe4aa096df9dfa5be1537b.jpg","square_thumbnail":"https:\/\/transcribe.newberry.org\/files\/square_thumbnails\/b4ded609d1fe4aa096df9dfa5be1537b.jpg"},"added":"2018-03-28T14:59:43+00:00","modified":"2020-05-12T18:06:41+00:00","filename":"b4ded609d1fe4aa096df9dfa5be1537b.jpg","authentication":"9e3bfdc398b2e35db6cf47b2fea62468","has_derivative_image":true,"mime_type":"image\/jpeg","order":null,"original_filename":"Ayer_MS_578_00002_o2.jpg","size":1277224,"stored":true,"type_os":"JPEG image data, JFIF standard 1.01","metadata":{"mime_type":"image\/jpeg","video":{"dataformat":"jpg","lossless":false,"bits_per_sample":24,"pixel_aspect_ratio":1,"resolution_x":2232,"resolution_y":3600,"compression_ratio":0.052984534713925002247236761832027696073055267333984375},"comments":{"IPTCEnvelope":{"CodedCharacterSet":["\u001b%G"]},"IPTCApplication":{"ApplicationRecordVersion":["\u0004"],"DateCreated":["20120502"],"TimeCreated":["123545+0000"],"DigitalCreationDate":["20120502"],"By-line":["Luna Imaging"]}},"comments_html":{"IPTCEnvelope":{"CodedCharacterSet":["\u001b%G"]},"IPTCApplication":{"ApplicationRecordVersion":["\u0004"],"DateCreated":["20120502"],"TimeCreated":["123545+0000"],"DigitalCreationDate":["20120502"],"By-line":["Luna Imaging"]}},"iptc":{"comments":{"IPTCEnvelope":{"CodedCharacterSet":["\u001b%G"]},"IPTCApplication":{"ApplicationRecordVersion":["\u0000\u0004"],"DateCreated":["20120502"],"TimeCreated":["123545+0000"],"DigitalCreationDate":["20120502"],"By-line":["Luna Imaging"]}},"encoding":"ISO-8859-1"},"jpg":{"exif":{"FILE":{"FileName":"b4ded609d1fe4aa096df9dfa5be1537b.jpg","FileDateTime":1522249182,"FileSize":1277224,"FileType":2,"MimeType":"image\/jpeg","SectionsFound":"ANY_TAG, IFD0, EXIF"},"COMPUTED":{"html":"width=\"2232\" height=\"3600\"","Height":3600,"Width":2232,"IsColor":1,"ByteOrderMotorola":0,"CCDWidth":"17mm","ApertureFNumber":"f\/7.1"},"IFD0":{"Make":"Canon","Model":"Canon EOS-1Ds Mark III","Software":"Adobe Photoshop CS5 Macintosh","DateTime":"2012:05:10 13:40:48","Artist":"Luna Imaging","Exif_IFD_Pointer":180},"EXIF":{"ExposureTime":0.0166666666666669995022775907500545145012438297271728515625,"FNumber":7.0999999999999996447286321199499070644378662109375,"ExposureProgram":1,"ISOSpeedRatings":200,"ExifVersion":230,"DateTimeOriginal":"2012:05:02 12:35:45","DateTimeDigitized":"2012:05:02 12:35:45","ShutterSpeedValue":5.9068909999999998916564436512999236583709716796875,"ApertureValue":5.655637999999999721012500231154263019561767578125,"ExposureBiasValue":0,"MaxApertureValue":2.625,"MeteringMode":5,"Flash":0,"FocalLength":50,"SubSecTimeOriginal":65,"SubSecTimeDigitized":65,"ColorSpace":65535,"ExifImageWidth":2741,"ExifImageLength":4419,"FocalPlaneXResolution":3957.71670190270015154965221881866455078125,"FocalPlaneYResolution":3961.90476190480012519401498138904571533203125,"FocalPlaneResolutionUnit":2,"CustomRendered":0,"ExposureMode":1,"WhiteBalance":1,"SceneCaptureType":0,"UndefinedTag:0xA430":"Luna Imaging","UndefinedTag:0xA431":620549,"UndefinedTag:0xA432":["50\/1","50\/1","0\/0","0\/0"],"UndefinedTag:0xA434":"EF50mm f\/2.5 Compact Macro"}}}},"item":{"id":1024,"url":"https:\/\/transcribe.newberry.org\/api\/items\/1024","resource":"items"},"element_texts":[{"html":false,"text":"Completed","element_set":{"id":4,"url":"https:\/\/transcribe.newberry.org\/api\/element_sets\/4","name":"Scripto","resource":"element_sets"},"element":{"id":53,"url":"https:\/\/transcribe.newberry.org\/api\/elements\/53","name":"Status","resource":"elements"}},{"html":false,"text":"Council, hereby declare the said Indians of the Cape Sable &\nSt John's Tribes, with their Confederates & Assistants, to be Rebels,\nTraitors & Enemies to His Majesty's Crown & Dignity; & Order \nthem to be henceforth proceeded against as such; Hereby Willing\n& Requiring all his Majesty's Subjects as they shall\nhave Opportunity, to Exercise & Execute all acts of Hostility\nagainst them; and forbidding all his Majesty's Subjects to \nhold any Correspondence with the said Indians, or to give\nany Aid, Succour or Releif unto them of Penalty in that\nbase made & provided.\n\n    And to the Intent that none of Our Friend Indians~\n\nparticularly the Indians of the Penobscot, Norridgewalk &\nPigwacket Tribes with the Passsamaquoddy Indians, & all \nother of the Eastern Tribes who inhabit to the Westward \nof St John's may be exposed, & none of the said Rebel~\nIndians may Escape on Pretence of their being of any\nof the said Tribes last mentioned;\n\n    I do hereby strictly forbid the said Friend Indians \n\nor any of them, as they tender their own Safety, to move\ninto the Districts of the said St John's & Cape Sable or \nNova Scotia Indians, as also to hold Correspondence with,\nharbour, conceal, or succour any of them, upon Peril of their\nbeing treated as Rebels & Enemies; & do also require the said\nFriend Indians, agreable to their solemn Treaty with this\nGovernment to join with us in this War with the Cape Sable \n& St John's Indians & to pursue them as Enemies & Rebels.\n\n    And I do hereby require & command all his \n\nMajesty's Military Commission Officers to put this Order\nand Declaration in Execution by Exercising all Acts of \nHostility against the said Cape Sable and St John's ~\nIndians, & prosecuting the said War with the utmost\nVigour.\n\n    Given at the Council Chamber in Boston\n\nthe","element_set":{"id":4,"url":"https:\/\/transcribe.newberry.org\/api\/element_sets\/4","name":"Scripto","resource":"element_sets"},"element":{"id":52,"url":"https:\/\/transcribe.newberry.org\/api\/elements\/52","name":"Transcription","resource":"elements"}}],"extended_resources":[]},{"id":68287,"url":"https:\/\/transcribe.newberry.org\/api\/files\/68287","file_urls":{"original":"https:\/\/transcribe.newberry.org\/files\/original\/288cc365165e12ad9d6129b09781df8c.jpg","fullsize":"https:\/\/transcribe.newberry.org\/files\/fullsize\/288cc365165e12ad9d6129b09781df8c.jpg","thumbnail":"https:\/\/transcribe.newberry.org\/files\/thumbnails\/288cc365165e12ad9d6129b09781df8c.jpg","square_thumbnail":"https:\/\/transcribe.newberry.org\/files\/square_thumbnails\/288cc365165e12ad9d6129b09781df8c.jpg"},"added":"2018-03-28T14:59:44+00:00","modified":"2019-11-08T17:38:15+00:00","filename":"288cc365165e12ad9d6129b09781df8c.jpg","authentication":"4592ec673a84b797d91f165684016800","has_derivative_image":true,"mime_type":"image\/jpeg","order":null,"original_filename":"Ayer_MS_578_00003_o2.jpg","size":935141,"stored":true,"type_os":"JPEG image data, JFIF standard 1.01","metadata":{"mime_type":"image\/jpeg","video":{"dataformat":"jpg","lossless":false,"bits_per_sample":24,"pixel_aspect_ratio":1,"resolution_x":2194,"resolution_y":3600,"compression_ratio":0.039465419156622001672918287340507959015667438507080078125},"comments":{"IPTCEnvelope":{"CodedCharacterSet":["\u001b%G"]},"IPTCApplication":{"ApplicationRecordVersion":["\u0004"],"DateCreated":["20120502"],"TimeCreated":["123600+0000"],"DigitalCreationDate":["20120502"],"By-line":["Luna Imaging"]}},"comments_html":{"IPTCEnvelope":{"CodedCharacterSet":["\u001b%G"]},"IPTCApplication":{"ApplicationRecordVersion":["\u0004"],"DateCreated":["20120502"],"TimeCreated":["123600+0000"],"DigitalCreationDate":["20120502"],"By-line":["Luna Imaging"]}},"iptc":{"comments":{"IPTCEnvelope":{"CodedCharacterSet":["\u001b%G"]},"IPTCApplication":{"ApplicationRecordVersion":["\u0000\u0004"],"DateCreated":["20120502"],"TimeCreated":["123600+0000"],"DigitalCreationDate":["20120502"],"By-line":["Luna Imaging"]}},"encoding":"ISO-8859-1"},"jpg":{"exif":{"FILE":{"FileName":"288cc365165e12ad9d6129b09781df8c.jpg","FileDateTime":1522249182,"FileSize":935141,"FileType":2,"MimeType":"image\/jpeg","SectionsFound":"ANY_TAG, IFD0, EXIF"},"COMPUTED":{"html":"width=\"2194\" height=\"3600\"","Height":3600,"Width":2194,"IsColor":1,"ByteOrderMotorola":0,"CCDWidth":"14mm","ApertureFNumber":"f\/7.1"},"IFD0":{"Make":"Canon","Model":"Canon EOS-1Ds Mark III","Software":"Adobe Photoshop CS5 Macintosh","DateTime":"2012:05:10 13:40:48","Artist":"Luna Imaging","Exif_IFD_Pointer":180},"EXIF":{"ExposureTime":0.0166666666666669995022775907500545145012438297271728515625,"FNumber":7.0999999999999996447286321199499070644378662109375,"ExposureProgram":1,"ISOSpeedRatings":200,"ExifVersion":230,"DateTimeOriginal":"2012:05:02 12:36:00","DateTimeDigitized":"2012:05:02 12:36:00","ShutterSpeedValue":5.9068909999999998916564436512999236583709716796875,"ApertureValue":5.655637999999999721012500231154263019561767578125,"ExposureBiasValue":0,"MaxApertureValue":2.625,"MeteringMode":5,"Flash":0,"FocalLength":50,"SubSecTimeOriginal":92,"SubSecTimeDigitized":92,"ColorSpace":65535,"ExifImageWidth":2184,"ExifImageLength":3582,"FocalPlaneXResolution":3957.71670190270015154965221881866455078125,"FocalPlaneYResolution":3961.90476190480012519401498138904571533203125,"FocalPlaneResolutionUnit":2,"CustomRendered":0,"ExposureMode":1,"WhiteBalance":1,"SceneCaptureType":0,"UndefinedTag:0xA430":"Luna Imaging","UndefinedTag:0xA431":620549,"UndefinedTag:0xA432":["50\/1","50\/1","0\/0","0\/0"],"UndefinedTag:0xA434":"EF50mm f\/2.5 Compact Macro"}}}},"item":{"id":1024,"url":"https:\/\/transcribe.newberry.org\/api\/items\/1024","resource":"items"},"element_texts":[{"html":false,"text":"Completed","element_set":{"id":4,"url":"https:\/\/transcribe.newberry.org\/api\/element_sets\/4","name":"Scripto","resource":"element_sets"},"element":{"id":53,"url":"https:\/\/transcribe.newberry.org\/api\/elements\/53","name":"Status","resource":"elements"}},{"html":false,"text":"the Nineteenth Day of October 1744, in the Eighteenth Year\n of the Reign of Our Sovereign Lord George the Second by\n the Grace of God of Great Britian, France & Ireland, King,\n Defender of the Faith Xc?.~\n\nBy His Excellency's Command with \n\n the Advice of the Council\n       J Willard Seuy?      W Shirley\n\nGod Save the King\n[partially erased W]","element_set":{"id":4,"url":"https:\/\/transcribe.newberry.org\/api\/element_sets\/4","name":"Scripto","resource":"element_sets"},"element":{"id":52,"url":"https:\/\/transcribe.newberry.org\/api\/elements\/52","name":"Transcription","resource":"elements"}}],"extended_resources":[]}]